{
    "type": "FeatureCollection",
    "features": [
        {
            "id": "('way', 38140446)",
            "type": "Feature",
            "properties": {
                "name": "Steinweg",
                "highway": "track",
                "nodes": [
                    1678479319,
                    448886562,
                    1678515542,
                    7204134476,
                    448886564,
                    448886568,
                    1717641963
                ],
                "bicycle": "yes",
                "smoothness": "intermediate",
                "surface": "compacted",
                "tracktype": "grade2",
                "maxspeed": null,
                "sidewalk": null,
                "lanes": null,
                "lit": null,
                "motor_vehicle": null,
                "ref": null,
                "source:maxspeed": null,
                "lanes:backward": null,
                "traffic_calming": null
            },
            "geometry": {
                "type": "LineString",
                "coordinates": [
                    [
                        11.3261131,
                        51.8836783
                    ],
                    [
                        11.3255422,
                        51.8824381
                    ],
                    [
                        11.3250871,
                        51.8815601
                    ],
                    [
                        11.3246323,
                        51.8806439
                    ],
                    [
                        11.3244504,
                        51.8802426
                    ],
                    [
                        11.3243003,
                        51.8796394
                    ],
                    [
                        11.3244722,
                        51.878909
                    ]
                ]
            },
            "bbox": [
                11.3243003,
                51.878909,
                11.3261131,
                51.8836783
            ]
        },
        {
            "id": "('way', 54234166)",
            "type": "Feature",
            "properties": {
                "name": "Heteborner Hakelstra\u00dfe",
                "highway": "residential",
                "nodes": [
                    683872135,
                    9232344565,
                    9232344566,
                    845189628,
                    9232344581,
                    10723628723,
                    9232344583,
                    9232344585,
                    9232344587,
                    9232344589,
                    845189629,
                    9232344591,
                    845189956,
                    845189957,
                    9232354820,
                    845189959,
                    845189963,
                    9232344539,
                    845189964,
                    845189967
                ],
                "bicycle": null,
                "smoothness": null,
                "surface": "sett",
                "tracktype": null,
                "maxspeed": "30",
                "sidewalk": "right",
                "lanes": null,
                "lit": null,
                "motor_vehicle": null,
                "ref": null,
                "source:maxspeed": null,
                "lanes:backward": null,
                "traffic_calming": null
            },
            "geometry": {
                "type": "LineString",
                "coordinates": [
                    [
                        11.3043316,
                        51.8905702
                    ],
                    [
                        11.303865,
                        51.8906797
                    ],
                    [
                        11.3018854,
                        51.8910577
                    ],
                    [
                        11.2987284,
                        51.8916448
                    ],
                    [
                        11.29824,
                        51.8917516
                    ],
                    [
                        11.2979616,
                        51.891812
                    ],
                    [
                        11.2977246,
                        51.8918635
                    ],
                    [
                        11.2971773,
                        51.8919834
                    ],
                    [
                        11.2967173,
                        51.8920842
                    ],
                    [
                        11.2961417,
                        51.8922103
                    ],
                    [
                        11.2959612,
                        51.8922498
                    ],
                    [
                        11.2956208,
                        51.8923253
                    ],
                    [
                        11.294148,
                        51.892652
                    ],
                    [
                        11.2940303,
                        51.8927531
                    ],
                    [
                        11.2938242,
                        51.8928162
                    ],
                    [
                        11.2933078,
                        51.8929743
                    ],
                    [
                        11.2930534,
                        51.8930967
                    ],
                    [
                        11.2929802,
                        51.8932159
                    ],
                    [
                        11.2929646,
                        51.8933046
                    ],
                    [
                        11.2929394,
                        51.893372
                    ]
                ]
            },
            "bbox": [
                11.2929394,
                51.8905702,
                11.3043316,
                51.893372
            ]
        },
        {
            "id": "('way', 54234499)",
            "type": "Feature",
            "properties": {
                "name": null,
                "highway": "track",
                "nodes": [
                    683875044,
                    7195458733,
                    1688303374,
                    6391664742,
                    1688303437,
                    1688303556,
                    1688303501
                ],
                "bicycle": null,
                "smoothness": null,
                "surface": "ground",
                "tracktype": "grade4",
                "maxspeed": null,
                "sidewalk": null,
                "lanes": null,
                "lit": null,
                "motor_vehicle": null,
                "ref": null,
                "source:maxspeed": null,
                "lanes:backward": null,
                "traffic_calming": null
            },
            "geometry": {
                "type": "LineString",
                "coordinates": [
                    [
                        11.3194183,
                        51.8889858
                    ],
                    [
                        11.3203424,
                        51.8886999
                    ],
                    [
                        11.3205312,
                        51.8886424
                    ],
                    [
                        11.3231461,
                        51.8876716
                    ],
                    [
                        11.3233851,
                        51.8875829
                    ],
                    [
                        11.3252734,
                        51.8869604
                    ],
                    [
                        11.3277847,
                        51.886058
                    ]
                ]
            },
            "bbox": [
                11.3194183,
                51.886058,
                11.3277847,
                51.8889858
            ]
        },
        {
            "id": "('way', 54234501)",
            "type": "Feature",
            "properties": {
                "name": "Kalkweg (Zur Domburg)",
                "highway": "track",
                "nodes": [
                    845189628,
                    9232344564,
                    845212312,
                    9232344553,
                    845193937,
                    683875031,
                    4774981500,
                    1678515711,
                    1061793156,
                    1061793050,
                    1061792905,
                    1061793390,
                    1061793591,
                    1061793337,
                    1061792957,
                    1061793134,
                    1061792968,
                    1061792969,
                    1061793432,
                    1061793191,
                    1061793037,
                    1061792902,
                    1061793496,
                    1061793476,
                    1061793030,
                    1061793041,
                    8491726947,
                    1061793444,
                    1061793256,
                    8491726933,
                    8491726946,
                    1061792855,
                    8491726945,
                    8491726944,
                    8491726975,
                    8491726943,
                    1061793447,
                    7197002088,
                    1061793250,
                    2016664494,
                    2016664492,
                    448886613,
                    1061793015,
                    11745900466,
                    2016664490,
                    1061793174,
                    2016664479,
                    1061793358
                ],
                "bicycle": null,
                "smoothness": "intermediate",
                "surface": "compacted",
                "tracktype": "grade2",
                "maxspeed": null,
                "sidewalk": null,
                "lanes": null,
                "lit": null,
                "motor_vehicle": null,
                "ref": null,
                "source:maxspeed": null,
                "lanes:backward": null,
                "traffic_calming": null
            },
            "geometry": {
                "type": "LineString",
                "coordinates": [
                    [
                        11.2987284,
                        51.8916448
                    ],
                    [
                        11.2987463,
                        51.8916128
                    ],
                    [
                        11.2988953,
                        51.8913461
                    ],
                    [
                        11.2996665,
                        51.8901064
                    ],
                    [
                        11.300136,
                        51.8893517
                    ],
                    [
                        11.3004187,
                        51.8888673
                    ],
                    [
                        11.300475,
                        51.8888039
                    ],
                    [
                        11.3016481,
                        51.8874834
                    ],
                    [
                        11.3023349,
                        51.8867102
                    ],
                    [
                        11.3025602,
                        51.8863394
                    ],
                    [
                        11.3026461,
                        51.8861341
                    ],
                    [
                        11.3026031,
                        51.8859222
                    ],
                    [
                        11.3024959,
                        51.8857037
                    ],
                    [
                        11.3025066,
                        51.8855977
                    ],
                    [
                        11.3028177,
                        51.8831938
                    ],
                    [
                        11.3029035,
                        51.8827501
                    ],
                    [
                        11.3030216,
                        51.8824918
                    ],
                    [
                        11.3032576,
                        51.8820481
                    ],
                    [
                        11.3035795,
                        51.881452
                    ],
                    [
                        11.3039013,
                        51.8810282
                    ],
                    [
                        11.3042339,
                        51.8805844
                    ],
                    [
                        11.3043841,
                        51.8803526
                    ],
                    [
                        11.304706,
                        51.8796704
                    ],
                    [
                        11.3056287,
                        51.8773987
                    ],
                    [
                        11.305736,
                        51.8772794
                    ],
                    [
                        11.305972,
                        51.8771139
                    ],
                    [
                        11.307515,
                        51.8762235
                    ],
                    [
                        11.3098981,
                        51.8749737
                    ],
                    [
                        11.3102635,
                        51.8748486
                    ],
                    [
                        11.3105707,
                        51.874755
                    ],
                    [
                        11.311076,
                        51.874607
                    ],
                    [
                        11.311542,
                        51.874445
                    ],
                    [
                        11.3120374,
                        51.87429
                    ],
                    [
                        11.3129074,
                        51.8740579
                    ],
                    [
                        11.3131684,
                        51.8739621
                    ],
                    [
                        11.3134344,
                        51.8738645
                    ],
                    [
                        11.3138862,
                        51.8736689
                    ],
                    [
                        11.3144822,
                        51.8734739
                    ],
                    [
                        11.31503,
                        51.8733139
                    ],
                    [
                        11.31568,
                        51.8731183
                    ],
                    [
                        11.3164141,
                        51.8729986
                    ],
                    [
                        11.3167263,
                        51.8730001
                    ],
                    [
                        11.3173341,
                        51.8729536
                    ],
                    [
                        11.3176788,
                        51.8728944
                    ],
                    [
                        11.3188049,
                        51.8726228
                    ],
                    [
                        11.3196341,
                        51.872427
                    ],
                    [
                        11.320999,
                        51.8721331
                    ],
                    [
                        11.3224706,
                        51.8719049
                    ]
                ]
            },
            "bbox": [
                11.2987284,
                51.8719049,
                11.3224706,
                51.8916448
            ]
        },
        {
            "id": "('way', 70909017)",
            "type": "Feature",
            "properties": {
                "name": "Lindgrund",
                "highway": "residential",
                "nodes": [
                    1058826922,
                    1058826927,
                    1058827079,
                    1058827264,
                    1058827070,
                    845183750,
                    845183752,
                    845183753,
                    845183755,
                    845183757,
                    845183759,
                    9236038096,
                    845183760,
                    9236038094,
                    9236038092,
                    845183761,
                    9236038090,
                    9236038060,
                    9236038088,
                    845183762,
                    9236038086,
                    9236038083,
                    845183763,
                    9236038081,
                    9236038079,
                    845183764,
                    9236038074,
                    845183765,
                    10893426996,
                    10893426995,
                    845198083
                ],
                "bicycle": null,
                "smoothness": null,
                "surface": null,
                "tracktype": null,
                "maxspeed": null,
                "sidewalk": null,
                "lanes": null,
                "lit": null,
                "motor_vehicle": null,
                "ref": null,
                "source:maxspeed": null,
                "lanes:backward": null,
                "traffic_calming": null
            },
            "geometry": {
                "type": "LineString",
                "coordinates": [
                    [
                        11.2740008,
                        51.8922285
                    ],
                    [
                        11.274086,
                        51.892034
                    ],
                    [
                        11.2744079,
                        51.8920274
                    ],
                    [
                        11.274808,
                        51.8920602
                    ],
                    [
                        11.2753033,
                        51.8921221
                    ],
                    [
                        11.2758519,
                        51.8922677
                    ],
                    [
                        11.2764098,
                        51.8924049
                    ],
                    [
                        11.2769892,
                        51.8924711
                    ],
                    [
                        11.2776436,
                        51.8924115
                    ],
                    [
                        11.2789204,
                        51.8922129
                    ],
                    [
                        11.2809052,
                        51.8920454
                    ],
                    [
                        11.2812593,
                        51.892021
                    ],
                    [
                        11.281485,
                        51.8920054
                    ],
                    [
                        11.2820029,
                        51.8918313
                    ],
                    [
                        11.2822216,
                        51.8917578
                    ],
                    [
                        11.2824251,
                        51.8916899
                    ],
                    [
                        11.2826108,
                        51.8916442
                    ],
                    [
                        11.2828845,
                        51.891579
                    ],
                    [
                        11.2829488,
                        51.8915676
                    ],
                    [
                        11.2832962,
                        51.8915063
                    ],
                    [
                        11.2833342,
                        51.8915031
                    ],
                    [
                        11.2837848,
                        51.8914642
                    ],
                    [
                        11.2838556,
                        51.8914581
                    ],
                    [
                        11.2839559,
                        51.891469
                    ],
                    [
                        11.2843479,
                        51.8915117
                    ],
                    [
                        11.2844028,
                        51.8915177
                    ],
                    [
                        11.2850583,
                        51.8916514
                    ],
                    [
                        11.2853456,
                        51.89171
                    ],
                    [
                        11.2866924,
                        51.8919883
                    ],
                    [
                        11.2867885,
                        51.8919948
                    ],
                    [
                        11.2868463,
                        51.8919837
                    ]
                ]
            },
            "bbox": [
                11.2740008,
                51.8914581,
                11.2868463,
                51.8924711
            ]
        },
        {
            "id": "('way', 70909497)",
            "type": "Feature",
            "properties": {
                "name": "Parkstra\u00dfe",
                "highway": "residential",
                "nodes": [
                    845190636,
                    10893436013,
                    845190653,
                    845191838,
                    9232344529,
                    845190655,
                    845190659,
                    845190660,
                    6292139269,
                    845190668,
                    845190670,
                    845190672,
                    845190673,
                    845190675
                ],
                "bicycle": null,
                "smoothness": "bad",
                "surface": "cobblestone",
                "tracktype": null,
                "maxspeed": "30",
                "sidewalk": "left",
                "lanes": "2",
                "lit": "yes",
                "motor_vehicle": null,
                "ref": null,
                "source:maxspeed": null,
                "lanes:backward": null,
                "traffic_calming": null
            },
            "geometry": {
                "type": "LineString",
                "coordinates": [
                    [
                        11.2911082,
                        51.8949603
                    ],
                    [
                        11.2911739,
                        51.8949196
                    ],
                    [
                        11.2913157,
                        51.8948319
                    ],
                    [
                        11.2908996,
                        51.8942029
                    ],
                    [
                        11.2907388,
                        51.8939476
                    ],
                    [
                        11.2905826,
                        51.8936894
                    ],
                    [
                        11.2905523,
                        51.8935963
                    ],
                    [
                        11.2901661,
                        51.8931163
                    ],
                    [
                        11.2901393,
                        51.8930832
                    ],
                    [
                        11.2901124,
                        51.892873
                    ],
                    [
                        11.2901749,
                        51.8927227
                    ],
                    [
                        11.29029,
                        51.8925875
                    ],
                    [
                        11.2904716,
                        51.8924238
                    ],
                    [
                        11.290636,
                        51.8922755
                    ]
                ]
            },
            "bbox": [
                11.2901124,
                51.8922755,
                11.2913157,
                51.8949603
            ]
        },
        {
            "id": "('way', 70909517)",
            "type": "Feature",
            "properties": {
                "name": "Anger",
                "highway": "residential",
                "nodes": [
                    845190675,
                    845190676,
                    845190677,
                    845190678,
                    845190679,
                    6704810374,
                    845190680,
                    845190682,
                    845190684
                ],
                "bicycle": null,
                "smoothness": null,
                "surface": null,
                "tracktype": null,
                "maxspeed": "30",
                "sidewalk": null,
                "lanes": null,
                "lit": null,
                "motor_vehicle": null,
                "ref": null,
                "source:maxspeed": null,
                "lanes:backward": null,
                "traffic_calming": null
            },
            "geometry": {
                "type": "LineString",
                "coordinates": [
                    [
                        11.290636,
                        51.8922755
                    ],
                    [
                        11.2909211,
                        51.8921482
                    ],
                    [
                        11.2911464,
                        51.8921082
                    ],
                    [
                        11.2913503,
                        51.8920999
                    ],
                    [
                        11.2915482,
                        51.8920937
                    ],
                    [
                        11.291587,
                        51.8920955
                    ],
                    [
                        11.2924173,
                        51.8921334
                    ],
                    [
                        11.2932112,
                        51.8921466
                    ],
                    [
                        11.2942197,
                        51.8921202
                    ]
                ]
            },
            "bbox": [
                11.290636,
                51.8920937,
                11.2942197,
                51.8922755
            ]
        },
        {
            "id": "('way', 70909551)",
            "type": "Feature",
            "properties": {
                "name": "Lindenstra\u00dfe",
                "highway": "residential",
                "nodes": [
                    845193413,
                    845193414,
                    845193415,
                    845198892,
                    845197359,
                    9232344563,
                    845190684,
                    6570484189,
                    845189956
                ],
                "bicycle": null,
                "smoothness": null,
                "surface": null,
                "tracktype": null,
                "maxspeed": "30",
                "sidewalk": null,
                "lanes": null,
                "lit": null,
                "motor_vehicle": null,
                "ref": null,
                "source:maxspeed": null,
                "lanes:backward": null,
                "traffic_calming": null
            },
            "geometry": {
                "type": "LineString",
                "coordinates": [
                    [
                        11.2948723,
                        51.8894862
                    ],
                    [
                        11.294707,
                        51.8898982
                    ],
                    [
                        11.2945645,
                        51.8900868
                    ],
                    [
                        11.2944589,
                        51.8907292
                    ],
                    [
                        11.2943181,
                        51.8914991
                    ],
                    [
                        11.2942283,
                        51.8920657
                    ],
                    [
                        11.2942197,
                        51.8921202
                    ],
                    [
                        11.2941637,
                        51.8925646
                    ],
                    [
                        11.294148,
                        51.892652
                    ]
                ]
            },
            "bbox": [
                11.294148,
                51.8894862,
                11.2948723,
                51.892652
            ]
        },
        {
            "id": "('way', 70909733)",
            "type": "Feature",
            "properties": {
                "name": "Dorfstra\u00dfe",
                "highway": "residential",
                "nodes": [
                    3874432861,
                    845197408,
                    845197410,
                    845197411,
                    845197412,
                    845197413,
                    845197420,
                    845197422,
                    9232386886,
                    845197425,
                    845197428,
                    9232344551,
                    9232344552,
                    845197431,
                    8565782248,
                    845197444,
                    845197359
                ],
                "bicycle": null,
                "smoothness": null,
                "surface": "cobblestone",
                "tracktype": null,
                "maxspeed": "30",
                "sidewalk": "both",
                "lanes": null,
                "lit": "yes",
                "motor_vehicle": null,
                "ref": null,
                "source:maxspeed": null,
                "lanes:backward": null,
                "traffic_calming": null
            },
            "geometry": {
                "type": "LineString",
                "coordinates": [
                    [
                        11.2874254,
                        51.8922303
                    ],
                    [
                        11.2882867,
                        51.8921996
                    ],
                    [
                        11.2886622,
                        51.8922062
                    ],
                    [
                        11.2889411,
                        51.892246
                    ],
                    [
                        11.2891986,
                        51.8922923
                    ],
                    [
                        11.2894308,
                        51.8923325
                    ],
                    [
                        11.2896885,
                        51.8923152
                    ],
                    [
                        11.2900033,
                        51.892246
                    ],
                    [
                        11.2901898,
                        51.8922074
                    ],
                    [
                        11.2905169,
                        51.8921332
                    ],
                    [
                        11.2906659,
                        51.8920675
                    ],
                    [
                        11.2907054,
                        51.8920095
                    ],
                    [
                        11.290897,
                        51.8919282
                    ],
                    [
                        11.2910768,
                        51.8918852
                    ],
                    [
                        11.2929441,
                        51.89158
                    ],
                    [
                        11.2936219,
                        51.8914963
                    ],
                    [
                        11.2943181,
                        51.8914991
                    ]
                ]
            },
            "bbox": [
                11.2874254,
                51.8914963,
                11.2943181,
                51.8923325
            ]
        },
        {
            "id": "('way', 70909832)",
            "type": "Feature",
            "properties": {
                "name": null,
                "highway": "residential",
                "nodes": [
                    845198103,
                    11273851393,
                    11273851395,
                    11273851394,
                    845198318,
                    11273851396,
                    10893426989,
                    10893426991,
                    10893426990,
                    845198312
                ],
                "bicycle": null,
                "smoothness": "bad",
                "surface": null,
                "tracktype": null,
                "maxspeed": null,
                "sidewalk": null,
                "lanes": null,
                "lit": null,
                "motor_vehicle": null,
                "ref": null,
                "source:maxspeed": null,
                "lanes:backward": null,
                "traffic_calming": null
            },
            "geometry": {
                "type": "LineString",
                "coordinates": [
                    [
                        11.2908008,
                        51.8907705
                    ],
                    [
                        11.2907039,
                        51.8903991
                    ],
                    [
                        11.2906651,
                        51.8903479
                    ],
                    [
                        11.2905753,
                        51.8903234
                    ],
                    [
                        11.2904736,
                        51.8903158
                    ],
                    [
                        11.288743,
                        51.8904975
                    ],
                    [
                        11.2863188,
                        51.8907141
                    ],
                    [
                        11.2861506,
                        51.8907359
                    ],
                    [
                        11.2860395,
                        51.890762
                    ],
                    [
                        11.2859517,
                        51.8907896
                    ]
                ]
            },
            "bbox": [
                11.2859517,
                51.8903158,
                11.2908008,
                51.8907896
            ]
        },
        {
            "id": "('way', 70909836)",
            "type": "Feature",
            "properties": {
                "name": "Anger",
                "highway": "residential",
                "nodes": [
                    845190675,
                    845197428
                ],
                "bicycle": null,
                "smoothness": null,
                "surface": null,
                "tracktype": null,
                "maxspeed": "30",
                "sidewalk": null,
                "lanes": "1",
                "lit": null,
                "motor_vehicle": null,
                "ref": null,
                "source:maxspeed": null,
                "lanes:backward": null,
                "traffic_calming": null
            },
            "geometry": {
                "type": "LineString",
                "coordinates": [
                    [
                        11.290636,
                        51.8922755
                    ],
                    [
                        11.2906659,
                        51.8920675
                    ]
                ]
            },
            "bbox": [
                11.290636,
                51.8920675,
                11.2906659,
                51.8922755
            ]
        },
        {
            "id": "('way', 70909838)",
            "type": "Feature",
            "properties": {
                "name": "Anger",
                "highway": "residential",
                "nodes": [
                    845197431,
                    845190677
                ],
                "bicycle": null,
                "smoothness": null,
                "surface": null,
                "tracktype": null,
                "maxspeed": "30",
                "sidewalk": null,
                "lanes": null,
                "lit": null,
                "motor_vehicle": null,
                "ref": null,
                "source:maxspeed": null,
                "lanes:backward": null,
                "traffic_calming": null
            },
            "geometry": {
                "type": "LineString",
                "coordinates": [
                    [
                        11.2910768,
                        51.8918852
                    ],
                    [
                        11.2911464,
                        51.8921082
                    ]
                ]
            },
            "bbox": [
                11.2910768,
                51.8918852,
                11.2911464,
                51.8921082
            ]
        },
        {
            "id": "('way', 70909839)",
            "type": "Feature",
            "properties": {
                "name": "Friedensstra\u00dfe",
                "highway": "residential",
                "nodes": [
                    845197428,
                    845200993,
                    845198451,
                    11273851400,
                    11273851399,
                    845198106,
                    11273851401,
                    11273851402,
                    845198103,
                    845198101,
                    845198793,
                    845198097
                ],
                "bicycle": null,
                "smoothness": null,
                "surface": null,
                "tracktype": null,
                "maxspeed": "30",
                "sidewalk": null,
                "lanes": null,
                "lit": null,
                "motor_vehicle": null,
                "ref": null,
                "source:maxspeed": null,
                "lanes:backward": null,
                "traffic_calming": null
            },
            "geometry": {
                "type": "LineString",
                "coordinates": [
                    [
                        11.2906659,
                        51.8920675
                    ],
                    [
                        11.2902466,
                        51.8914929
                    ],
                    [
                        11.2902114,
                        51.8914206
                    ],
                    [
                        11.2900866,
                        51.8911747
                    ],
                    [
                        11.2900584,
                        51.8910773
                    ],
                    [
                        11.2900634,
                        51.8909808
                    ],
                    [
                        11.2901302,
                        51.8909263
                    ],
                    [
                        11.2902915,
                        51.8908714
                    ],
                    [
                        11.2908008,
                        51.8907705
                    ],
                    [
                        11.2916944,
                        51.8906196
                    ],
                    [
                        11.2921979,
                        51.890541
                    ],
                    [
                        11.2925487,
                        51.8905078
                    ]
                ]
            },
            "bbox": [
                11.2900584,
                51.8905078,
                11.2925487,
                51.8920675
            ]
        },
        {
            "id": "('way', 70909840)",
            "type": "Feature",
            "properties": {
                "name": "Friedensstra\u00dfe",
                "highway": "residential",
                "nodes": [
                    845198798,
                    845193415,
                    845198799,
                    845198800,
                    845198802,
                    845198803,
                    845198805,
                    845198793
                ],
                "bicycle": null,
                "smoothness": null,
                "surface": null,
                "tracktype": null,
                "maxspeed": null,
                "sidewalk": null,
                "lanes": null,
                "lit": null,
                "motor_vehicle": null,
                "ref": null,
                "source:maxspeed": null,
                "lanes:backward": null,
                "traffic_calming": null
            },
            "geometry": {
                "type": "LineString",
                "coordinates": [
                    [
                        11.2949278,
                        51.8901205
                    ],
                    [
                        11.2945645,
                        51.8900868
                    ],
                    [
                        11.294042,
                        51.8901154
                    ],
                    [
                        11.2933362,
                        51.8901781
                    ],
                    [
                        11.2928893,
                        51.8902331
                    ],
                    [
                        11.2925997,
                        51.8903191
                    ],
                    [
                        11.2923636,
                        51.8904317
                    ],
                    [
                        11.2921979,
                        51.890541
                    ]
                ]
            },
            "bbox": [
                11.2921979,
                51.8900868,
                11.2949278,
                51.890541
            ]
        },
        {
            "id": "('way', 70909842)",
            "type": "Feature",
            "properties": {
                "name": "An der Bleiche",
                "highway": "residential",
                "nodes": [
                    845198892,
                    845198900,
                    845198901,
                    8565782247,
                    845198903,
                    6570484324,
                    845200550
                ],
                "bicycle": null,
                "smoothness": null,
                "surface": null,
                "tracktype": null,
                "maxspeed": "30",
                "sidewalk": null,
                "lanes": null,
                "lit": null,
                "motor_vehicle": null,
                "ref": null,
                "source:maxspeed": null,
                "lanes:backward": null,
                "traffic_calming": null
            },
            "geometry": {
                "type": "LineString",
                "coordinates": [
                    [
                        11.2944589,
                        51.8907292
                    ],
                    [
                        11.2942519,
                        51.8906767
                    ],
                    [
                        11.29393,
                        51.8906899
                    ],
                    [
                        11.2926709,
                        51.890977
                    ],
                    [
                        11.2926158,
                        51.8909896
                    ],
                    [
                        11.292178,
                        51.8910692
                    ],
                    [
                        11.2920418,
                        51.8910939
                    ]
                ]
            },
            "bbox": [
                11.2920418,
                51.8906767,
                11.2944589,
                51.8910939
            ]
        },
        {
            "id": "('way', 70909919)",
            "type": "Feature",
            "properties": {
                "name": null,
                "highway": "residential",
                "nodes": [
                    845201001,
                    845200993
                ],
                "bicycle": null,
                "smoothness": null,
                "surface": null,
                "tracktype": null,
                "maxspeed": "30",
                "sidewalk": null,
                "lanes": null,
                "lit": null,
                "motor_vehicle": null,
                "ref": null,
                "source:maxspeed": null,
                "lanes:backward": null,
                "traffic_calming": null
            },
            "geometry": {
                "type": "LineString",
                "coordinates": [
                    [
                        11.2898437,
                        51.8916335
                    ],
                    [
                        11.2902466,
                        51.8914929
                    ]
                ]
            },
            "bbox": [
                11.2898437,
                51.8914929,
                11.2902466,
                51.8916335
            ]
        },
        {
            "id": "('way', 89369683)",
            "type": "Feature",
            "properties": {
                "name": null,
                "highway": "track",
                "nodes": [
                    683872135,
                    1036584855,
                    1036584868,
                    1036584910,
                    1036584714,
                    11645806065,
                    1036584902,
                    1036584706,
                    1036584758,
                    1036584689,
                    1036584740,
                    1036584702,
                    1036584818,
                    1036584708,
                    1036584785,
                    1036584793,
                    1879242774,
                    10893436035,
                    10893436036,
                    1036584699
                ],
                "bicycle": null,
                "smoothness": null,
                "surface": null,
                "tracktype": "grade3",
                "maxspeed": null,
                "sidewalk": null,
                "lanes": null,
                "lit": null,
                "motor_vehicle": null,
                "ref": null,
                "source:maxspeed": null,
                "lanes:backward": null,
                "traffic_calming": null
            },
            "geometry": {
                "type": "LineString",
                "coordinates": [
                    [
                        11.3043316,
                        51.8905702
                    ],
                    [
                        11.3046528,
                        51.890544
                    ],
                    [
                        11.3047959,
                        51.8905506
                    ],
                    [
                        11.3050148,
                        51.8906402
                    ],
                    [
                        11.3051656,
                        51.8907368
                    ],
                    [
                        11.3053037,
                        51.8908774
                    ],
                    [
                        11.306466,
                        51.8926231
                    ],
                    [
                        11.3065947,
                        51.8928681
                    ],
                    [
                        11.3066698,
                        51.8930667
                    ],
                    [
                        11.3067771,
                        51.8934441
                    ],
                    [
                        11.3068308,
                        51.8937288
                    ],
                    [
                        11.3070294,
                        51.8940485
                    ],
                    [
                        11.3084846,
                        51.8959725
                    ],
                    [
                        11.2993635,
                        51.8993299
                    ],
                    [
                        11.2990524,
                        51.8994093
                    ],
                    [
                        11.2987841,
                        51.8994358
                    ],
                    [
                        11.2964069,
                        51.8995504
                    ],
                    [
                        11.295729,
                        51.8995619
                    ],
                    [
                        11.2954328,
                        51.8995631
                    ],
                    [
                        11.2952768,
                        51.8995773
                    ]
                ]
            },
            "bbox": [
                11.2952768,
                51.890544,
                11.3084846,
                51.8995773
            ]
        },
        {
            "id": "('way', 89370535)",
            "type": "Feature",
            "properties": {
                "name": null,
                "highway": "track",
                "nodes": [
                    1036593570,
                    1036593949,
                    1036593739
                ],
                "bicycle": null,
                "smoothness": "intermediate",
                "surface": "compacted",
                "tracktype": "grade2",
                "maxspeed": null,
                "sidewalk": null,
                "lanes": null,
                "lit": null,
                "motor_vehicle": null,
                "ref": null,
                "source:maxspeed": null,
                "lanes:backward": null,
                "traffic_calming": null
            },
            "geometry": {
                "type": "LineString",
                "coordinates": [
                    [
                        11.2955548,
                        51.8853043
                    ],
                    [
                        11.2872297,
                        51.8802799
                    ],
                    [
                        11.2802694,
                        51.8749723
                    ]
                ]
            },
            "bbox": [
                11.2802694,
                51.8749723,
                11.2955548,
                51.8853043
            ]
        },
        {
            "id": "('way', 91403181)",
            "type": "Feature",
            "properties": {
                "name": "Zur Domburg",
                "highway": "track",
                "nodes": [
                    1036593570,
                    1061793368,
                    1061793565,
                    1061793591
                ],
                "bicycle": null,
                "smoothness": null,
                "surface": null,
                "tracktype": null,
                "maxspeed": null,
                "sidewalk": null,
                "lanes": null,
                "lit": null,
                "motor_vehicle": null,
                "ref": null,
                "source:maxspeed": null,
                "lanes:backward": null,
                "traffic_calming": null
            },
            "geometry": {
                "type": "LineString",
                "coordinates": [
                    [
                        11.2955548,
                        51.8853043
                    ],
                    [
                        11.2957372,
                        51.8852401
                    ],
                    [
                        11.2966384,
                        51.8852798
                    ],
                    [
                        11.3024959,
                        51.8857037
                    ]
                ]
            },
            "bbox": [
                11.2955548,
                51.8852401,
                11.3024959,
                51.8857037
            ]
        },
        {
            "id": "('way', 114197475)",
            "type": "Feature",
            "properties": {
                "name": "Cochstedter Weg",
                "highway": "track",
                "nodes": [
                    1275489096,
                    3635073689,
                    3635073690,
                    1678515844,
                    1678515823,
                    1293864622,
                    1293864628,
                    6783489983,
                    1293864606,
                    1293864611,
                    1293864612,
                    1717630103,
                    7613114741,
                    1293864613,
                    8763510639,
                    8294691727,
                    1293864615,
                    7613114742,
                    9341897069,
                    1293864616,
                    7204105614,
                    1293864618,
                    1293864598,
                    9341897080,
                    1293864600,
                    9128879184,
                    9128879182,
                    1293864620,
                    1293864627,
                    1293864629,
                    1293864586,
                    1678479319
                ],
                "bicycle": null,
                "smoothness": "intermediate",
                "surface": "compacted",
                "tracktype": "grade2",
                "maxspeed": null,
                "sidewalk": null,
                "lanes": null,
                "lit": null,
                "motor_vehicle": "forestry",
                "ref": null,
                "source:maxspeed": null,
                "lanes:backward": null,
                "traffic_calming": null
            },
            "geometry": {
                "type": "LineString",
                "coordinates": [
                    [
                        11.3596623,
                        51.8820329
                    ],
                    [
                        11.3595466,
                        51.8820512
                    ],
                    [
                        11.3593319,
                        51.8820657
                    ],
                    [
                        11.3583508,
                        51.8820688
                    ],
                    [
                        11.3572183,
                        51.8821397
                    ],
                    [
                        11.356373,
                        51.8821561
                    ],
                    [
                        11.3549238,
                        51.8820916
                    ],
                    [
                        11.3532344,
                        51.8820963
                    ],
                    [
                        11.3526124,
                        51.8819221
                    ],
                    [
                        11.3518234,
                        51.8817015
                    ],
                    [
                        11.3497922,
                        51.8813126
                    ],
                    [
                        11.3473295,
                        51.880948
                    ],
                    [
                        11.3469766,
                        51.8808867
                    ],
                    [
                        11.3456172,
                        51.8806506
                    ],
                    [
                        11.3447405,
                        51.8805865
                    ],
                    [
                        11.3420837,
                        51.8803923
                    ],
                    [
                        11.3397631,
                        51.8802226
                    ],
                    [
                        11.3392452,
                        51.8802171
                    ],
                    [
                        11.3376894,
                        51.8802293
                    ],
                    [
                        11.3372286,
                        51.8802329
                    ],
                    [
                        11.3369659,
                        51.8802571
                    ],
                    [
                        11.3363904,
                        51.8803591
                    ],
                    [
                        11.3357364,
                        51.8805585
                    ],
                    [
                        11.334897,
                        51.8808871
                    ],
                    [
                        11.3342636,
                        51.8811351
                    ],
                    [
                        11.3335564,
                        51.8814194
                    ],
                    [
                        11.3327162,
                        51.8816832
                    ],
                    [
                        11.33192,
                        51.8818561
                    ],
                    [
                        11.3307741,
                        51.8819455
                    ],
                    [
                        11.330072,
                        51.8820565
                    ],
                    [
                        11.3272787,
                        51.8831376
                    ],
                    [
                        11.3261131,
                        51.8836783
                    ]
                ]
            },
            "bbox": [
                11.3261131,
                51.8802171,
                11.3596623,
                51.8836783
            ]
        },
        {
            "id": "('way', 155455193)",
            "type": "Feature",
            "properties": {
                "name": "Steinweg",
                "highway": "track",
                "nodes": [
                    448918641,
                    448918643,
                    448918645,
                    7195511772,
                    448918646,
                    1688303533,
                    7195458712,
                    6391664725,
                    448918651,
                    448918653,
                    6391664722,
                    448918655,
                    448918656,
                    448918657,
                    1688303314,
                    448886552,
                    6391664746,
                    1678479304,
                    1688303501,
                    1678479308,
                    1678479309,
                    1678479301,
                    1678479319
                ],
                "bicycle": "yes",
                "smoothness": "intermediate",
                "surface": "paved",
                "tracktype": "grade2",
                "maxspeed": null,
                "sidewalk": null,
                "lanes": null,
                "lit": null,
                "motor_vehicle": null,
                "ref": null,
                "source:maxspeed": null,
                "lanes:backward": null,
                "traffic_calming": null
            },
            "geometry": {
                "type": "LineString",
                "coordinates": [
                    [
                        11.3401977,
                        51.9005569
                    ],
                    [
                        11.3395681,
                        51.8998981
                    ],
                    [
                        11.3388074,
                        51.8989032
                    ],
                    [
                        11.3385105,
                        51.8985579
                    ],
                    [
                        11.3377765,
                        51.8977044
                    ],
                    [
                        11.336387,
                        51.8959677
                    ],
                    [
                        11.3352627,
                        51.8944188
                    ],
                    [
                        11.3346556,
                        51.8935823
                    ],
                    [
                        11.3343939,
                        51.8932217
                    ],
                    [
                        11.3333451,
                        51.8924026
                    ],
                    [
                        11.3320231,
                        51.8912283
                    ],
                    [
                        11.3317583,
                        51.89099
                    ],
                    [
                        11.3305985,
                        51.8897544
                    ],
                    [
                        11.3293996,
                        51.8888287
                    ],
                    [
                        11.3292565,
                        51.8886365
                    ],
                    [
                        11.328287,
                        51.8873348
                    ],
                    [
                        11.3282516,
                        51.8872547
                    ],
                    [
                        11.3280284,
                        51.8867507
                    ],
                    [
                        11.3277847,
                        51.886058
                    ],
                    [
                        11.3277281,
                        51.8859439
                    ],
                    [
                        11.3274635,
                        51.8854815
                    ],
                    [
                        11.3265908,
                        51.8843535
                    ],
                    [
                        11.3261131,
                        51.8836783
                    ]
                ]
            },
            "bbox": [
                11.3261131,
                51.8836783,
                11.3401977,
                51.9005569
            ]
        },
        {
            "id": "('way', 156599499)",
            "type": "Feature",
            "properties": {
                "name": null,
                "highway": "track",
                "nodes": [
                    448918657,
                    1688303456,
                    1688303530
                ],
                "bicycle": null,
                "smoothness": null,
                "surface": null,
                "tracktype": null,
                "maxspeed": null,
                "sidewalk": null,
                "lanes": null,
                "lit": null,
                "motor_vehicle": null,
                "ref": null,
                "source:maxspeed": null,
                "lanes:backward": null,
                "traffic_calming": null
            },
            "geometry": {
                "type": "LineString",
                "coordinates": [
                    [
                        11.3293996,
                        51.8888287
                    ],
                    [
                        11.329463,
                        51.8888013
                    ],
                    [
                        11.3299136,
                        51.8886093
                    ]
                ]
            },
            "bbox": [
                11.3293996,
                51.8886093,
                11.3299136,
                51.8888287
            ]
        },
        {
            "id": "('way', 156599503)",
            "type": "Feature",
            "properties": {
                "name": null,
                "highway": "track",
                "nodes": [
                    1688303314,
                    1688303530,
                    1688303466,
                    1688303342,
                    1688303323,
                    1688303465,
                    1688303438,
                    1688303519,
                    1688303532,
                    1688303535,
                    1688303339,
                    1688303507,
                    1688303553,
                    1688303497,
                    1688303373,
                    1688303528,
                    1688303552,
                    1688303340,
                    1688303549,
                    9128879195,
                    1688303505,
                    1688303317,
                    1688303321,
                    1688303461,
                    1688303524,
                    1688303493,
                    1688303377,
                    1688303319,
                    1688303343,
                    1688303459,
                    1688303463,
                    1688303536,
                    1688303499,
                    1688303523,
                    1688303376,
                    1688303411,
                    1688303417,
                    1688303436,
                    1688303472,
                    1688303348
                ],
                "bicycle": null,
                "smoothness": "horrible",
                "surface": "grass",
                "tracktype": "grade5",
                "maxspeed": null,
                "sidewalk": null,
                "lanes": null,
                "lit": null,
                "motor_vehicle": null,
                "ref": null,
                "source:maxspeed": null,
                "lanes:backward": null,
                "traffic_calming": null
            },
            "geometry": {
                "type": "LineString",
                "coordinates": [
                    [
                        11.3292565,
                        51.8886365
                    ],
                    [
                        11.3299136,
                        51.8886093
                    ],
                    [
                        11.3302355,
                        51.8886159
                    ],
                    [
                        11.3310616,
                        51.8886954
                    ],
                    [
                        11.3317589,
                        51.8887483
                    ],
                    [
                        11.332231,
                        51.8887815
                    ],
                    [
                        11.3326387,
                        51.8888146
                    ],
                    [
                        11.3330035,
                        51.8887947
                    ],
                    [
                        11.3332932,
                        51.8887483
                    ],
                    [
                        11.3335399,
                        51.8887815
                    ],
                    [
                        11.3339047,
                        51.8888212
                    ],
                    [
                        11.3341837,
                        51.8888344
                    ],
                    [
                        11.3345163,
                        51.8888742
                    ],
                    [
                        11.3348167,
                        51.8889271
                    ],
                    [
                        11.3350849,
                        51.8890198
                    ],
                    [
                        11.3353316,
                        51.8890927
                    ],
                    [
                        11.3354604,
                        51.8893112
                    ],
                    [
                        11.3355355,
                        51.8895098
                    ],
                    [
                        11.3356857,
                        51.8897482
                    ],
                    [
                        11.3358164,
                        51.8898749
                    ],
                    [
                        11.3358359,
                        51.8898939
                    ],
                    [
                        11.3358466,
                        51.8901124
                    ],
                    [
                        11.3359432,
                        51.8903243
                    ],
                    [
                        11.3360934,
                        51.8905097
                    ],
                    [
                        11.3363187,
                        51.8905892
                    ],
                    [
                        11.3365225,
                        51.8906885
                    ],
                    [
                        11.3367586,
                        51.890801
                    ],
                    [
                        11.3370053,
                        51.8909136
                    ],
                    [
                        11.3372414,
                        51.8909864
                    ],
                    [
                        11.3374452,
                        51.8910858
                    ],
                    [
                        11.3375847,
                        51.8912314
                    ],
                    [
                        11.3376383,
                        51.8913903
                    ],
                    [
                        11.3377886,
                        51.8915095
                    ],
                    [
                        11.3380031,
                        51.891728
                    ],
                    [
                        11.3380715,
                        51.8917941
                    ],
                    [
                        11.3381171,
                        51.8918869
                    ],
                    [
                        11.3381574,
                        51.8919465
                    ],
                    [
                        11.338152,
                        51.8920591
                    ],
                    [
                        11.3381734,
                        51.8921435
                    ],
                    [
                        11.3381962,
                        51.8922577
                    ]
                ]
            },
            "bbox": [
                11.3292565,
                51.8886093,
                11.3381962,
                51.8922577
            ]
        },
        {
            "id": "('way', 358602419)",
            "type": "Feature",
            "properties": {
                "name": null,
                "highway": "track",
                "nodes": [
                    845183762,
                    3635073701,
                    3635073700,
                    3635073699,
                    3635073698,
                    3635073697,
                    3635073696,
                    3635073695,
                    3635073694,
                    3635073693,
                    1293937251
                ],
                "bicycle": null,
                "smoothness": null,
                "surface": null,
                "tracktype": null,
                "maxspeed": null,
                "sidewalk": null,
                "lanes": null,
                "lit": null,
                "motor_vehicle": null,
                "ref": null,
                "source:maxspeed": null,
                "lanes:backward": null,
                "traffic_calming": null
            },
            "geometry": {
                "type": "LineString",
                "coordinates": [
                    [
                        11.2832962,
                        51.8915063
                    ],
                    [
                        11.2830881,
                        51.8908987
                    ],
                    [
                        11.2830396,
                        51.8907699
                    ],
                    [
                        11.2830362,
                        51.8906991
                    ],
                    [
                        11.283087,
                        51.890629
                    ],
                    [
                        11.2831561,
                        51.8905884
                    ],
                    [
                        11.2833555,
                        51.8905312
                    ],
                    [
                        11.2843504,
                        51.8902229
                    ],
                    [
                        11.2849223,
                        51.8900203
                    ],
                    [
                        11.2851754,
                        51.8899072
                    ],
                    [
                        11.2852767,
                        51.8898863
                    ]
                ]
            },
            "bbox": [
                11.2830362,
                51.8898863,
                11.2852767,
                51.8915063
            ]
        },
        {
            "id": "('way', 484748274)",
            "type": "Feature",
            "properties": {
                "name": null,
                "highway": "track",
                "nodes": [
                    4774981487,
                    11645805271,
                    11645805272,
                    11645805273,
                    11645805274,
                    11645805275,
                    11645805276,
                    683875028,
                    11645805277,
                    7195458732,
                    11645805278,
                    7195458725,
                    683875027,
                    7195458726,
                    11645805279,
                    11645805280,
                    7195458729,
                    7195458731,
                    7195458724,
                    7195458727,
                    11645805281,
                    7195458735,
                    11645805282
                ],
                "bicycle": null,
                "smoothness": null,
                "surface": "ground",
                "tracktype": null,
                "maxspeed": null,
                "sidewalk": null,
                "lanes": null,
                "lit": null,
                "motor_vehicle": null,
                "ref": null,
                "source:maxspeed": null,
                "lanes:backward": null,
                "traffic_calming": null
            },
            "geometry": {
                "type": "LineString",
                "coordinates": [
                    [
                        11.3139267,
                        51.8943281
                    ],
                    [
                        11.3133538,
                        51.8934893
                    ],
                    [
                        11.3130154,
                        51.8929435
                    ],
                    [
                        11.3127212,
                        51.8923371
                    ],
                    [
                        11.3126118,
                        51.8919971
                    ],
                    [
                        11.3126171,
                        51.8918464
                    ],
                    [
                        11.3125954,
                        51.8917912
                    ],
                    [
                        11.3124872,
                        51.8916444
                    ],
                    [
                        11.3122675,
                        51.8911958
                    ],
                    [
                        11.3122261,
                        51.8908995
                    ],
                    [
                        11.3122114,
                        51.8906964
                    ],
                    [
                        11.312275,
                        51.8903831
                    ],
                    [
                        11.3122308,
                        51.8902449
                    ],
                    [
                        11.3120758,
                        51.8901023
                    ],
                    [
                        11.3118545,
                        51.8899629
                    ],
                    [
                        11.3116721,
                        51.889823
                    ],
                    [
                        11.3115782,
                        51.8896964
                    ],
                    [
                        11.3112981,
                        51.889297
                    ],
                    [
                        11.3109854,
                        51.8887864
                    ],
                    [
                        11.310879,
                        51.8886458
                    ],
                    [
                        11.3107442,
                        51.8885643
                    ],
                    [
                        11.3105651,
                        51.8885142
                    ],
                    [
                        11.3097083,
                        51.8885082
                    ]
                ]
            },
            "bbox": [
                11.3097083,
                51.8885082,
                11.3139267,
                51.8943281
            ]
        },
        {
            "id": "('way', 484748275)",
            "type": "Feature",
            "properties": {
                "name": null,
                "highway": "track",
                "nodes": [
                    4774981487,
                    11645805270,
                    11645805269,
                    11645713968,
                    11645713967,
                    683875046,
                    8306521676,
                    683875047,
                    448918657
                ],
                "bicycle": null,
                "smoothness": null,
                "surface": null,
                "tracktype": null,
                "maxspeed": null,
                "sidewalk": null,
                "lanes": null,
                "lit": null,
                "motor_vehicle": null,
                "ref": null,
                "source:maxspeed": null,
                "lanes:backward": null,
                "traffic_calming": null
            },
            "geometry": {
                "type": "LineString",
                "coordinates": [
                    [
                        11.3139267,
                        51.8943281
                    ],
                    [
                        11.3147996,
                        51.8940209
                    ],
                    [
                        11.3169329,
                        51.8932498
                    ],
                    [
                        11.3186347,
                        51.892656
                    ],
                    [
                        11.3213423,
                        51.8917057
                    ],
                    [
                        11.3225041,
                        51.8913237
                    ],
                    [
                        11.3227902,
                        51.8912063
                    ],
                    [
                        11.3233889,
                        51.8909607
                    ],
                    [
                        11.3293996,
                        51.8888287
                    ]
                ]
            },
            "bbox": [
                11.3139267,
                51.8888287,
                11.3293996,
                51.8943281
            ]
        },
        {
            "id": "('way', 484748277)",
            "type": "Feature",
            "properties": {
                "name": "Zur Domburg",
                "highway": "track",
                "nodes": [
                    4877335034,
                    4774981496,
                    4877335033,
                    4774981495,
                    11645805283,
                    4774981494,
                    4774981493,
                    4774981492,
                    1678515677
                ],
                "bicycle": null,
                "smoothness": null,
                "surface": "ground",
                "tracktype": "grade5",
                "maxspeed": null,
                "sidewalk": null,
                "lanes": null,
                "lit": null,
                "motor_vehicle": null,
                "ref": null,
                "source:maxspeed": null,
                "lanes:backward": null,
                "traffic_calming": null
            },
            "geometry": {
                "type": "LineString",
                "coordinates": [
                    [
                        11.3015911,
                        51.8888397
                    ],
                    [
                        11.3018533,
                        51.8888244
                    ],
                    [
                        11.3020154,
                        51.888807
                    ],
                    [
                        11.3021235,
                        51.8886892
                    ],
                    [
                        11.30231,
                        51.8885614
                    ],
                    [
                        11.3024227,
                        51.8884386
                    ],
                    [
                        11.3025323,
                        51.8881105
                    ],
                    [
                        11.3028336,
                        51.8877489
                    ],
                    [
                        11.3030797,
                        51.8875753
                    ]
                ]
            },
            "bbox": [
                11.3015911,
                51.8875753,
                11.3030797,
                51.8888397
            ]
        },
        {
            "id": "('way', 484748278)",
            "type": "Feature",
            "properties": {
                "name": "Zur Domburg",
                "highway": "track",
                "nodes": [
                    1678515677,
                    1678515672,
                    1678515663,
                    1678515631,
                    11645805284,
                    1678515623,
                    1678515590,
                    1678515587,
                    1678515519,
                    1678515354,
                    1678515743,
                    1678515740,
                    1678515737,
                    683875022,
                    683875021,
                    4774981490,
                    4774981489,
                    683875020,
                    683875019,
                    683875018,
                    1678515815,
                    1678515428,
                    4877419462,
                    1678515522,
                    1678515545,
                    1678515478,
                    1678515495,
                    1678515597,
                    1678515621,
                    1678515628,
                    1678515633,
                    1678515657,
                    1678515667,
                    4877339644,
                    1678515671,
                    1678515675,
                    1678515693,
                    683875012,
                    1678515634
                ],
                "bicycle": null,
                "smoothness": null,
                "surface": null,
                "tracktype": "grade4",
                "maxspeed": null,
                "sidewalk": null,
                "lanes": null,
                "lit": null,
                "motor_vehicle": null,
                "ref": null,
                "source:maxspeed": null,
                "lanes:backward": null,
                "traffic_calming": null
            },
            "geometry": {
                "type": "LineString",
                "coordinates": [
                    [
                        11.3030797,
                        51.8875753
                    ],
                    [
                        11.3032083,
                        51.8874106
                    ],
                    [
                        11.3033536,
                        51.887056
                    ],
                    [
                        11.3038576,
                        51.8866744
                    ],
                    [
                        11.3041095,
                        51.8865225
                    ],
                    [
                        11.3042543,
                        51.8863952
                    ],
                    [
                        11.3044828,
                        51.885996
                    ],
                    [
                        11.3047737,
                        51.8856084
                    ],
                    [
                        11.3050687,
                        51.8852144
                    ],
                    [
                        11.305176,
                        51.884923
                    ],
                    [
                        11.3052511,
                        51.8846482
                    ],
                    [
                        11.3054817,
                        51.8844694
                    ],
                    [
                        11.3055784,
                        51.8844065
                    ],
                    [
                        11.3057742,
                        51.8842366
                    ],
                    [
                        11.3073486,
                        51.883333
                    ],
                    [
                        11.3080857,
                        51.883145
                    ],
                    [
                        11.3084129,
                        51.8830291
                    ],
                    [
                        11.3088593,
                        51.8829163
                    ],
                    [
                        11.3123619,
                        51.8817627
                    ],
                    [
                        11.3129789,
                        51.8815268
                    ],
                    [
                        11.313287,
                        51.8811349
                    ],
                    [
                        11.3136195,
                        51.8807594
                    ],
                    [
                        11.3138572,
                        51.8804435
                    ],
                    [
                        11.3139199,
                        51.8803521
                    ],
                    [
                        11.3142633,
                        51.8798603
                    ],
                    [
                        11.3145101,
                        51.879307
                    ],
                    [
                        11.3147461,
                        51.8790023
                    ],
                    [
                        11.3149822,
                        51.8784989
                    ],
                    [
                        11.3151109,
                        51.8783135
                    ],
                    [
                        11.3154113,
                        51.8781015
                    ],
                    [
                        11.3155615,
                        51.8779161
                    ],
                    [
                        11.3157976,
                        51.8776776
                    ],
                    [
                        11.3157976,
                        51.8775054
                    ],
                    [
                        11.3158487,
                        51.8773793
                    ],
                    [
                        11.3158834,
                        51.8772935
                    ],
                    [
                        11.316098,
                        51.8772008
                    ],
                    [
                        11.3166344,
                        51.8769888
                    ],
                    [
                        11.3169435,
                        51.8767851
                    ],
                    [
                        11.316989,
                        51.8767334
                    ]
                ]
            },
            "bbox": [
                11.3030797,
                51.8767334,
                11.316989,
                51.8875753
            ]
        },
        {
            "id": "('way', 496015563)",
            "type": "Feature",
            "properties": {
                "name": null,
                "highway": "track",
                "nodes": [
                    4877335035,
                    4877335033
                ],
                "bicycle": null,
                "smoothness": null,
                "surface": "ground",
                "tracktype": "grade5",
                "maxspeed": null,
                "sidewalk": null,
                "lanes": null,
                "lit": null,
                "motor_vehicle": null,
                "ref": null,
                "source:maxspeed": null,
                "lanes:backward": null,
                "traffic_calming": null
            },
            "geometry": {
                "type": "LineString",
                "coordinates": [
                    [
                        11.3019509,
                        51.8891072
                    ],
                    [
                        11.3020154,
                        51.888807
                    ]
                ]
            },
            "bbox": [
                11.3019509,
                51.888807,
                11.3020154,
                51.8891072
            ]
        },
        {
            "id": "('way', 496015564)",
            "type": "Feature",
            "properties": {
                "name": null,
                "highway": "track",
                "nodes": [
                    4877335040,
                    4877335039,
                    4877335038,
                    4877335037,
                    4877335036,
                    4877335035,
                    4877335034
                ],
                "bicycle": null,
                "smoothness": null,
                "surface": "ground",
                "tracktype": "grade5",
                "maxspeed": null,
                "sidewalk": null,
                "lanes": null,
                "lit": null,
                "motor_vehicle": null,
                "ref": null,
                "source:maxspeed": null,
                "lanes:backward": null,
                "traffic_calming": null
            },
            "geometry": {
                "type": "LineString",
                "coordinates": [
                    [
                        11.3048084,
                        51.8903502
                    ],
                    [
                        11.3040645,
                        51.8900938
                    ],
                    [
                        11.3032705,
                        51.8899084
                    ],
                    [
                        11.3027663,
                        51.8896833
                    ],
                    [
                        11.3021869,
                        51.8892926
                    ],
                    [
                        11.3019509,
                        51.8891072
                    ],
                    [
                        11.3015911,
                        51.8888397
                    ]
                ]
            },
            "bbox": [
                11.3015911,
                51.8888397,
                11.3048084,
                51.8903502
            ]
        },
        {
            "id": "('way', 496022234)",
            "type": "Feature",
            "properties": {
                "name": null,
                "highway": "track",
                "nodes": [
                    4877396702,
                    4877419464,
                    7195458730,
                    4877411761,
                    8971664010,
                    11645805285,
                    4877411760,
                    8306492946,
                    1678515590
                ],
                "bicycle": null,
                "smoothness": null,
                "surface": "ground",
                "tracktype": "grade4",
                "maxspeed": null,
                "sidewalk": null,
                "lanes": null,
                "lit": null,
                "motor_vehicle": null,
                "ref": null,
                "source:maxspeed": null,
                "lanes:backward": null,
                "traffic_calming": null
            },
            "geometry": {
                "type": "LineString",
                "coordinates": [
                    [
                        11.3193738,
                        51.8820435
                    ],
                    [
                        11.3157209,
                        51.8830581
                    ],
                    [
                        11.3144152,
                        51.8834003
                    ],
                    [
                        11.3113548,
                        51.8842503
                    ],
                    [
                        11.3093978,
                        51.8847886
                    ],
                    [
                        11.3084149,
                        51.8850597
                    ],
                    [
                        11.307585,
                        51.8852834
                    ],
                    [
                        11.3068759,
                        51.8854895
                    ],
                    [
                        11.3044828,
                        51.885996
                    ]
                ]
            },
            "bbox": [
                11.3044828,
                51.8820435,
                11.3193738,
                51.885996
            ]
        },
        {
            "id": "('way', 496023975)",
            "type": "Feature",
            "properties": {
                "name": null,
                "highway": "track",
                "nodes": [
                    6391664754,
                    8565736530,
                    4877419465,
                    4877419464,
                    4877419463,
                    4877419462
                ],
                "bicycle": null,
                "smoothness": "very_bad",
                "surface": "paved",
                "tracktype": "grade3",
                "maxspeed": null,
                "sidewalk": null,
                "lanes": null,
                "lit": null,
                "motor_vehicle": null,
                "ref": null,
                "source:maxspeed": null,
                "lanes:backward": null,
                "traffic_calming": null
            },
            "geometry": {
                "type": "LineString",
                "coordinates": [
                    [
                        11.3181095,
                        51.8862906
                    ],
                    [
                        11.3169559,
                        51.8847019
                    ],
                    [
                        11.3163495,
                        51.8839096
                    ],
                    [
                        11.3157209,
                        51.8830581
                    ],
                    [
                        11.3148893,
                        51.8818588
                    ],
                    [
                        11.3138572,
                        51.8804435
                    ]
                ]
            },
            "bbox": [
                11.3138572,
                51.8804435,
                11.3181095,
                51.8862906
            ]
        },
        {
            "id": "('way', 682506148)",
            "type": "Feature",
            "properties": {
                "name": null,
                "highway": "track",
                "nodes": [
                    6391664742,
                    6391664743,
                    6391664747,
                    6391664744,
                    6391664745,
                    6391664746
                ],
                "bicycle": null,
                "smoothness": "very_horrible",
                "surface": "ground",
                "tracktype": "grade5",
                "maxspeed": null,
                "sidewalk": null,
                "lanes": null,
                "lit": null,
                "motor_vehicle": null,
                "ref": null,
                "source:maxspeed": null,
                "lanes:backward": null,
                "traffic_calming": null
            },
            "geometry": {
                "type": "LineString",
                "coordinates": [
                    [
                        11.3231461,
                        51.8876716
                    ],
                    [
                        11.3235749,
                        51.8875923
                    ],
                    [
                        11.3242401,
                        51.8876386
                    ],
                    [
                        11.3248302,
                        51.8878373
                    ],
                    [
                        11.3254954,
                        51.887824
                    ],
                    [
                        11.3282516,
                        51.8872547
                    ]
                ]
            },
            "bbox": [
                11.3231461,
                51.8872547,
                11.3282516,
                51.8878373
            ]
        },
        {
            "id": "('way', 682506150)",
            "type": "Feature",
            "properties": {
                "name": null,
                "highway": "track",
                "nodes": [
                    4877396702,
                    6391664749,
                    6391664750,
                    6391664751,
                    6391664752
                ],
                "bicycle": null,
                "smoothness": null,
                "surface": "dirt",
                "tracktype": "grade5",
                "maxspeed": null,
                "sidewalk": null,
                "lanes": null,
                "lit": null,
                "motor_vehicle": null,
                "ref": null,
                "source:maxspeed": null,
                "lanes:backward": null,
                "traffic_calming": null
            },
            "geometry": {
                "type": "LineString",
                "coordinates": [
                    [
                        11.3193738,
                        51.8820435
                    ],
                    [
                        11.31997,
                        51.8835064
                    ],
                    [
                        11.3201632,
                        51.884056
                    ],
                    [
                        11.3205923,
                        51.8846653
                    ],
                    [
                        11.320721,
                        51.8856718
                    ]
                ]
            },
            "bbox": [
                11.3193738,
                51.8820435,
                11.320721,
                51.8856718
            ]
        },
        {
            "id": "('way', 682506152)",
            "type": "Feature",
            "properties": {
                "name": null,
                "highway": "track",
                "nodes": [
                    7195458733,
                    6391664754
                ],
                "bicycle": null,
                "smoothness": null,
                "surface": "dirt",
                "tracktype": "grade5",
                "maxspeed": null,
                "sidewalk": null,
                "lanes": null,
                "lit": null,
                "motor_vehicle": null,
                "ref": null,
                "source:maxspeed": null,
                "lanes:backward": null,
                "traffic_calming": null
            },
            "geometry": {
                "type": "LineString",
                "coordinates": [
                    [
                        11.3203424,
                        51.8886999
                    ],
                    [
                        11.3181095,
                        51.8862906
                    ]
                ]
            },
            "bbox": [
                11.3181095,
                51.8862906,
                11.3203424,
                51.8886999
            ]
        },
        {
            "id": "('way', 699637049)",
            "type": "Feature",
            "properties": {
                "name": "An der Bleiche",
                "highway": "residential",
                "nodes": [
                    845198903,
                    845198097
                ],
                "bicycle": null,
                "smoothness": null,
                "surface": null,
                "tracktype": null,
                "maxspeed": "30",
                "sidewalk": null,
                "lanes": null,
                "lit": null,
                "motor_vehicle": null,
                "ref": null,
                "source:maxspeed": null,
                "lanes:backward": null,
                "traffic_calming": null
            },
            "geometry": {
                "type": "LineString",
                "coordinates": [
                    [
                        11.2926158,
                        51.8909896
                    ],
                    [
                        11.2925487,
                        51.8905078
                    ]
                ]
            },
            "bbox": [
                11.2925487,
                51.8905078,
                11.2926158,
                51.8909896
            ]
        },
        {
            "id": "('way', 699686764)",
            "type": "Feature",
            "properties": {
                "name": "Ernst-Th\u00e4lmann-Stra\u00dfe",
                "highway": "residential",
                "nodes": [
                    3874432861,
                    8399356579,
                    6570484241
                ],
                "bicycle": null,
                "smoothness": null,
                "surface": null,
                "tracktype": null,
                "maxspeed": null,
                "sidewalk": null,
                "lanes": null,
                "lit": null,
                "motor_vehicle": null,
                "ref": null,
                "source:maxspeed": null,
                "lanes:backward": null,
                "traffic_calming": null
            },
            "geometry": {
                "type": "LineString",
                "coordinates": [
                    [
                        11.2874254,
                        51.8922303
                    ],
                    [
                        11.287352,
                        51.8921317
                    ],
                    [
                        11.2872182,
                        51.8919615
                    ]
                ]
            },
            "bbox": [
                11.2872182,
                51.8919615,
                11.2874254,
                51.8922303
            ]
        },
        {
            "id": "('way', 699686765)",
            "type": "Feature",
            "properties": {
                "name": "Friedensstra\u00dfe",
                "highway": "residential",
                "nodes": [
                    6570484241,
                    6570484246,
                    6570484245,
                    6570484244,
                    6570484243,
                    6570484242,
                    11273851404,
                    11273851403,
                    845198106
                ],
                "bicycle": null,
                "smoothness": null,
                "surface": null,
                "tracktype": null,
                "maxspeed": null,
                "sidewalk": null,
                "lanes": null,
                "lit": null,
                "motor_vehicle": null,
                "ref": null,
                "source:maxspeed": null,
                "lanes:backward": null,
                "traffic_calming": null
            },
            "geometry": {
                "type": "LineString",
                "coordinates": [
                    [
                        11.2872182,
                        51.8919615
                    ],
                    [
                        11.2874651,
                        51.8918136
                    ],
                    [
                        11.2884575,
                        51.8914759
                    ],
                    [
                        11.2888142,
                        51.8913087
                    ],
                    [
                        11.2890585,
                        51.891161
                    ],
                    [
                        11.2894393,
                        51.8910473
                    ],
                    [
                        11.2898847,
                        51.8909424
                    ],
                    [
                        11.2899885,
                        51.8909537
                    ],
                    [
                        11.2900634,
                        51.8909808
                    ]
                ]
            },
            "bbox": [
                11.2872182,
                51.8909424,
                11.2900634,
                51.8919615
            ]
        },
        {
            "id": "('way', 699686768)",
            "type": "Feature",
            "properties": {
                "name": null,
                "highway": "secondary",
                "nodes": [
                    35700416,
                    1036593536,
                    2952346181,
                    1293989639,
                    35700418,
                    1293989685,
                    1036593824,
                    1293989553,
                    1293989555,
                    2952346209,
                    1293989547,
                    1293989545,
                    35700421,
                    35700423,
                    619266986,
                    1293989720,
                    35700425,
                    619266976,
                    1293989657,
                    1293989622,
                    35700430,
                    1293924553,
                    1293924594,
                    1293924333,
                    35700432,
                    35700434,
                    1293924434,
                    1293924359,
                    1293924343,
                    35700437,
                    1036593550,
                    35700439,
                    1293924366,
                    1293924323,
                    1036593940,
                    1055524701,
                    1293937231,
                    35700444,
                    1293937260,
                    1293937256,
                    35700536,
                    1293937126,
                    1293937198,
                    10893426984,
                    1293937251,
                    10893426985
                ],
                "bicycle": null,
                "smoothness": null,
                "surface": null,
                "tracktype": null,
                "maxspeed": "100",
                "sidewalk": null,
                "lanes": "2",
                "lit": null,
                "motor_vehicle": null,
                "ref": "L 66",
                "source:maxspeed": "DE:rural",
                "lanes:backward": null,
                "traffic_calming": null
            },
            "geometry": {
                "type": "LineString",
                "coordinates": [
                    [
                        11.2576508,
                        51.8607572
                    ],
                    [
                        11.258207,
                        51.8611732
                    ],
                    [
                        11.2590939,
                        51.8618707
                    ],
                    [
                        11.2592515,
                        51.8620161
                    ],
                    [
                        11.259358,
                        51.8621319
                    ],
                    [
                        11.2594447,
                        51.8622727
                    ],
                    [
                        11.2595193,
                        51.8624108
                    ],
                    [
                        11.2600005,
                        51.8638323
                    ],
                    [
                        11.2600633,
                        51.8640594
                    ],
                    [
                        11.2600679,
                        51.8641838
                    ],
                    [
                        11.2600442,
                        51.8642861
                    ],
                    [
                        11.259988,
                        51.8644022
                    ],
                    [
                        11.259866,
                        51.8645539
                    ],
                    [
                        11.2582487,
                        51.8664166
                    ],
                    [
                        11.2570886,
                        51.8677382
                    ],
                    [
                        11.256899,
                        51.8679949
                    ],
                    [
                        11.2568604,
                        51.8681152
                    ],
                    [
                        11.2568786,
                        51.8682656
                    ],
                    [
                        11.2569848,
                        51.8683987
                    ],
                    [
                        11.2572267,
                        51.8686064
                    ],
                    [
                        11.2583591,
                        51.8695231
                    ],
                    [
                        11.2586831,
                        51.86976
                    ],
                    [
                        11.2589256,
                        51.8698981
                    ],
                    [
                        11.2592608,
                        51.870022
                    ],
                    [
                        11.2596519,
                        51.8701415
                    ],
                    [
                        11.2637412,
                        51.87119
                    ],
                    [
                        11.264327,
                        51.8713442
                    ],
                    [
                        11.264697,
                        51.8714717
                    ],
                    [
                        11.2649426,
                        51.871601
                    ],
                    [
                        11.265337,
                        51.8719007
                    ],
                    [
                        11.266947,
                        51.8732174
                    ],
                    [
                        11.2704644,
                        51.8761058
                    ],
                    [
                        11.2707589,
                        51.8763482
                    ],
                    [
                        11.2711682,
                        51.8766576
                    ],
                    [
                        11.2740477,
                        51.8786393
                    ],
                    [
                        11.2742896,
                        51.8788141
                    ],
                    [
                        11.2746277,
                        51.8790614
                    ],
                    [
                        11.2795448,
                        51.8826677
                    ],
                    [
                        11.2797931,
                        51.8828696
                    ],
                    [
                        11.2800302,
                        51.8831223
                    ],
                    [
                        11.2834672,
                        51.8874046
                    ],
                    [
                        11.284127,
                        51.8882353
                    ],
                    [
                        11.2845138,
                        51.8887828
                    ],
                    [
                        11.2848888,
                        51.8893355
                    ],
                    [
                        11.2852767,
                        51.8898863
                    ],
                    [
                        11.2854502,
                        51.890121
                    ]
                ]
            },
            "bbox": [
                11.2568604,
                51.8607572,
                11.2854502,
                51.890121
            ]
        },
        {
            "id": "('way', 750912785)",
            "type": "Feature",
            "properties": {
                "name": null,
                "highway": "track",
                "nodes": [
                    1688303501,
                    7020507684,
                    7020519885,
                    7020519887,
                    1494567946,
                    7020519886,
                    7020507658,
                    7020507657,
                    7020507656,
                    7020507667,
                    9341897075,
                    9128879177,
                    7020507668,
                    7020507669,
                    7020507673,
                    9341897074,
                    7020507671,
                    7020507674,
                    7020507672,
                    9341897068,
                    7020507670,
                    7020507663,
                    7020507659,
                    8294691727,
                    7020507661,
                    7020507664,
                    7020507662,
                    7613114750,
                    7020507665,
                    7020507666,
                    7020507679,
                    7204105623,
                    7020507676,
                    7020507680,
                    7020507675,
                    7613114751,
                    9128879181,
                    7020507682,
                    7020507677,
                    7020507678,
                    7020507681,
                    7020507683,
                    448886572
                ],
                "bicycle": null,
                "smoothness": null,
                "surface": "dirt",
                "tracktype": "grade5",
                "maxspeed": null,
                "sidewalk": null,
                "lanes": null,
                "lit": null,
                "motor_vehicle": null,
                "ref": null,
                "source:maxspeed": null,
                "lanes:backward": null,
                "traffic_calming": null
            },
            "geometry": {
                "type": "LineString",
                "coordinates": [
                    [
                        11.3277847,
                        51.886058
                    ],
                    [
                        11.3288191,
                        51.8856252
                    ],
                    [
                        11.3297778,
                        51.8851862
                    ],
                    [
                        11.3300602,
                        51.8845692
                    ],
                    [
                        11.3308101,
                        51.8842036
                    ],
                    [
                        11.3314584,
                        51.8840855
                    ],
                    [
                        11.3323328,
                        51.884069
                    ],
                    [
                        11.3330169,
                        51.8840185
                    ],
                    [
                        11.3336041,
                        51.8838769
                    ],
                    [
                        11.3344094,
                        51.8837139
                    ],
                    [
                        11.3350242,
                        51.8835758
                    ],
                    [
                        11.3352285,
                        51.8835299
                    ],
                    [
                        11.3360708,
                        51.8833776
                    ],
                    [
                        11.337083,
                        51.8831584
                    ],
                    [
                        11.3380448,
                        51.8829265
                    ],
                    [
                        11.3382252,
                        51.8828507
                    ],
                    [
                        11.3383677,
                        51.8827908
                    ],
                    [
                        11.3389685,
                        51.8825126
                    ],
                    [
                        11.3396552,
                        51.8821947
                    ],
                    [
                        11.3401005,
                        51.8819455
                    ],
                    [
                        11.3410219,
                        51.8814299
                    ],
                    [
                        11.341603,
                        51.8809433
                    ],
                    [
                        11.3419864,
                        51.8806093
                    ],
                    [
                        11.3420837,
                        51.8803923
                    ],
                    [
                        11.3417795,
                        51.8801946
                    ],
                    [
                        11.341286,
                        51.8797178
                    ],
                    [
                        11.340492,
                        51.8791349
                    ],
                    [
                        11.3401378,
                        51.8789448
                    ],
                    [
                        11.339505,
                        51.8786051
                    ],
                    [
                        11.3385394,
                        51.8783402
                    ],
                    [
                        11.3377669,
                        51.8780487
                    ],
                    [
                        11.33682,
                        51.8781113
                    ],
                    [
                        11.3365653,
                        51.8781282
                    ],
                    [
                        11.3348701,
                        51.8781547
                    ],
                    [
                        11.3334968,
                        51.8784064
                    ],
                    [
                        11.3327185,
                        51.8786242
                    ],
                    [
                        11.3323963,
                        51.8787395
                    ],
                    [
                        11.3319572,
                        51.8788965
                    ],
                    [
                        11.3307717,
                        51.8791879
                    ],
                    [
                        11.3296988,
                        51.8792277
                    ],
                    [
                        11.3281753,
                        51.8792277
                    ],
                    [
                        11.3268235,
                        51.8791879
                    ],
                    [
                        11.3244938,
                        51.878835
                    ]
                ]
            },
            "bbox": [
                11.3244938,
                51.8780487,
                11.3420837,
                51.886058
            ]
        },
        {
            "id": "('way', 770874441)",
            "type": "Feature",
            "properties": {
                "name": null,
                "highway": "track",
                "nodes": [
                    7195458730,
                    7195488138,
                    1293864574
                ],
                "bicycle": null,
                "smoothness": null,
                "surface": null,
                "tracktype": "grade5",
                "maxspeed": null,
                "sidewalk": null,
                "lanes": null,
                "lit": null,
                "motor_vehicle": null,
                "ref": null,
                "source:maxspeed": null,
                "lanes:backward": null,
                "traffic_calming": null
            },
            "geometry": {
                "type": "LineString",
                "coordinates": [
                    [
                        11.3144152,
                        51.8834003
                    ],
                    [
                        11.3129663,
                        51.8871627
                    ],
                    [
                        11.3127976,
                        51.8874386
                    ]
                ]
            },
            "bbox": [
                11.3127976,
                51.8834003,
                11.3144152,
                51.8874386
            ]
        },
        {
            "id": "('way', 770874442)",
            "type": "Feature",
            "properties": {
                "name": null,
                "highway": "track",
                "nodes": [
                    683875044,
                    6391664741,
                    6391664740,
                    6391664739,
                    6391664738,
                    6391664737,
                    7195458725
                ],
                "bicycle": null,
                "smoothness": "very_horrible",
                "surface": "ground",
                "tracktype": "grade5",
                "maxspeed": null,
                "sidewalk": null,
                "lanes": null,
                "lit": null,
                "motor_vehicle": null,
                "ref": null,
                "source:maxspeed": null,
                "lanes:backward": null,
                "traffic_calming": null
            },
            "geometry": {
                "type": "LineString",
                "coordinates": [
                    [
                        11.3194183,
                        51.8889858
                    ],
                    [
                        11.3174663,
                        51.8893746
                    ],
                    [
                        11.3165368,
                        51.8897311
                    ],
                    [
                        11.3143481,
                        51.8901284
                    ],
                    [
                        11.3132323,
                        51.8903138
                    ],
                    [
                        11.3124633,
                        51.8903686
                    ],
                    [
                        11.312275,
                        51.8903831
                    ]
                ]
            },
            "bbox": [
                11.312275,
                51.8889858,
                11.3194183,
                51.8903831
            ]
        },
        {
            "id": "('way', 771701876)",
            "type": "Feature",
            "properties": {
                "name": null,
                "highway": "track",
                "nodes": [
                    4877396702,
                    7204134475,
                    7204134476
                ],
                "bicycle": null,
                "smoothness": null,
                "surface": null,
                "tracktype": "grade4",
                "maxspeed": null,
                "sidewalk": null,
                "lanes": null,
                "lit": null,
                "motor_vehicle": null,
                "ref": null,
                "source:maxspeed": null,
                "lanes:backward": null,
                "traffic_calming": null
            },
            "geometry": {
                "type": "LineString",
                "coordinates": [
                    [
                        11.3193738,
                        51.8820435
                    ],
                    [
                        11.3231323,
                        51.881013
                    ],
                    [
                        11.3246323,
                        51.8806439
                    ]
                ]
            },
            "bbox": [
                11.3193738,
                51.8806439,
                11.3246323,
                51.8820435
            ]
        },
        {
            "id": "('way', 893728224)",
            "type": "Feature",
            "properties": {
                "name": null,
                "highway": "track",
                "nodes": [
                    4877335033,
                    8306492918,
                    8306492919,
                    8306492920,
                    8306492921,
                    8306492922,
                    8306492923,
                    8306492924,
                    8306492925,
                    8306492926,
                    8306492927,
                    8306492928,
                    8306492929,
                    8306492930,
                    8306492931,
                    8306492932,
                    8306492933,
                    8306492934,
                    8306492935,
                    8306492936,
                    8306492937,
                    8306492938,
                    8306492939
                ],
                "bicycle": null,
                "smoothness": "very_bad",
                "surface": "ground",
                "tracktype": "grade4",
                "maxspeed": null,
                "sidewalk": null,
                "lanes": null,
                "lit": null,
                "motor_vehicle": null,
                "ref": null,
                "source:maxspeed": null,
                "lanes:backward": null,
                "traffic_calming": null
            },
            "geometry": {
                "type": "LineString",
                "coordinates": [
                    [
                        11.3020154,
                        51.888807
                    ],
                    [
                        11.3023057,
                        51.8888862
                    ],
                    [
                        11.302618,
                        51.8889086
                    ],
                    [
                        11.3028,
                        51.888899
                    ],
                    [
                        11.3029434,
                        51.8888759
                    ],
                    [
                        11.3031125,
                        51.8888171
                    ],
                    [
                        11.303261,
                        51.8887085
                    ],
                    [
                        11.3034361,
                        51.8885537
                    ],
                    [
                        11.3035893,
                        51.8884618
                    ],
                    [
                        11.3037751,
                        51.8883789
                    ],
                    [
                        11.3041249,
                        51.8882725
                    ],
                    [
                        11.3042918,
                        51.8881731
                    ],
                    [
                        11.3044475,
                        51.8880364
                    ],
                    [
                        11.3047008,
                        51.8878532
                    ],
                    [
                        11.3049965,
                        51.8876667
                    ],
                    [
                        11.3053665,
                        51.8874116
                    ],
                    [
                        11.3057037,
                        51.8871384
                    ],
                    [
                        11.3059971,
                        51.88688
                    ],
                    [
                        11.3062551,
                        51.8866216
                    ],
                    [
                        11.3064956,
                        51.8863907
                    ],
                    [
                        11.3067524,
                        51.8862053
                    ],
                    [
                        11.3070832,
                        51.8860263
                    ],
                    [
                        11.307467,
                        51.885856
                    ]
                ]
            },
            "bbox": [
                11.3020154,
                51.885856,
                11.307467,
                51.8889086
            ]
        },
        {
            "id": "('way', 893728225)",
            "type": "Feature",
            "properties": {
                "name": null,
                "highway": "track",
                "nodes": [
                    683875026,
                    8306492940,
                    8306492941,
                    8306492942,
                    8306492943,
                    8306492944,
                    8306492945,
                    8306492939,
                    8306492946
                ],
                "bicycle": null,
                "smoothness": "bad",
                "surface": "ground",
                "tracktype": "grade3",
                "maxspeed": null,
                "sidewalk": null,
                "lanes": null,
                "lit": null,
                "motor_vehicle": null,
                "ref": null,
                "source:maxspeed": null,
                "lanes:backward": null,
                "traffic_calming": null
            },
            "geometry": {
                "type": "LineString",
                "coordinates": [
                    [
                        11.3102844,
                        51.8882939
                    ],
                    [
                        11.309967,
                        51.8880101
                    ],
                    [
                        11.3096163,
                        51.8877369
                    ],
                    [
                        11.3092677,
                        51.8874785
                    ],
                    [
                        11.3086338,
                        51.8868845
                    ],
                    [
                        11.3082515,
                        51.8865655
                    ],
                    [
                        11.3079073,
                        51.8862449
                    ],
                    [
                        11.307467,
                        51.885856
                    ],
                    [
                        11.3068759,
                        51.8854895
                    ]
                ]
            },
            "bbox": [
                11.3068759,
                51.8854895,
                11.3102844,
                51.8882939
            ]
        },
        {
            "id": "('way', 893728531)",
            "type": "Feature",
            "properties": {
                "name": null,
                "highway": "track",
                "nodes": [
                    7195458733,
                    8306521673,
                    8306521674,
                    8306521675,
                    8306521676
                ],
                "bicycle": null,
                "smoothness": "horrible",
                "surface": "ground",
                "tracktype": "grade4",
                "maxspeed": null,
                "sidewalk": null,
                "lanes": null,
                "lit": null,
                "motor_vehicle": null,
                "ref": null,
                "source:maxspeed": null,
                "lanes:backward": null,
                "traffic_calming": null
            },
            "geometry": {
                "type": "LineString",
                "coordinates": [
                    [
                        11.3203424,
                        51.8886999
                    ],
                    [
                        11.3210152,
                        51.8893613
                    ],
                    [
                        11.3215943,
                        51.8899896
                    ],
                    [
                        11.3221641,
                        51.8906007
                    ],
                    [
                        11.3227902,
                        51.8912063
                    ]
                ]
            },
            "bbox": [
                11.3203424,
                51.8886999,
                11.3227902,
                51.8912063
            ]
        },
        {
            "id": "('way', 903156472)",
            "type": "Feature",
            "properties": {
                "name": "Ernst-Th\u00e4lmann-Stra\u00dfe",
                "highway": "secondary",
                "nodes": [
                    1293937281,
                    35700447,
                    10893426992,
                    10893426993,
                    845198083,
                    6570484240
                ],
                "bicycle": null,
                "smoothness": null,
                "surface": null,
                "tracktype": null,
                "maxspeed": "50",
                "sidewalk": "right",
                "lanes": "2",
                "lit": null,
                "motor_vehicle": null,
                "ref": "L 66",
                "source:maxspeed": "DE:urban",
                "lanes:backward": null,
                "traffic_calming": null
            },
            "geometry": {
                "type": "LineString",
                "coordinates": [
                    [
                        11.2861748,
                        51.8910747
                    ],
                    [
                        11.2862662,
                        51.8912151
                    ],
                    [
                        11.2864019,
                        51.8914031
                    ],
                    [
                        11.2865444,
                        51.8915953
                    ],
                    [
                        11.2868463,
                        51.8919837
                    ],
                    [
                        11.2868828,
                        51.8920302
                    ]
                ]
            },
            "bbox": [
                11.2861748,
                51.8910747,
                11.2868828,
                51.8920302
            ]
        },
        {
            "id": "('way', 903156473)",
            "type": "Feature",
            "properties": {
                "name": "Dorfstra\u00dfe",
                "highway": "residential",
                "nodes": [
                    845197362,
                    10893426983,
                    3874432861
                ],
                "bicycle": null,
                "smoothness": null,
                "surface": "cobblestone",
                "tracktype": null,
                "maxspeed": "30",
                "sidewalk": "both",
                "lanes": null,
                "lit": "yes",
                "motor_vehicle": null,
                "ref": null,
                "source:maxspeed": null,
                "lanes:backward": null,
                "traffic_calming": null
            },
            "geometry": {
                "type": "LineString",
                "coordinates": [
                    [
                        11.287119,
                        51.8923203
                    ],
                    [
                        11.2871912,
                        51.8922991
                    ],
                    [
                        11.2874254,
                        51.8922303
                    ]
                ]
            },
            "bbox": [
                11.287119,
                51.8922303,
                11.2874254,
                51.8923203
            ]
        },
        {
            "id": "('way', 903156474)",
            "type": "Feature",
            "properties": {
                "name": "Friedensstra\u00dfe",
                "highway": "residential",
                "nodes": [
                    6570484240,
                    10893426994,
                    6570484241
                ],
                "bicycle": null,
                "smoothness": null,
                "surface": null,
                "tracktype": null,
                "maxspeed": null,
                "sidewalk": null,
                "lanes": null,
                "lit": null,
                "motor_vehicle": null,
                "ref": null,
                "source:maxspeed": null,
                "lanes:backward": null,
                "traffic_calming": null
            },
            "geometry": {
                "type": "LineString",
                "coordinates": [
                    [
                        11.2868828,
                        51.8920302
                    ],
                    [
                        11.2869783,
                        51.8920064
                    ],
                    [
                        11.2872182,
                        51.8919615
                    ]
                ]
            },
            "bbox": [
                11.2868828,
                51.8919615,
                11.2872182,
                51.8920302
            ]
        },
        {
            "id": "('way', 922732272)",
            "type": "Feature",
            "properties": {
                "name": null,
                "highway": "track",
                "nodes": [
                    845193413,
                    1036593546,
                    1036593700,
                    1036593793,
                    1061793546,
                    1036593570
                ],
                "bicycle": null,
                "smoothness": "bad",
                "surface": "gravel",
                "tracktype": "grade3",
                "maxspeed": null,
                "sidewalk": null,
                "lanes": null,
                "lit": null,
                "motor_vehicle": null,
                "ref": null,
                "source:maxspeed": null,
                "lanes:backward": null,
                "traffic_calming": null
            },
            "geometry": {
                "type": "LineString",
                "coordinates": [
                    [
                        11.2948723,
                        51.8894862
                    ],
                    [
                        11.2950618,
                        51.8889022
                    ],
                    [
                        11.2950832,
                        51.8882533
                    ],
                    [
                        11.2951261,
                        51.8876441
                    ],
                    [
                        11.2953542,
                        51.886049
                    ],
                    [
                        11.2955548,
                        51.8853043
                    ]
                ]
            },
            "bbox": [
                11.2948723,
                51.8853043,
                11.2955548,
                51.8894862
            ]
        },
        {
            "id": "('way', 969488317)",
            "type": "Feature",
            "properties": {
                "name": null,
                "highway": "track",
                "nodes": [
                    8971670427,
                    8971670426,
                    8971670425,
                    8971670424,
                    8971670422,
                    8971670421,
                    8971670420,
                    8971670419,
                    8971670418,
                    8971664016,
                    8971664015,
                    8971664014,
                    8971664013,
                    8971664011,
                    8971664010
                ],
                "bicycle": null,
                "smoothness": null,
                "surface": "ground",
                "tracktype": "grade5",
                "maxspeed": null,
                "sidewalk": null,
                "lanes": null,
                "lit": null,
                "motor_vehicle": null,
                "ref": null,
                "source:maxspeed": null,
                "lanes:backward": null,
                "traffic_calming": null
            },
            "geometry": {
                "type": "LineString",
                "coordinates": [
                    [
                        11.3126063,
                        51.8874845
                    ],
                    [
                        11.3125743,
                        51.8874101
                    ],
                    [
                        11.3124949,
                        51.8873083
                    ],
                    [
                        11.3124274,
                        51.8872126
                    ],
                    [
                        11.312344,
                        51.8870558
                    ],
                    [
                        11.3122133,
                        51.8869235
                    ],
                    [
                        11.3119533,
                        51.8867452
                    ],
                    [
                        11.3116794,
                        51.8866106
                    ],
                    [
                        11.3113109,
                        51.8864099
                    ],
                    [
                        11.3109828,
                        51.8862119
                    ],
                    [
                        11.3105475,
                        51.8858815
                    ],
                    [
                        11.3101982,
                        51.8855912
                    ],
                    [
                        11.3099483,
                        51.885301
                    ],
                    [
                        11.3096524,
                        51.8850585
                    ],
                    [
                        11.3093978,
                        51.8847886
                    ]
                ]
            },
            "bbox": [
                11.3093978,
                51.8847886,
                11.3126063,
                51.8874845
            ]
        },
        {
            "id": "('way', 969488318)",
            "type": "Feature",
            "properties": {
                "name": null,
                "highway": "track",
                "nodes": [
                    6391664741,
                    8971670435,
                    8971670434,
                    8971670433,
                    8971670432,
                    8971670431,
                    8971670430,
                    8971670429,
                    8971670428,
                    8971670427
                ],
                "bicycle": null,
                "smoothness": null,
                "surface": "ground",
                "tracktype": "grade5",
                "maxspeed": null,
                "sidewalk": null,
                "lanes": null,
                "lit": null,
                "motor_vehicle": null,
                "ref": null,
                "source:maxspeed": null,
                "lanes:backward": null,
                "traffic_calming": null
            },
            "geometry": {
                "type": "LineString",
                "coordinates": [
                    [
                        11.3174663,
                        51.8893746
                    ],
                    [
                        11.3166125,
                        51.8891653
                    ],
                    [
                        11.3159745,
                        51.8891538
                    ],
                    [
                        11.315633,
                        51.8890657
                    ],
                    [
                        11.3150775,
                        51.8887878
                    ],
                    [
                        11.3143382,
                        51.8884542
                    ],
                    [
                        11.3136289,
                        51.8881091
                    ],
                    [
                        11.3129946,
                        51.8878149
                    ],
                    [
                        11.31267,
                        51.8875844
                    ],
                    [
                        11.3126063,
                        51.8874845
                    ]
                ]
            },
            "bbox": [
                11.3126063,
                51.8874845,
                11.3174663,
                51.8893746
            ]
        },
        {
            "id": "('way', 1000189950)",
            "type": "Feature",
            "properties": {
                "name": null,
                "highway": "track",
                "nodes": [
                    845193414,
                    9232344553
                ],
                "bicycle": null,
                "smoothness": "bad",
                "surface": "pebblestone",
                "tracktype": "grade3",
                "maxspeed": null,
                "sidewalk": null,
                "lanes": null,
                "lit": null,
                "motor_vehicle": null,
                "ref": null,
                "source:maxspeed": null,
                "lanes:backward": null,
                "traffic_calming": null
            },
            "geometry": {
                "type": "LineString",
                "coordinates": [
                    [
                        11.294707,
                        51.8898982
                    ],
                    [
                        11.2996665,
                        51.8901064
                    ]
                ]
            },
            "bbox": [
                11.294707,
                51.8898982,
                11.2996665,
                51.8901064
            ]
        },
        {
            "id": "('way', 1000189951)",
            "type": "Feature",
            "properties": {
                "name": "Heteborner Hakelstra\u00dfe",
                "highway": "residential",
                "nodes": [
                    845189629,
                    9232344559,
                    9232344560,
                    9232344561,
                    9232344562,
                    9232344563
                ],
                "bicycle": null,
                "smoothness": null,
                "surface": null,
                "tracktype": null,
                "maxspeed": null,
                "sidewalk": null,
                "lanes": null,
                "lit": null,
                "motor_vehicle": null,
                "ref": null,
                "source:maxspeed": null,
                "lanes:backward": null,
                "traffic_calming": null
            },
            "geometry": {
                "type": "LineString",
                "coordinates": [
                    [
                        11.2959612,
                        51.8922498
                    ],
                    [
                        11.2959108,
                        51.8921649
                    ],
                    [
                        11.2958173,
                        51.8921197
                    ],
                    [
                        11.2957137,
                        51.8921223
                    ],
                    [
                        11.2955754,
                        51.892143
                    ],
                    [
                        11.2942283,
                        51.8920657
                    ]
                ]
            },
            "bbox": [
                11.2942283,
                51.8920657,
                11.2959612,
                51.8922498
            ]
        },
        {
            "id": "('way', 1000595281)",
            "type": "Feature",
            "properties": {
                "name": null,
                "highway": "track",
                "nodes": [
                    9236072442,
                    9236038075,
                    9236038076,
                    9236038077
                ],
                "bicycle": null,
                "smoothness": null,
                "surface": null,
                "tracktype": "grade3",
                "maxspeed": null,
                "sidewalk": null,
                "lanes": null,
                "lit": null,
                "motor_vehicle": null,
                "ref": null,
                "source:maxspeed": null,
                "lanes:backward": null,
                "traffic_calming": null
            },
            "geometry": {
                "type": "LineString",
                "coordinates": [
                    [
                        11.2850014,
                        51.8917766
                    ],
                    [
                        11.2848893,
                        51.8920234
                    ],
                    [
                        11.2847305,
                        51.8921516
                    ],
                    [
                        11.2845904,
                        51.8922208
                    ]
                ]
            },
            "bbox": [
                11.2845904,
                51.8917766,
                11.2850014,
                51.8922208
            ]
        },
        {
            "id": "('way', 1030956150)",
            "type": "Feature",
            "properties": {
                "name": null,
                "highway": "track",
                "nodes": [
                    6391664741,
                    9502995100,
                    683875043,
                    9502995101,
                    9502995102,
                    9502995103,
                    9502995104,
                    9502995105,
                    9502995106,
                    9502995107,
                    9502995108,
                    9502995109,
                    9502995110,
                    9502995111,
                    9502995112,
                    9502995113,
                    683875046
                ],
                "bicycle": null,
                "smoothness": "very_bad",
                "surface": "grass",
                "tracktype": "grade5",
                "maxspeed": null,
                "sidewalk": null,
                "lanes": null,
                "lit": null,
                "motor_vehicle": null,
                "ref": null,
                "source:maxspeed": null,
                "lanes:backward": null,
                "traffic_calming": null
            },
            "geometry": {
                "type": "LineString",
                "coordinates": [
                    [
                        11.3174663,
                        51.8893746
                    ],
                    [
                        11.3180146,
                        51.8894569
                    ],
                    [
                        11.3181914,
                        51.8894545
                    ],
                    [
                        11.3184496,
                        51.8894468
                    ],
                    [
                        11.3186203,
                        51.8895071
                    ],
                    [
                        11.3188643,
                        51.8897705
                    ],
                    [
                        11.3190675,
                        51.8900014
                    ],
                    [
                        11.3192139,
                        51.8901118
                    ],
                    [
                        11.3194212,
                        51.8904078
                    ],
                    [
                        11.3196326,
                        51.8905759
                    ],
                    [
                        11.3200595,
                        51.8907785
                    ],
                    [
                        11.3202587,
                        51.8908362
                    ],
                    [
                        11.3207791,
                        51.8908613
                    ],
                    [
                        11.3212141,
                        51.8908563
                    ],
                    [
                        11.3216247,
                        51.8909642
                    ],
                    [
                        11.3218321,
                        51.8911047
                    ],
                    [
                        11.3225041,
                        51.8913237
                    ]
                ]
            },
            "bbox": [
                11.3174663,
                51.8893746,
                11.3225041,
                51.8913237
            ]
        },
        {
            "id": "('way', 1030956154)",
            "type": "Feature",
            "properties": {
                "name": null,
                "highway": "track",
                "nodes": [
                    1688303314,
                    9503003117,
                    9503003118,
                    6391664745
                ],
                "bicycle": null,
                "smoothness": "horrible",
                "surface": "grass",
                "tracktype": "grade5",
                "maxspeed": null,
                "sidewalk": null,
                "lanes": null,
                "lit": null,
                "motor_vehicle": null,
                "ref": null,
                "source:maxspeed": null,
                "lanes:backward": null,
                "traffic_calming": null
            },
            "geometry": {
                "type": "LineString",
                "coordinates": [
                    [
                        11.3292565,
                        51.8886365
                    ],
                    [
                        11.3283977,
                        51.8884752
                    ],
                    [
                        11.326987,
                        51.8883999
                    ],
                    [
                        11.3254954,
                        51.887824
                    ]
                ]
            },
            "bbox": [
                11.3254954,
                51.887824,
                11.3292565,
                51.8886365
            ]
        },
        {
            "id": "('way', 1030956155)",
            "type": "Feature",
            "properties": {
                "name": "Cochstedter Weg",
                "highway": "track",
                "nodes": [
                    1678479319,
                    1293864588,
                    1293864590,
                    6391664752,
                    1293864562,
                    1293864567,
                    6391664754,
                    4877419466,
                    1293864568,
                    1293864569,
                    1293864574,
                    8971670427,
                    1293864575,
                    1293864577,
                    683875026,
                    11645805282,
                    4877335040,
                    11645806064,
                    683872135
                ],
                "bicycle": null,
                "smoothness": "intermediate",
                "surface": "compacted",
                "tracktype": "grade2",
                "maxspeed": null,
                "sidewalk": null,
                "lanes": null,
                "lit": null,
                "motor_vehicle": null,
                "ref": null,
                "source:maxspeed": null,
                "lanes:backward": null,
                "traffic_calming": null
            },
            "geometry": {
                "type": "LineString",
                "coordinates": [
                    [
                        11.3261131,
                        51.8836783
                    ],
                    [
                        11.3255757,
                        51.8839089
                    ],
                    [
                        11.3235196,
                        51.8848068
                    ],
                    [
                        11.320721,
                        51.8856718
                    ],
                    [
                        11.3201684,
                        51.8858426
                    ],
                    [
                        11.3188017,
                        51.8861873
                    ],
                    [
                        11.3181095,
                        51.8862906
                    ],
                    [
                        11.3176075,
                        51.8863643
                    ],
                    [
                        11.3167679,
                        51.8865119
                    ],
                    [
                        11.3142353,
                        51.8871032
                    ],
                    [
                        11.3127976,
                        51.8874386
                    ],
                    [
                        11.3126063,
                        51.8874845
                    ],
                    [
                        11.3122345,
                        51.8875854
                    ],
                    [
                        11.3117437,
                        51.8877583
                    ],
                    [
                        11.3102844,
                        51.8882939
                    ],
                    [
                        11.3097083,
                        51.8885082
                    ],
                    [
                        11.3048084,
                        51.8903502
                    ],
                    [
                        11.3047016,
                        51.8903995
                    ],
                    [
                        11.3043316,
                        51.8905702
                    ]
                ]
            },
            "bbox": [
                11.3043316,
                51.8836783,
                11.3261131,
                51.8905702
            ]
        },
        {
            "id": "('way', 1071624224)",
            "type": "Feature",
            "properties": {
                "name": "Ernst-Th\u00e4lmann-Stra\u00dfe",
                "highway": "secondary",
                "nodes": [
                    6570484240,
                    9232386908,
                    845197362
                ],
                "bicycle": null,
                "smoothness": null,
                "surface": null,
                "tracktype": null,
                "maxspeed": "50",
                "sidewalk": "right",
                "lanes": "2",
                "lit": null,
                "motor_vehicle": null,
                "ref": "L 66",
                "source:maxspeed": "DE:urban",
                "lanes:backward": "1",
                "traffic_calming": null
            },
            "geometry": {
                "type": "LineString",
                "coordinates": [
                    [
                        11.2868828,
                        51.8920302
                    ],
                    [
                        11.2870601,
                        51.8922498
                    ],
                    [
                        11.287119,
                        51.8923203
                    ]
                ]
            },
            "bbox": [
                11.2868828,
                51.8920302,
                11.287119,
                51.8923203
            ]
        },
        {
            "id": "('way', 1172439633)",
            "type": "Feature",
            "properties": {
                "name": null,
                "highway": "secondary",
                "nodes": [
                    10893426985,
                    8485269599
                ],
                "bicycle": null,
                "smoothness": null,
                "surface": null,
                "tracktype": null,
                "maxspeed": "50",
                "sidewalk": null,
                "lanes": "2",
                "lit": null,
                "motor_vehicle": null,
                "ref": "L 66",
                "source:maxspeed": "DE:urban",
                "lanes:backward": null,
                "traffic_calming": null
            },
            "geometry": {
                "type": "LineString",
                "coordinates": [
                    [
                        11.2854502,
                        51.890121
                    ],
                    [
                        11.285553,
                        51.8902598
                    ]
                ]
            },
            "bbox": [
                11.2854502,
                51.890121,
                11.285553,
                51.8902598
            ]
        },
        {
            "id": "('way', 1172439634)",
            "type": "Feature",
            "properties": {
                "name": "Ernst-Th\u00e4lmann-Stra\u00dfe",
                "highway": "secondary",
                "nodes": [
                    10893426988,
                    10893426987,
                    10893426986,
                    1293937281
                ],
                "bicycle": null,
                "smoothness": null,
                "surface": null,
                "tracktype": null,
                "maxspeed": "50",
                "sidewalk": "right",
                "lanes": "2",
                "lit": null,
                "motor_vehicle": null,
                "ref": "L 66",
                "source:maxspeed": "DE:urban",
                "lanes:backward": null,
                "traffic_calming": "island"
            },
            "geometry": {
                "type": "LineString",
                "coordinates": [
                    [
                        11.2860502,
                        51.8909015
                    ],
                    [
                        11.286058,
                        51.8909123
                    ],
                    [
                        11.2861634,
                        51.8910588
                    ],
                    [
                        11.2861748,
                        51.8910747
                    ]
                ]
            },
            "bbox": [
                11.2860502,
                51.8909015,
                11.2861748,
                51.8910747
            ]
        },
        {
            "id": "('way', 1172439635)",
            "type": "Feature",
            "properties": {
                "name": "Ernst-Th\u00e4lmann-Stra\u00dfe",
                "highway": "secondary",
                "nodes": [
                    8485269599,
                    845198312,
                    10893426988
                ],
                "bicycle": null,
                "smoothness": null,
                "surface": null,
                "tracktype": null,
                "maxspeed": "50",
                "sidewalk": "right",
                "lanes": "2",
                "lit": null,
                "motor_vehicle": null,
                "ref": "L 66",
                "source:maxspeed": "DE:urban",
                "lanes:backward": null,
                "traffic_calming": null
            },
            "geometry": {
                "type": "LineString",
                "coordinates": [
                    [
                        11.285553,
                        51.8902598
                    ],
                    [
                        11.2859517,
                        51.8907896
                    ],
                    [
                        11.2860502,
                        51.8909015
                    ]
                ]
            },
            "bbox": [
                11.285553,
                51.8902598,
                11.2860502,
                51.8909015
            ]
        },
        {
            "id": "('way', 1216721188)",
            "type": "Feature",
            "properties": {
                "name": null,
                "highway": "track",
                "nodes": [
                    3635073697,
                    11273851372,
                    11273851373,
                    11273851374,
                    11273851375,
                    11273851376
                ],
                "bicycle": null,
                "smoothness": null,
                "surface": null,
                "tracktype": null,
                "maxspeed": null,
                "sidewalk": null,
                "lanes": null,
                "lit": null,
                "motor_vehicle": null,
                "ref": null,
                "source:maxspeed": null,
                "lanes:backward": null,
                "traffic_calming": null
            },
            "geometry": {
                "type": "LineString",
                "coordinates": [
                    [
                        11.2831561,
                        51.8905884
                    ],
                    [
                        11.2830124,
                        51.890587
                    ],
                    [
                        11.2828354,
                        51.8905532
                    ],
                    [
                        11.2825629,
                        51.8904975
                    ],
                    [
                        11.2822674,
                        51.8904931
                    ],
                    [
                        11.2814834,
                        51.890516
                    ]
                ]
            },
            "bbox": [
                11.2814834,
                51.8904931,
                11.2831561,
                51.8905884
            ]
        },
        {
            "id": "('way', 1216721189)",
            "type": "Feature",
            "properties": {
                "name": null,
                "highway": "track",
                "nodes": [
                    3635073698,
                    11273851377,
                    11273851378,
                    11273851379,
                    11273851380,
                    11273851381,
                    11273851382
                ],
                "bicycle": null,
                "smoothness": null,
                "surface": null,
                "tracktype": null,
                "maxspeed": null,
                "sidewalk": null,
                "lanes": null,
                "lit": null,
                "motor_vehicle": null,
                "ref": null,
                "source:maxspeed": null,
                "lanes:backward": null,
                "traffic_calming": null
            },
            "geometry": {
                "type": "LineString",
                "coordinates": [
                    [
                        11.283087,
                        51.890629
                    ],
                    [
                        11.2831631,
                        51.8907334
                    ],
                    [
                        11.2832817,
                        51.890824
                    ],
                    [
                        11.2833879,
                        51.8908885
                    ],
                    [
                        11.2835064,
                        51.8909278
                    ],
                    [
                        11.2836197,
                        51.8909376
                    ],
                    [
                        11.2838055,
                        51.8909201
                    ]
                ]
            },
            "bbox": [
                11.283087,
                51.890629,
                11.2838055,
                51.8909376
            ]
        },
        {
            "id": "('way', 1252894193)",
            "type": "Feature",
            "properties": {
                "name": null,
                "highway": "track",
                "nodes": [
                    7195458735,
                    683875026
                ],
                "bicycle": null,
                "smoothness": null,
                "surface": null,
                "tracktype": null,
                "maxspeed": null,
                "sidewalk": null,
                "lanes": null,
                "lit": null,
                "motor_vehicle": null,
                "ref": null,
                "source:maxspeed": null,
                "lanes:backward": null,
                "traffic_calming": null
            },
            "geometry": {
                "type": "LineString",
                "coordinates": [
                    [
                        11.3105651,
                        51.8885142
                    ],
                    [
                        11.3102844,
                        51.8882939
                    ]
                ]
            },
            "bbox": [
                11.3102844,
                51.8882939,
                11.3105651,
                51.8885142
            ]
        },
        {
            "id": "('way', 1252894194)",
            "type": "Feature",
            "properties": {
                "name": null,
                "highway": "track",
                "nodes": [
                    4877396703,
                    4877396702
                ],
                "bicycle": null,
                "smoothness": null,
                "surface": "ground",
                "tracktype": "grade4",
                "maxspeed": null,
                "sidewalk": null,
                "lanes": null,
                "lit": null,
                "motor_vehicle": null,
                "ref": null,
                "source:maxspeed": null,
                "lanes:backward": null,
                "traffic_calming": null
            },
            "geometry": {
                "type": "LineString",
                "coordinates": [
                    [
                        11.3183811,
                        51.8798186
                    ],
                    [
                        11.3193738,
                        51.8820435
                    ]
                ]
            },
            "bbox": [
                11.3183811,
                51.8798186,
                11.3193738,
                51.8820435
            ]
        },
        {
            "id": "('way', 1252894929)",
            "type": "Feature",
            "properties": {
                "name": null,
                "highway": "track",
                "nodes": [
                    1036584868,
                    11645806062,
                    11645806063,
                    11645806064
                ],
                "bicycle": null,
                "smoothness": null,
                "surface": null,
                "tracktype": "grade3",
                "maxspeed": null,
                "sidewalk": null,
                "lanes": null,
                "lit": null,
                "motor_vehicle": null,
                "ref": null,
                "source:maxspeed": null,
                "lanes:backward": null,
                "traffic_calming": null
            },
            "geometry": {
                "type": "LineString",
                "coordinates": [
                    [
                        11.3047959,
                        51.8905506
                    ],
                    [
                        11.3047883,
                        51.8904945
                    ],
                    [
                        11.3047532,
                        51.8904436
                    ],
                    [
                        11.3047016,
                        51.8903995
                    ]
                ]
            },
            "bbox": [
                11.3047016,
                51.8903995,
                11.3047959,
                51.8905506
            ]
        }
    ],
    "bbox": [
        11.2568604,
        51.8607572,
        11.3596623,
        51.9005569
    ]
}