{
    "type": "FeatureCollection",
    "name": "test_4326",
    "crs": {
        "type": "name",
        "properties": {
            "name": "urn:ogc:def:crs:EPSG::31468"
        }
    },
    "features": [
        {
            "type": "Feature",
            "properties": {
                "id": "('way', 38140446)",
                "name": "Steinweg",
                "highway": "track",
                "nodes": [
                    1678479319,
                    448886562,
                    1678515542,
                    7204134476,
                    448886564,
                    448886568,
                    1717641963
                ],
                "bicycle": "yes",
                "smoothness": "intermediate",
                "surface": "paved",
                "tracktype": "grade2",
                "maxspeed": null,
                "sidewalk": null,
                "lanes": null,
                "lit": null,
                "access": null,
                "width": null,
                "motor_vehicle": null,
                "incline": null,
                "loc_name": null,
                "source": null,
                "ref": null,
                "source:maxspeed": null,
                "fixme": null,
                "lanes:backward": null,
                "traffic_calming": null
            },
            "geometry": {
                "type": "LineString",
                "coordinates": [
                    [
                        4453703.425184186547995,
                        5750173.232290416955948
                    ],
                    [
                        4453662.839535089209676,
                        5750035.606657268479466
                    ],
                    [
                        4453630.598591844551265,
                        5749938.207207129336894
                    ],
                    [
                        4453598.337730905041099,
                        5749836.557515981607139
                    ],
                    [
                        4453585.398518323898315,
                        5749792.02349347807467
                    ],
                    [
                        4453574.44069469999522,
                        5749725.005126525647938
                    ],
                    [
                        4453585.525054411962628,
                        5749643.628650147467852
                    ]
                ]
            }
        },
        {
            "type": "Feature",
            "properties": {
                "id": "('way', 38140451)",
                "name": null,
                "highway": "track",
                "nodes": [
                    2016664490,
                    448886635,
                    448886637,
                    448886638,
                    448886639,
                    448886640
                ],
                "bicycle": null,
                "smoothness": null,
                "surface": "dirt",
                "tracktype": "grade2",
                "maxspeed": null,
                "sidewalk": null,
                "lanes": null,
                "lit": null,
                "access": null,
                "width": null,
                "motor_vehicle": null,
                "incline": null,
                "loc_name": null,
                "source": null,
                "ref": null,
                "source:maxspeed": null,
                "fixme": null,
                "lanes:backward": null,
                "traffic_calming": null
            },
            "geometry": {
                "type": "LineString",
                "coordinates": [
                    [
                        4453191.156575362198055,
                        5748950.404929338023067
                    ],
                    [
                        4453170.701135460287333,
                        5748920.318620673380792
                    ],
                    [
                        4453120.838058568537235,
                        5748808.165330801159143
                    ],
                    [
                        4453067.049008060246706,
                        5748702.892569330520928
                    ],
                    [
                        4453002.267727038823068,
                        5748564.219116824679077
                    ],
                    [
                        4452965.999334888532758,
                        5748491.397286978550255
                    ]
                ]
            }
        },
        {
            "type": "Feature",
            "properties": {
                "id": "('way', 38140453)",
                "name": null,
                "highway": "track",
                "nodes": [
                    448886640,
                    448886642,
                    448886644,
                    448886645,
                    6783512509,
                    448886646,
                    448886647,
                    448886649,
                    448886650,
                    448886654
                ],
                "bicycle": null,
                "smoothness": null,
                "surface": null,
                "tracktype": "grade2",
                "maxspeed": null,
                "sidewalk": null,
                "lanes": null,
                "lit": null,
                "access": null,
                "width": null,
                "motor_vehicle": null,
                "incline": null,
                "loc_name": null,
                "source": null,
                "ref": null,
                "source:maxspeed": null,
                "fixme": null,
                "lanes:backward": null,
                "traffic_calming": null
            },
            "geometry": {
                "type": "LineString",
                "coordinates": [
                    [
                        4452965.999334888532758,
                        5748491.397286978550255
                    ],
                    [
                        4452961.231037728488445,
                        5748480.960112121887505
                    ],
                    [
                        4453048.817552234977484,
                        5748417.737144283950329
                    ],
                    [
                        4453167.596925191581249,
                        5748330.089155878871679
                    ],
                    [
                        4453186.999888760969043,
                        5748311.403253370895982
                    ],
                    [
                        4453242.525280458852649,
                        5748234.907961421646178
                    ],
                    [
                        4453274.539187232963741,
                        5748194.46224210690707
                    ],
                    [
                        4453344.816639831289649,
                        5748069.883221626281738
                    ],
                    [
                        4453364.186617768369615,
                        5748037.845609750598669
                    ],
                    [
                        4453375.999780909158289,
                        5748005.833836333826184
                    ]
                ]
            }
        },
        {
            "type": "Feature",
            "properties": {
                "id": "('way', 54234166)",
                "name": "Heteborner Hakelstraße",
                "highway": "residential",
                "nodes": [
                    683872135,
                    9232344565,
                    9232344566,
                    845189628,
                    9232344581,
                    10723628723,
                    9232344583,
                    9232344585,
                    9232344587,
                    9232344589,
                    845189629,
                    9232344591,
                    845189956,
                    845189957,
                    9232354820,
                    845189959,
                    845189963,
                    9232344539,
                    845189964,
                    845189967
                ],
                "bicycle": null,
                "smoothness": null,
                "surface": "sett",
                "tracktype": null,
                "maxspeed": "30",
                "sidewalk": "right",
                "lanes": null,
                "lit": null,
                "access": null,
                "width": null,
                "motor_vehicle": null,
                "incline": null,
                "loc_name": null,
                "source": null,
                "ref": null,
                "source:maxspeed": null,
                "fixme": null,
                "lanes:backward": null,
                "traffic_calming": null
            },
            "geometry": {
                "type": "LineString",
                "coordinates": [
                    [
                        4452210.979299725033343,
                        5750954.13178991433233
                    ],
                    [
                        4452178.972877156920731,
                        5750966.621715668588877
                    ],
                    [
                        4452043.091751080937684,
                        5751009.982267620041966
                    ],
                    [
                        4451826.381005043163896,
                        5751077.390622298233211
                    ],
                    [
                        4451792.872639347799122,
                        5751089.597048084251583
                    ],
                    [
                        4451773.771606569178402,
                        5751096.50185804720968
                    ],
                    [
                        4451757.511157629080117,
                        5751102.389044898562133
                    ],
                    [
                        4451719.962370184250176,
                        5751116.092567816376686
                    ],
                    [
                        4451688.403185217641294,
                        5751127.613269659690559
                    ],
                    [
                        4451648.913206917233765,
                        5751142.025952917523682
                    ],
                    [
                        4451636.529709142632782,
                        5751146.540826972573996
                    ],
                    [
                        4451613.17715363111347,
                        5751155.167545145377517
                    ],
                    [
                        4451512.139196890406311,
                        5751192.497820902615786
                    ],
                    [
                        4451504.14553165063262,
                        5751203.825006978586316
                    ],
                    [
                        4451490.025421837344766,
                        5751210.98312768433243
                    ],
                    [
                        4451454.646532932296395,
                        5751228.918314357288182
                    ],
                    [
                        4451437.265549420379102,
                        5751242.706739177927375
                    ],
                    [
                        4451432.355057156644762,
                        5751256.018210836686194
                    ],
                    [
                        4451431.376865889877081,
                        5751265.897698534652591
                    ],
                    [
                        4451429.714829646982253,
                        5751273.413682132959366
                    ]
                ]
            }
        },
        {
            "type": "Feature",
            "properties": {
                "id": "('way', 54234499)",
                "name": null,
                "highway": "track",
                "nodes": [
                    683875044,
                    7195458733,
                    1688303374,
                    6391664742,
                    1688303437,
                    1688303556,
                    1688303501
                ],
                "bicycle": null,
                "smoothness": null,
                "surface": null,
                "tracktype": null,
                "maxspeed": null,
                "sidewalk": null,
                "lanes": null,
                "lit": null,
                "access": null,
                "width": null,
                "motor_vehicle": null,
                "incline": null,
                "loc_name": null,
                "source": null,
                "ref": null,
                "source:maxspeed": null,
                "fixme": null,
                "lanes:backward": null,
                "traffic_calming": null
            },
            "geometry": {
                "type": "LineString",
                "coordinates": [
                    [
                        4453247.967585730366409,
                        5750768.044314172118902
                    ],
                    [
                        4453311.292366658337414,
                        5750735.640676281414926
                    ],
                    [
                        4453324.23110072594136,
                        5750729.121887909248471
                    ],
                    [
                        4453503.257210483774543,
                        5750619.432963277213275
                    ],
                    [
                        4453519.620489778928459,
                        5750609.411181209608912
                    ],
                    [
                        4453648.987003017216921,
                        5750538.945021940395236
                    ],
                    [
                        4453822.810436145402491,
                        5750437.049358907155693
                    ]
                ]
            }
        },
        {
            "type": "Feature",
            "properties": {
                "id": "('way', 54234501)",
                "name": "Kalkweg (Zur Domburg)",
                "highway": "track",
                "nodes": [
                    845189628,
                    9232344564,
                    845212312,
                    9232344553,
                    845193937,
                    683875031,
                    4774981500,
                    1678515711,
                    1061793156,
                    1061793050,
                    1061792905,
                    1061793390,
                    1061793591,
                    1061793337,
                    1061792957,
                    1061793134,
                    1061792968,
                    1061792969,
                    1061793432,
                    1061793191,
                    1061793037,
                    1061792902,
                    1061793496,
                    1061793476,
                    1061793030,
                    1061793041,
                    8491726947,
                    1061793444,
                    1061793256,
                    8491726933,
                    8491726946,
                    1061792855,
                    8491726945,
                    8491726944,
                    8491726975,
                    8491726943,
                    1061793447,
                    7197002088,
                    1061793250,
                    2016664494,
                    2016664492,
                    448886613,
                    1061793015,
                    2016664490,
                    1061793174,
                    2016664479,
                    1061793358
                ],
                "bicycle": null,
                "smoothness": "intermediate",
                "surface": null,
                "tracktype": "grade2",
                "maxspeed": null,
                "sidewalk": null,
                "lanes": null,
                "lit": null,
                "access": null,
                "width": null,
                "motor_vehicle": null,
                "incline": null,
                "loc_name": null,
                "source": null,
                "ref": null,
                "source:maxspeed": null,
                "fixme": null,
                "lanes:backward": null,
                "traffic_calming": null
            },
            "geometry": {
                "type": "LineString",
                "coordinates": [
                    [
                        4451826.381005043163896,
                        5751077.390622298233211
                    ],
                    [
                        4451827.579040761105716,
                        5751073.818338114768267
                    ],
                    [
                        4451837.551230940036476,
                        5751044.045717054978013
                    ],
                    [
                        4451889.318018080666661,
                        5750905.602131457999349
                    ],
                    [
                        4451920.834660940803587,
                        5750821.321231443434954
                    ],
                    [
                        4451939.780301490798593,
                        5750767.23843324650079
                    ],
                    [
                        4451943.588698820210993,
                        5750760.147142879664898
                    ],
                    [
                        4452022.945784493349493,
                        5750612.449582903645933
                    ],
                    [
                        4452069.408073527738452,
                        5750525.968047877773643
                    ],
                    [
                        4452084.525368054397404,
                        5750484.563174949027598
                    ],
                    [
                        4452090.221168551594019,
                        5750461.664227081462741
                    ],
                    [
                        4452087.03505405690521,
                        5750438.115816763602197
                    ],
                    [
                        4452079.421605929732323,
                        5750413.875348768197
                    ],
                    [
                        4452080.045492416247725,
                        5750402.074377985671163
                    ],
                    [
                        4452098.907778869383037,
                        5750134.403425353579223
                    ],
                    [
                        4452104.343596683815122,
                        5750084.979383232071996
                    ],
                    [
                        4452112.200799118727446,
                        5750056.162324548698962
                    ],
                    [
                        4452127.979222990572453,
                        5750006.639480769634247
                    ],
                    [
                        4452149.510916470550001,
                        5749940.103666513226926
                    ],
                    [
                        4452171.219334254041314,
                        5749892.738696488551795
                    ],
                    [
                        4452193.650620970875025,
                        5749843.141463906504214
                    ],
                    [
                        4452203.74728168733418,
                        5749817.251955063082278
                    ],
                    [
                        4452225.189502662979066,
                        5749741.13672202359885
                    ],
                    [
                        4452286.320581507869065,
                        5749487.774470494128764
                    ],
                    [
                        4452293.583355801180005,
                        5749474.43041227106005
                    ],
                    [
                        4452309.660145203582942,
                        5749455.861651356332004
                    ],
                    [
                        4452414.977842345833778,
                        5749355.782755870372057
                    ],
                    [
                        4452577.777005556039512,
                        5749215.170316954143345
                    ],
                    [
                        4452602.809777786955237,
                        5749201.013236570172012
                    ],
                    [
                        4452623.867676544003189,
                        5749190.398962084203959
                    ],
                    [
                        4452658.511359383352101,
                        5749173.603167284280062
                    ],
                    [
                        4452690.434015849605203,
                        5749155.275475095957518
                    ],
                    [
                        4452724.389007117599249,
                        5749137.707731767557561
                    ],
                    [
                        4452784.061904402449727,
                        5749111.318716980516911
                    ],
                    [
                        4452801.936469817534089,
                        5749100.490391830913723
                    ],
                    [
                        4452820.153575772419572,
                        5749089.458615590818226
                    ],
                    [
                        4452851.064220415428281,
                        5749067.402714299038053
                    ],
                    [
                        4452891.906885874457657,
                        5749045.320412178523839
                    ],
                    [
                        4452929.466915298253298,
                        5749027.163834319449961
                    ],
                    [
                        4452974.02865656837821,
                        5749004.980522841215134
                    ],
                    [
                        4453024.462027882225811,
                        5748991.188204706646502
                    ],
                    [
                        4453045.965181509032845,
                        5748991.153626007027924
                    ],
                    [
                        4453092.975455794483423,
                        5748988.376719007268548
                    ],
                    [
                        4453191.156575362198055,
                        5748950.404929338023067
                    ],
                    [
                        4453234.46177869848907,
                        5748934.35570993181318
                    ],
                    [
                        4453340.705557628534734,
                        5748895.098787555471063
                    ],
                    [
                        4453446.52041800506413,
                        5748865.106030886992812
                    ]
                ]
            }
        },
        {
            "type": "Feature",
            "properties": {
                "id": "('way', 70909017)",
                "name": "Lindgrund",
                "highway": "residential",
                "nodes": [
                    1058826922,
                    1058826927,
                    1058827079,
                    1058827264,
                    1058827070,
                    845183750,
                    845183752,
                    845183753,
                    845183755,
                    845183757,
                    845183759,
                    9236038096,
                    845183760,
                    9236038094,
                    9236038092,
                    845183761,
                    9236038090,
                    9236038060,
                    9236038088,
                    845183762,
                    9236038086,
                    9236038083,
                    845183763,
                    9236038081,
                    9236038079,
                    845183764,
                    9236038074,
                    845183765,
                    10893426996,
                    10893426995,
                    845198083
                ],
                "bicycle": null,
                "smoothness": null,
                "surface": null,
                "tracktype": null,
                "maxspeed": null,
                "sidewalk": null,
                "lanes": null,
                "lit": null,
                "access": null,
                "width": null,
                "motor_vehicle": null,
                "incline": null,
                "loc_name": null,
                "source": null,
                "ref": null,
                "source:maxspeed": null,
                "fixme": null,
                "lanes:backward": null,
                "traffic_calming": null
            },
            "geometry": {
                "type": "LineString",
                "coordinates": [
                    [
                        4450124.715329929254949,
                        5751158.996281150728464
                    ],
                    [
                        4450130.365146807394922,
                        5751137.297153852880001
                    ],
                    [
                        4450152.518067501485348,
                        5751136.342234262265265
                    ],
                    [
                        4450180.098047901876271,
                        5751139.717642236500978
                    ],
                    [
                        4450214.263922778889537,
                        5751146.265821678563952
                    ],
                    [
                        4450252.191478380002081,
                        5751162.090535649098456
                    ],
                    [
                        4450290.749739381484687,
                        5751176.97456924803555
                    ],
                    [
                        4450330.70950485765934,
                        5751183.944519340991974
                    ],
                    [
                        4450375.693550259806216,
                        5751176.866695268079638
                    ],
                    [
                        4450463.37168893776834,
                        5751153.899731648154557
                    ],
                    [
                        4450599.824893186800182,
                        5751133.913665250875056
                    ],
                    [
                        4450624.175070836208761,
                        5751130.95848039444536
                    ],
                    [
                        4450639.695606133900583,
                        5751129.069631325080991
                    ],
                    [
                        4450675.158113847486675,
                        5751109.347450503148139
                    ],
                    [
                        4450690.133407332934439,
                        5751101.021351408213377
                    ],
                    [
                        4450704.068476737476885,
                        5751093.328670765273273
                    ],
                    [
                        4450716.802496587857604,
                        5751088.118133774027228
                    ],
                    [
                        4450735.573354703374207,
                        5751080.678405625745654
                    ],
                    [
                        4450739.987464059144258,
                        5751079.366468133404851
                    ],
                    [
                        4450763.836369692347944,
                        5751072.310879807919264
                    ],
                    [
                        4450766.448896260932088,
                        5751071.92912317905575
                    ],
                    [
                        4450797.426946409977973,
                        5751067.296169955283403
                    ],
                    [
                        4450802.294354628771544,
                        5751066.56958821695298
                    ],
                    [
                        4450809.21120785176754,
                        5751067.714545072056353
                    ],
                    [
                        4450836.244250906631351,
                        5751072.200547084212303
                    ],
                    [
                        4450840.03027378115803,
                        5751072.831033265218139
                    ],
                    [
                        4450885.302614315412939,
                        5751087.264271998777986
                    ],
                    [
                        4450905.145007572136819,
                        5751093.590413875877857
                    ],
                    [
                        4450998.165070869028568,
                        5751123.647132588550448
                    ],
                    [
                        4451004.787870492786169,
                        5751124.3056281497702
                    ],
                    [
                        4451008.754860763438046,
                        5751123.031683536246419
                    ]
                ]
            }
        },
        {
            "type": "Feature",
            "properties": {
                "id": "('way', 70909497)",
                "name": "Parkstraße",
                "highway": "residential",
                "nodes": [
                    845190636,
                    10893436013,
                    845190653,
                    845191838,
                    9232344529,
                    845190655,
                    845190659,
                    845190660,
                    6292139269,
                    845190668,
                    845190670,
                    845190672,
                    845190673,
                    845190675
                ],
                "bicycle": null,
                "smoothness": "bad",
                "surface": "cobblestone",
                "tracktype": null,
                "maxspeed": "30",
                "sidewalk": "left",
                "lanes": "2",
                "lit": "yes",
                "access": null,
                "width": null,
                "motor_vehicle": null,
                "incline": null,
                "loc_name": null,
                "source": null,
                "ref": null,
                "source:maxspeed": null,
                "fixme": null,
                "lanes:backward": null,
                "traffic_calming": null
            },
            "geometry": {
                "type": "LineString",
                "coordinates": [
                    [
                        4451305.37350887991488,
                        5751451.357565199024975
                    ],
                    [
                        4451309.852104550227523,
                        5751446.785169168375432
                    ],
                    [
                        4451319.518418709747493,
                        5751436.932470476254821
                    ],
                    [
                        4451290.194277756847441,
                        5751367.226199511438608
                    ],
                    [
                        4451278.84864642098546,
                        5751338.928288125433028
                    ],
                    [
                        4451267.81641237065196,
                        5751310.304657683707774
                    ],
                    [
                        4451265.62976747751236,
                        5751299.966319748200476
                    ],
                    [
                        4451238.523876528255641,
                        5751246.818592012859881
                    ],
                    [
                        4451236.643093458376825,
                        5751243.153731517493725
                    ],
                    [
                        4451234.563543581403792,
                        5751219.78417348396033
                    ],
                    [
                        4451238.703261339105666,
                        5751203.019382240250707
                    ],
                    [
                        4451246.480411466211081,
                        5751187.89942657481879
                    ],
                    [
                        4451258.804699124768376,
                        5751169.563923592679203
                    ],
                    [
                        4451269.961673971265554,
                        5751152.953429151326418
                    ]
                ]
            }
        },
        {
            "type": "Feature",
            "properties": {
                "id": "('way', 70909517)",
                "name": "Anger",
                "highway": "residential",
                "nodes": [
                    845190675,
                    845190676,
                    845190677,
                    845190678,
                    845190679,
                    6704810374,
                    845190680,
                    845190682,
                    845190684
                ],
                "bicycle": null,
                "smoothness": null,
                "surface": null,
                "tracktype": null,
                "maxspeed": "30",
                "sidewalk": null,
                "lanes": null,
                "lit": null,
                "access": null,
                "width": null,
                "motor_vehicle": null,
                "incline": null,
                "loc_name": null,
                "source": null,
                "ref": null,
                "source:maxspeed": null,
                "fixme": null,
                "lanes:backward": null,
                "traffic_calming": null
            },
            "geometry": {
                "type": "LineString",
                "coordinates": [
                    [
                        4451269.961673971265554,
                        5751152.953429151326418
                    ],
                    [
                        4451289.450665761716664,
                        5751138.598680636845529
                    ],
                    [
                        4451304.917461039498448,
                        5751133.997331633232534
                    ],
                    [
                        4451318.945350909605622,
                        5751132.937401066534221
                    ],
                    [
                        4451332.562465066090226,
                        5751132.115176424384117
                    ],
                    [
                        4451335.23547846544534,
                        5751132.289498650468886
                    ],
                    [
                        4451392.435868953354657,
                        5751135.951365692541003
                    ],
                    [
                        4451447.103679115884006,
                        5751136.889966189861298
                    ],
                    [
                        4451516.502264159731567,
                        5751133.280105597339571
                    ]
                ]
            }
        },
        {
            "type": "Feature",
            "properties": {
                "id": "('way', 70909551)",
                "name": "Lindenstraße",
                "highway": "residential",
                "nodes": [
                    845193413,
                    845193414,
                    845193415,
                    845198892,
                    845197359,
                    9232344563,
                    845190684,
                    6570484189,
                    845189956
                ],
                "bicycle": null,
                "smoothness": null,
                "surface": null,
                "tracktype": null,
                "maxspeed": "30",
                "sidewalk": null,
                "lanes": null,
                "lit": null,
                "access": null,
                "width": null,
                "motor_vehicle": null,
                "incline": null,
                "loc_name": null,
                "source": null,
                "ref": null,
                "source:maxspeed": null,
                "fixme": null,
                "lanes:backward": null,
                "traffic_calming": null
            },
            "geometry": {
                "type": "LineString",
                "coordinates": [
                    [
                        4451558.593916148878634,
                        5750839.777420410886407
                    ],
                    [
                        4451547.657153900712729,
                        5750885.72803015448153
                    ],
                    [
                        4451538.049746116623282,
                        5750906.80722233466804
                    ],
                    [
                        4451531.471432940103114,
                        5750978.353218678385019
                    ],
                    [
                        4451522.607376082800329,
                        5751064.10878005810082
                    ],
                    [
                        4451517.035599733702838,
                        5751127.210513887926936
                    ],
                    [
                        4451516.502264159731567,
                        5751133.280105597339571
                    ],
                    [
                        4451513.125849617645144,
                        5751182.762926970608532
                    ],
                    [
                        4451512.139196890406311,
                        5751192.497820902615786
                    ]
                ]
            }
        },
        {
            "type": "Feature",
            "properties": {
                "id": "('way', 70909733)",
                "name": "Dorfstraße",
                "highway": "residential",
                "nodes": [
                    3874432861,
                    845197408,
                    845197410,
                    845197411,
                    845197412,
                    845197413,
                    845197420,
                    845197422,
                    9232386886,
                    845197425,
                    845197428,
                    9232344551,
                    9232344552,
                    845197431,
                    8565782248,
                    845197444,
                    845197359
                ],
                "bicycle": null,
                "smoothness": null,
                "surface": "cobblestone",
                "tracktype": null,
                "maxspeed": "30",
                "sidewalk": "both",
                "lanes": null,
                "lit": "yes",
                "access": null,
                "width": null,
                "motor_vehicle": null,
                "incline": null,
                "loc_name": null,
                "source": null,
                "ref": null,
                "source:maxspeed": null,
                "fixme": null,
                "lanes:backward": null,
                "traffic_calming": null
            },
            "geometry": {
                "type": "LineString",
                "coordinates": [
                    [
                        4451048.889506010338664,
                        5751150.079485286958516
                    ],
                    [
                        4451108.149530098773539,
                        5751146.084578759968281
                    ],
                    [
                        4451134.006778919138014,
                        5751146.566659809090197
                    ],
                    [
                        4451153.24993756506592,
                        5751150.807669684290886
                    ],
                    [
                        4451171.026903010904789,
                        5751155.786327362991869
                    ],
                    [
                        4451187.0555254900828,
                        5751160.103313826955855
                    ],
                    [
                        4451204.777242631651461,
                        5751158.005599475465715
                    ],
                    [
                        4451226.37359076552093,
                        5751150.095094825141132
                    ],
                    [
                        4451239.170751719735563,
                        5751145.675321308895946
                    ],
                    [
                        4451261.608546246774495,
                        5751137.200408838689327
                    ],
                    [
                        4451271.794859104789793,
                        5751129.790599169209599
                    ],
                    [
                        4451274.451330090872943,
                        5751123.310863932594657
                    ],
                    [
                        4451287.553483577445149,
                        5751114.136848795227706
                    ],
                    [
                        4451299.884784875437617,
                        5751109.232157743535936
                    ],
                    [
                        4451428.104592259041965,
                        5751074.0263437544927
                    ],
                    [
                        4451474.67596057895571,
                        5751064.261328597553074
                    ],
                    [
                        4451522.607376082800329,
                        5751064.10878005810082
                    ]
                ]
            }
        },
        {
            "type": "Feature",
            "properties": {
                "id": "('way', 70909832)",
                "name": null,
                "highway": "residential",
                "nodes": [
                    845198103,
                    11273851393,
                    11273851395,
                    11273851394,
                    845198318,
                    11273851396,
                    10893426989,
                    10893426991,
                    10893426990,
                    845198312
                ],
                "bicycle": null,
                "smoothness": "bad",
                "surface": null,
                "tracktype": null,
                "maxspeed": null,
                "sidewalk": null,
                "lanes": null,
                "lit": null,
                "access": null,
                "width": null,
                "motor_vehicle": null,
                "incline": null,
                "loc_name": null,
                "source": null,
                "ref": null,
                "source:maxspeed": null,
                "fixme": null,
                "lanes:backward": null,
                "traffic_calming": null
            },
            "geometry": {
                "type": "LineString",
                "coordinates": [
                    [
                        4451279.677793676964939,
                        5750985.391539119184017
                    ],
                    [
                        4451272.604767410084605,
                        5750944.133180310018361
                    ],
                    [
                        4451269.878172070719302,
                        5750938.462476436980069
                    ],
                    [
                        4451263.669400230050087,
                        5750935.796667606569827
                    ],
                    [
                        4451256.659670433960855,
                        5750935.019190633669496
                    ],
                    [
                        4451137.714356878772378,
                        5750956.396525186486542
                    ],
                    [
                        4450971.057772657833993,
                        5750982.126930458471179
                    ],
                    [
                        4450959.501957566477358,
                        5750984.665826452895999
                    ],
                    [
                        4450951.881829483434558,
                        5750987.644689066335559
                    ],
                    [
                        4450945.867408208549023,
                        5750990.774749678559601
                    ]
                ]
            }
        },
        {
            "type": "Feature",
            "properties": {
                "id": "('way', 70909836)",
                "name": "Anger",
                "highway": "residential",
                "nodes": [
                    845190675,
                    845197428
                ],
                "bicycle": null,
                "smoothness": null,
                "surface": null,
                "tracktype": null,
                "maxspeed": "30",
                "sidewalk": null,
                "lanes": "1",
                "lit": null,
                "access": null,
                "width": null,
                "motor_vehicle": null,
                "incline": null,
                "loc_name": null,
                "source": null,
                "ref": null,
                "source:maxspeed": null,
                "fixme": null,
                "lanes:backward": null,
                "traffic_calming": null
            },
            "geometry": {
                "type": "LineString",
                "coordinates": [
                    [
                        4451269.961673971265554,
                        5751152.953429151326418
                    ],
                    [
                        4451271.794859104789793,
                        5751129.790599169209599
                    ]
                ]
            }
        },
        {
            "type": "Feature",
            "properties": {
                "id": "('way', 70909838)",
                "name": "Anger",
                "highway": "residential",
                "nodes": [
                    845197431,
                    845190677
                ],
                "bicycle": null,
                "smoothness": null,
                "surface": null,
                "tracktype": null,
                "maxspeed": "30",
                "sidewalk": null,
                "lanes": null,
                "lit": null,
                "access": null,
                "width": null,
                "motor_vehicle": null,
                "incline": null,
                "loc_name": null,
                "source": null,
                "ref": null,
                "source:maxspeed": null,
                "fixme": null,
                "lanes:backward": null,
                "traffic_calming": null
            },
            "geometry": {
                "type": "LineString",
                "coordinates": [
                    [
                        4451299.884784875437617,
                        5751109.232157743535936
                    ],
                    [
                        4451304.917461039498448,
                        5751133.997331633232534
                    ]
                ]
            }
        },
        {
            "type": "Feature",
            "properties": {
                "id": "('way', 70909839)",
                "name": "Friedensstraße",
                "highway": "residential",
                "nodes": [
                    845197428,
                    845200993,
                    845198451,
                    11273851400,
                    11273851399,
                    845198106,
                    11273851401,
                    11273851402,
                    845198103,
                    845198101,
                    845198793,
                    845198097
                ],
                "bicycle": null,
                "smoothness": null,
                "surface": null,
                "tracktype": null,
                "maxspeed": "30",
                "sidewalk": null,
                "lanes": null,
                "lit": null,
                "access": null,
                "width": null,
                "motor_vehicle": null,
                "incline": null,
                "loc_name": null,
                "source": null,
                "ref": null,
                "source:maxspeed": null,
                "fixme": null,
                "lanes:backward": null,
                "traffic_calming": null
            },
            "geometry": {
                "type": "LineString",
                "coordinates": [
                    [
                        4451271.794859104789793,
                        5751129.790599169209599
                    ],
                    [
                        4451242.306992818601429,
                        5751066.139503002166748
                    ],
                    [
                        4451239.805403084494174,
                        5751058.118742994964123
                    ],
                    [
                        4451230.947375850751996,
                        5751030.842699415050447
                    ],
                    [
                        4451228.900459714233875,
                        5751020.024540293961763
                    ],
                    [
                        4451229.140119208022952,
                        5751009.284264874644578
                    ],
                    [
                        4451233.679828804917634,
                        5751003.175632625818253
                    ],
                    [
                        4451244.724855646491051,
                        5750996.959172285161912
                    ],
                    [
                        4451279.677793676964939,
                        5750985.391539119184017
                    ],
                    [
                        4451341.033633335493505,
                        5750968.003904822282493
                    ],
                    [
                        4451375.611778533086181,
                        5750958.921997447498143
                    ],
                    [
                        4451399.726518435403705,
                        5750954.993675652891397
                    ]
                ]
            }
        },
        {
            "type": "Feature",
            "properties": {
                "id": "('way', 70909840)",
                "name": "Friedensstraße",
                "highway": "residential",
                "nodes": [
                    845198798,
                    845193415,
                    845198799,
                    845198800,
                    845198802,
                    845198803,
                    845198805,
                    845198793
                ],
                "bicycle": null,
                "smoothness": null,
                "surface": null,
                "tracktype": null,
                "maxspeed": null,
                "sidewalk": null,
                "lanes": null,
                "lit": null,
                "access": null,
                "width": null,
                "motor_vehicle": null,
                "incline": null,
                "loc_name": null,
                "source": null,
                "ref": null,
                "source:maxspeed": null,
                "fixme": null,
                "lanes:backward": null,
                "traffic_calming": null
            },
            "geometry": {
                "type": "LineString",
                "coordinates": [
                    [
                        4451563.097404120489955,
                        5750910.314889452420175
                    ],
                    [
                        4451538.049746116623282,
                        5750906.80722233466804
                    ],
                    [
                        4451502.10903899744153,
                        5750910.337495351210237
                    ],
                    [
                        4451453.585880059748888,
                        5750917.784393617883325
                    ],
                    [
                        4451422.87846093904227,
                        5750924.202153075486422
                    ],
                    [
                        4451403.033857442438602,
                        5750933.964195752516389
                    ],
                    [
                        4451386.901239856146276,
                        5750946.650179657153785
                    ],
                    [
                        4451375.611778533086181,
                        5750958.921997447498143
                    ]
                ]
            }
        },
        {
            "type": "Feature",
            "properties": {
                "id": "('way', 70909842)",
                "name": "An der Bleiche",
                "highway": "residential",
                "nodes": [
                    845198892,
                    845198900,
                    845198901,
                    8565782247,
                    845198903,
                    6570484324,
                    845200550
                ],
                "bicycle": null,
                "smoothness": null,
                "surface": null,
                "tracktype": null,
                "maxspeed": "30",
                "sidewalk": null,
                "lanes": null,
                "lit": null,
                "access": null,
                "width": null,
                "motor_vehicle": null,
                "incline": null,
                "loc_name": null,
                "source": null,
                "ref": null,
                "source:maxspeed": null,
                "fixme": null,
                "lanes:backward": null,
                "traffic_calming": null
            },
            "geometry": {
                "type": "LineString",
                "coordinates": [
                    [
                        4451531.471432940103114,
                        5750978.353218678385019
                    ],
                    [
                        4451517.164170198142529,
                        5750972.64979753177613
                    ],
                    [
                        4451495.0174740543589,
                        5750974.333018478006124
                    ],
                    [
                        4451408.645807548426092,
                        5751007.116879859939218
                    ],
                    [
                        4451404.86612540204078,
                        5751008.555598560720682
                    ],
                    [
                        4451374.812373769469559,
                        5751017.704660789109766
                    ],
                    [
                        4451365.462575927376747,
                        5751020.543899327516556
                    ]
                ]
            }
        },
        {
            "type": "Feature",
            "properties": {
                "id": "('way', 70909919)",
                "name": null,
                "highway": "residential",
                "nodes": [
                    845201001,
                    845200993
                ],
                "bicycle": null,
                "smoothness": null,
                "surface": null,
                "tracktype": null,
                "maxspeed": "30",
                "sidewalk": null,
                "lanes": null,
                "lit": null,
                "access": null,
                "width": null,
                "motor_vehicle": null,
                "incline": null,
                "loc_name": null,
                "source": null,
                "ref": null,
                "source:maxspeed": null,
                "fixme": null,
                "lanes:backward": null,
                "traffic_calming": null
            },
            "geometry": {
                "type": "LineString",
                "coordinates": [
                    [
                        4451214.722596290521324,
                        5751082.053214992396533
                    ],
                    [
                        4451242.306992818601429,
                        5751066.139503002166748
                    ]
                ]
            }
        },
        {
            "type": "Feature",
            "properties": {
                "id": "('way', 77042735)",
                "name": null,
                "highway": "track",
                "nodes": [
                    291976642,
                    907166742,
                    907166739,
                    1059079006,
                    1059079013,
                    1059078875,
                    1059079052,
                    1059078850,
                    1059078711,
                    1059078970,
                    1059078943,
                    1059079048,
                    1059078978,
                    1059078726,
                    907166771
                ],
                "bicycle": null,
                "smoothness": "intermediate",
                "surface": "compacted",
                "tracktype": "grade2",
                "maxspeed": null,
                "sidewalk": null,
                "lanes": null,
                "lit": null,
                "access": "unknown",
                "width": null,
                "motor_vehicle": null,
                "incline": null,
                "loc_name": null,
                "source": null,
                "ref": null,
                "source:maxspeed": null,
                "fixme": null,
                "lanes:backward": null,
                "traffic_calming": null
            },
            "geometry": {
                "type": "LineString",
                "coordinates": [
                    [
                        4457312.731553845107555,
                        5746968.024189913645387
                    ],
                    [
                        4457083.421028411947191,
                        5747387.527418083511293
                    ],
                    [
                        4457069.220179437659681,
                        5747416.379279392771423
                    ],
                    [
                        4456836.9760168986395,
                        5747834.406454058364034
                    ],
                    [
                        4456823.851741014048457,
                        5747855.160350235179067
                    ],
                    [
                        4456811.420178204774857,
                        5747870.745311049744487
                    ],
                    [
                        4456680.015916449949145,
                        5747975.094630459323525
                    ],
                    [
                        4456651.452523153275251,
                        5747997.217544962652028
                    ],
                    [
                        4456632.282230756245553,
                        5748010.157334768213332
                    ],
                    [
                        4456591.342830952256918,
                        5748062.853877576999366
                    ],
                    [
                        4456507.159966924227774,
                        5748156.462066517211497
                    ],
                    [
                        4456461.768389496020973,
                        5748206.249639803543687
                    ],
                    [
                        4456453.762044785544276,
                        5748220.328303672373295
                    ],
                    [
                        4456446.550399286672473,
                        5748241.031877476722002
                    ],
                    [
                        4456436.982255992479622,
                        5748249.771964725106955
                    ]
                ]
            }
        },
        {
            "type": "Feature",
            "properties": {
                "id": "('way', 89369683)",
                "name": null,
                "highway": "track",
                "nodes": [
                    683872135,
                    1036584855,
                    1036584868,
                    1036584910,
                    1036584714,
                    1036584902,
                    1036584706,
                    1036584758,
                    1036584689,
                    1036584740,
                    1036584702,
                    1036584818,
                    1036584708,
                    1036584785,
                    1036584793,
                    1879242774,
                    10893436035,
                    10893436036,
                    1036584699
                ],
                "bicycle": null,
                "smoothness": null,
                "surface": null,
                "tracktype": null,
                "maxspeed": null,
                "sidewalk": null,
                "lanes": null,
                "lit": null,
                "access": null,
                "width": null,
                "motor_vehicle": null,
                "incline": null,
                "loc_name": null,
                "source": null,
                "ref": null,
                "source:maxspeed": null,
                "fixme": null,
                "lanes:backward": null,
                "traffic_calming": null
            },
            "geometry": {
                "type": "LineString",
                "coordinates": [
                    [
                        4452210.979299725033343,
                        5750954.13178991433233
                    ],
                    [
                        4452233.064289663918316,
                        5750951.005767930299044
                    ],
                    [
                        4452247.115763262845576,
                        5750952.351731880567968
                    ],
                    [
                        4452258.999664495699108,
                        5750959.604769644327462
                    ],
                    [
                        4452272.419877679087222,
                        5750972.740699981339276
                    ],
                    [
                        4452360.093487644568086,
                        5751181.145040476694703
                    ],
                    [
                        4452369.21262254845351,
                        5751208.320358842611313
                    ],
                    [
                        4452374.592716361396015,
                        5751230.368147473782301
                    ],
                    [
                        4452382.378589039668441,
                        5751272.288800216279924
                    ],
                    [
                        4452386.376481753773987,
                        5751303.930405788123608
                    ],
                    [
                        4452400.386125297285616,
                        5751339.371434014290571
                    ],
                    [
                        4452502.591257285326719,
                        5751552.49164878949523
                    ],
                    [
                        4451878.32116935774684,
                        5751932.042121050879359
                    ],
                    [
                        4451856.992833837866783,
                        5751941.082269853912294
                    ],
                    [
                        4451838.553900585509837,
                        5751944.208334101364017
                    ],
                    [
                        4451675.052552403882146,
                        5751958.535510811023414
                    ],
                    [
                        4451628.404679424129426,
                        5751960.265551256947219
                    ],
                    [
                        4451608.018363907933235,
                        5751960.596048589795828
                    ],
                    [
                        4451597.296076241880655,
                        5751962.279768292792141
                    ]
                ]
            }
        },
        {
            "type": "Feature",
            "properties": {
                "id": "('way', 89370507)",
                "name": null,
                "highway": "track",
                "nodes": [
                    232666123,
                    2421240362,
                    2421240363,
                    9106029855,
                    1296833979,
                    250163575,
                    250163576,
                    250163577,
                    250163578,
                    250163579,
                    6783553336,
                    1036593931,
                    1036593661,
                    1036593646,
                    1036593547,
                    1036593811,
                    1036593645,
                    1036593620,
                    1036593800,
                    1036593558,
                    1036593730,
                    1036593580,
                    1036593853,
                    1293933982,
                    1036593954,
                    1036593698,
                    1036593950,
                    1036593892,
                    6391600677,
                    1036593600,
                    1036593630,
                    1036593681,
                    1036593682,
                    1036593652,
                    1036593709,
                    1036593699,
                    1036593613,
                    1036593695,
                    1296804891,
                    1036593548,
                    1036593884,
                    1036593869,
                    1036593952,
                    1036593768,
                    1296805060,
                    1036593757,
                    1036593855,
                    1296804929,
                    1036593908,
                    1296805080,
                    1296805005,
                    1296804939,
                    1296804974,
                    1296805044,
                    1296805026,
                    1297039032,
                    1036593714,
                    1036593840,
                    1036593850,
                    1036593852,
                    1036593874,
                    1036593792,
                    1036593926
                ],
                "bicycle": null,
                "smoothness": null,
                "surface": null,
                "tracktype": "grade2",
                "maxspeed": null,
                "sidewalk": null,
                "lanes": null,
                "lit": null,
                "access": null,
                "width": "4",
                "motor_vehicle": null,
                "incline": null,
                "loc_name": null,
                "source": null,
                "ref": null,
                "source:maxspeed": null,
                "fixme": null,
                "lanes:backward": null,
                "traffic_calming": null
            },
            "geometry": {
                "type": "LineString",
                "coordinates": [
                    [
                        4451702.595870757475495,
                        5745390.36608552467078
                    ],
                    [
                        4451703.830231028608978,
                        5745404.029641167260706
                    ],
                    [
                        4451717.783633950166404,
                        5745432.948710365220904
                    ],
                    [
                        4451730.576829631812871,
                        5745464.516144843772054
                    ],
                    [
                        4451750.260533906519413,
                        5745513.086608282290399
                    ],
                    [
                        4451810.584416884928942,
                        5745646.590716966427863
                    ],
                    [
                        4451869.307207771576941,
                        5745790.258975187316537
                    ],
                    [
                        4451937.312186228111386,
                        5745943.486330735497177
                    ],
                    [
                        4452001.834004641510546,
                        5746108.364794892258942
                    ],
                    [
                        4452049.610071578063071,
                        5746215.341900845989585
                    ],
                    [
                        4452055.181132341735065,
                        5746229.320166631601751
                    ],
                    [
                        4452076.200996655970812,
                        5746282.040709073655307
                    ],
                    [
                        4452194.96172025706619,
                        5746485.927851314656436
                    ],
                    [
                        4452292.530335934832692,
                        5746638.388618990778923
                    ],
                    [
                        4452357.186323208734393,
                        5746751.328055060468614
                    ],
                    [
                        4452400.659107715822756,
                        5746814.340853481553495
                    ],
                    [
                        4452427.611365357413888,
                        5746849.481047937646508
                    ],
                    [
                        4452453.368592782877386,
                        5746915.599955101497471
                    ],
                    [
                        4452482.185652033425868,
                        5746992.016124057583511
                    ],
                    [
                        4452530.587158492766321,
                        5747106.580559398978949
                    ],
                    [
                        4452554.686015989631414,
                        5747153.543350462801754
                    ],
                    [
                        4452571.542549200356007,
                        5747172.06662605330348
                    ],
                    [
                        4452675.252516828477383,
                        5747258.01325617171824
                    ],
                    [
                        4452719.505959903821349,
                        5747294.360395009629428
                    ],
                    [
                        4452742.187510673888028,
                        5747308.923638835549355
                    ],
                    [
                        4452815.272442015819252,
                        5747350.163054974749684
                    ],
                    [
                        4452896.996442697942257,
                        5747393.636840908788145
                    ],
                    [
                        4452961.244839279912412,
                        5747429.609139106236398
                    ],
                    [
                        4452985.907820221036673,
                        5747443.275826748460531
                    ],
                    [
                        4453047.106601375155151,
                        5747477.452926963567734
                    ],
                    [
                        4453090.249977718107402,
                        5747506.847996762953699
                    ],
                    [
                        4453155.607379626482725,
                        5747540.152954018674791
                    ],
                    [
                        4453180.793926652520895,
                        5747545.815183715894818
                    ],
                    [
                        4453213.358605285175145,
                        5747549.928765224292874
                    ],
                    [
                        4453245.985129826702178,
                        5747561.419362962245941
                    ],
                    [
                        4453263.051974199712276,
                        5747570.406880532391369
                    ],
                    [
                        4453279.559421041980386,
                        5747588.868976599536836
                    ],
                    [
                        4453333.921188622713089,
                        5747663.89468658156693
                    ],
                    [
                        4453458.302975350990891,
                        5747829.18034664914012
                    ],
                    [
                        4453512.381337236613035,
                        5747911.354279067367315
                    ],
                    [
                        4453585.544435828924179,
                        5748028.158166692592204
                    ],
                    [
                        4453623.402216874063015,
                        5748087.260839496739209
                    ],
                    [
                        4453648.53130361251533,
                        5748126.552514879964292
                    ],
                    [
                        4453666.915661571547389,
                        5748157.627952615730464
                    ],
                    [
                        4453688.906938234344125,
                        5748208.55456754565239
                    ],
                    [
                        4453694.408197667449713,
                        5748227.631530151702464
                    ],
                    [
                        4453706.0014265505597,
                        5748242.49064114689827
                    ],
                    [
                        4453721.080609874799848,
                        5748255.147779579274356
                    ],
                    [
                        4453791.078920034691691,
                        5748315.902361769229174
                    ],
                    [
                        4453800.609665251336992,
                        5748331.259170259349048
                    ],
                    [
                        4453812.790918498300016,
                        5748345.701394372619689
                    ],
                    [
                        4453834.769555534236133,
                        5748361.09937777556479
                    ],
                    [
                        4453891.295016897842288,
                        5748408.048078576102853
                    ],
                    [
                        4453899.687474535778165,
                        5748420.277651008218527
                    ],
                    [
                        4453912.570759464986622,
                        5748435.459183014929295
                    ],
                    [
                        4454309.430702065117657,
                        5748793.094906474463642
                    ],
                    [
                        4454320.940829651430249,
                        5748800.690059332177043
                    ],
                    [
                        4454384.201151561923325,
                        5748825.061245043762028
                    ],
                    [
                        4454539.050374643877149,
                        5748881.482689545489848
                    ],
                    [
                        4454564.7952926363796,
                        5748888.882537355646491
                    ],
                    [
                        4454597.034223017282784,
                        5748890.838093852624297
                    ],
                    [
                        4454764.613295614719391,
                        5748892.972570221871138
                    ],
                    [
                        4455218.31033408921212,
                        5748898.111659679561853
                    ]
                ]
            }
        },
        {
            "type": "Feature",
            "properties": {
                "id": "('way', 89370511)",
                "name": null,
                "highway": "track",
                "nodes": [
                    1036593580,
                    448886686,
                    448886688,
                    448886690,
                    448886692,
                    448886702,
                    1036593614,
                    1036593609,
                    1036593643,
                    1036593628,
                    2289009159,
                    2289009163,
                    1036593907
                ],
                "bicycle": "yes",
                "smoothness": "bad",
                "surface": "fine_gravel",
                "tracktype": "grade2",
                "maxspeed": null,
                "sidewalk": null,
                "lanes": null,
                "lit": null,
                "access": null,
                "width": null,
                "motor_vehicle": "agricultural",
                "incline": null,
                "loc_name": null,
                "source": null,
                "ref": null,
                "source:maxspeed": null,
                "fixme": null,
                "lanes:backward": null,
                "traffic_calming": null
            },
            "geometry": {
                "type": "LineString",
                "coordinates": [
                    [
                        4452571.542549200356007,
                        5747172.06662605330348
                    ],
                    [
                        4452492.225024030543864,
                        5747200.735747473314404
                    ],
                    [
                        4452413.579114615917206,
                        5747249.985260964371264
                    ],
                    [
                        4452381.340612935833633,
                        5747279.778608730994165
                    ],
                    [
                        4452221.114199753850698,
                        5747314.061359426937997
                    ],
                    [
                        4451682.670181016437709,
                        5747437.114217053167522
                    ],
                    [
                        4451427.358005465008318,
                        5747537.423310615122318
                    ],
                    [
                        4450989.992678201757371,
                        5747712.728450889699161
                    ],
                    [
                        4450935.453631982207298,
                        5747729.485493660904467
                    ],
                    [
                        4450894.13744779676199,
                        5747737.2562485774979
                    ],
                    [
                        4450795.965467439033091,
                        5747734.123756574466825
                    ],
                    [
                        4450777.841623089276254,
                        5747735.080548915080726
                    ],
                    [
                        4450768.193132637068629,
                        5747739.670724521391094
                    ]
                ]
            }
        },
        {
            "type": "Feature",
            "properties": {
                "id": "('way', 89370516)",
                "name": null,
                "highway": "track",
                "nodes": [
                    1036593550,
                    1036593618,
                    1293933989,
                    1293934110,
                    1036593604,
                    1036593563,
                    1036593865,
                    1036593877,
                    1293934076,
                    1036593906,
                    8565736549
                ],
                "bicycle": null,
                "smoothness": "very_bad",
                "surface": "pebblestone",
                "tracktype": "grade3",
                "maxspeed": null,
                "sidewalk": null,
                "lanes": null,
                "lit": null,
                "access": null,
                "width": null,
                "motor_vehicle": null,
                "incline": "down",
                "loc_name": null,
                "source": null,
                "ref": null,
                "source:maxspeed": null,
                "fixme": null,
                "lanes:backward": null,
                "traffic_calming": null
            },
            "geometry": {
                "type": "LineString",
                "coordinates": [
                    [
                        4449617.852318773977458,
                        5749048.619938118383288
                    ],
                    [
                        4449931.492207190021873,
                        5748747.896821078844368
                    ],
                    [
                        4449934.337032970041037,
                        5748740.312898146919906
                    ],
                    [
                        4449932.969947508536279,
                        5748734.47353657335043
                    ],
                    [
                        4449925.071905955672264,
                        5748722.334535370580852
                    ],
                    [
                        4449649.504974532872438,
                        5748485.343602694571018
                    ],
                    [
                        4449570.531831595115364,
                        5748422.744522212073207
                    ],
                    [
                        4449548.166634526103735,
                        5748403.797012520954013
                    ],
                    [
                        4449495.14892418589443,
                        5748337.900169901549816
                    ],
                    [
                        4449479.231597154401243,
                        5748310.13073306158185
                    ],
                    [
                        4449454.697189199738204,
                        5748280.411896456964314
                    ]
                ]
            }
        },
        {
            "type": "Feature",
            "properties": {
                "id": "('way', 89370529)",
                "name": null,
                "highway": "track",
                "nodes": [
                    1036593908,
                    1036593925,
                    1036593945,
                    1296834163,
                    1036593706,
                    1036593623,
                    1036593857,
                    1036593578,
                    1296833944,
                    1036593882,
                    1296833706,
                    1296834499,
                    1036593725,
                    1296834601,
                    1036593593,
                    1036593560,
                    1036593930
                ],
                "bicycle": null,
                "smoothness": null,
                "surface": null,
                "tracktype": null,
                "maxspeed": null,
                "sidewalk": null,
                "lanes": null,
                "lit": null,
                "access": null,
                "width": null,
                "motor_vehicle": null,
                "incline": null,
                "loc_name": null,
                "source": null,
                "ref": null,
                "source:maxspeed": null,
                "fixme": null,
                "lanes:backward": null,
                "traffic_calming": null
            },
            "geometry": {
                "type": "LineString",
                "coordinates": [
                    [
                        4453791.078920034691691,
                        5748315.902361769229174
                    ],
                    [
                        4453821.016384710557759,
                        5748247.805808296427131
                    ],
                    [
                        4453841.3792739007622,
                        5748187.942755125463009
                    ],
                    [
                        4453854.865273272618651,
                        5748163.750333490781486
                    ],
                    [
                        4453870.384779543615878,
                        5748139.683894283138216
                    ],
                    [
                        4453896.281021998263896,
                        5748110.581567284651101
                    ],
                    [
                        4453932.700454923324287,
                        5748060.118481419980526
                    ],
                    [
                        4453970.433336609974504,
                        5747992.062548679299653
                    ],
                    [
                        4453984.645001783967018,
                        5747958.238760960288346
                    ],
                    [
                        4454013.417676951736212,
                        5747879.794679148122668
                    ],
                    [
                        4454029.631497050635517,
                        5747829.840408369898796
                    ],
                    [
                        4454050.061605338007212,
                        5747768.575651983730495
                    ],
                    [
                        4454059.896808542311192,
                        5747744.962521458975971
                    ],
                    [
                        4454070.440123281441629,
                        5747726.439206345938146
                    ],
                    [
                        4454085.261428039520979,
                        5747710.124442628584802
                    ],
                    [
                        4454111.099758435972035,
                        5747678.075098184868693
                    ],
                    [
                        4454128.46526852529496,
                        5747649.897790792398155
                    ]
                ]
            }
        },
        {
            "type": "Feature",
            "properties": {
                "id": "('way', 89370535)",
                "name": null,
                "highway": "track",
                "nodes": [
                    1036593570,
                    1036593949,
                    1036593739
                ],
                "bicycle": null,
                "smoothness": "intermediate",
                "surface": "compacted",
                "tracktype": "grade2",
                "maxspeed": null,
                "sidewalk": null,
                "lanes": null,
                "lit": null,
                "access": null,
                "width": null,
                "motor_vehicle": null,
                "incline": null,
                "loc_name": null,
                "source": null,
                "ref": null,
                "source:maxspeed": null,
                "fixme": null,
                "lanes:backward": null,
                "traffic_calming": null
            },
            "geometry": {
                "type": "LineString",
                "coordinates": [
                    [
                        4451601.085491379722953,
                        5750374.030740135349333
                    ],
                    [
                        4451022.41800622548908,
                        5749820.569582468830049
                    ],
                    [
                        4450537.302838705480099,
                        5749234.736771230585873
                    ]
                ]
            }
        },
        {
            "type": "Feature",
            "properties": {
                "id": "('way', 89370536)",
                "name": null,
                "highway": "track",
                "nodes": [
                    1036593813,
                    1036593808,
                    2289009164,
                    1036593907
                ],
                "bicycle": null,
                "smoothness": null,
                "surface": null,
                "tracktype": null,
                "maxspeed": null,
                "sidewalk": null,
                "lanes": null,
                "lit": null,
                "access": null,
                "width": null,
                "motor_vehicle": null,
                "incline": null,
                "loc_name": null,
                "source": null,
                "ref": null,
                "source:maxspeed": null,
                "fixme": null,
                "lanes:backward": null,
                "traffic_calming": null
            },
            "geometry": {
                "type": "LineString",
                "coordinates": [
                    [
                        4450907.527665320783854,
                        5748869.390150582417846
                    ],
                    [
                        4450908.9308757558465,
                        5748853.019167095422745
                    ],
                    [
                        4450774.058101405389607,
                        5747759.519990855827928
                    ],
                    [
                        4450768.193132637068629,
                        5747739.670724521391094
                    ]
                ]
            }
        },
        {
            "type": "Feature",
            "properties": {
                "id": "('way', 91237938)",
                "name": null,
                "highway": "track",
                "nodes": [
                    907166771,
                    907166766,
                    907166735,
                    907166768,
                    907166750,
                    907166743,
                    907166765,
                    1293864555,
                    907166760,
                    1293864596,
                    907166737,
                    907166769
                ],
                "bicycle": null,
                "smoothness": null,
                "surface": "gravel",
                "tracktype": "grade2",
                "maxspeed": null,
                "sidewalk": null,
                "lanes": null,
                "lit": null,
                "access": "unknown",
                "width": null,
                "motor_vehicle": null,
                "incline": null,
                "loc_name": null,
                "source": null,
                "ref": null,
                "source:maxspeed": null,
                "fixme": null,
                "lanes:backward": null,
                "traffic_calming": null
            },
            "geometry": {
                "type": "LineString",
                "coordinates": [
                    [
                        4456436.982255992479622,
                        5748249.771964725106955
                    ],
                    [
                        4456408.270468486472964,
                        5748253.738035154528916
                    ],
                    [
                        4456109.903280775994062,
                        5748296.254710020497441
                    ],
                    [
                        4456024.082934794947505,
                        5748306.976808279752731
                    ],
                    [
                        4455986.531147322617471,
                        5748314.572435603477061
                    ],
                    [
                        4455654.168679273687303,
                        5748322.030395206063986
                    ],
                    [
                        4455505.931551340967417,
                        5748323.343946241773665
                    ],
                    [
                        4455401.768694285303354,
                        5748325.571453827433288
                    ],
                    [
                        4455377.983487609773874,
                        5748332.64861333090812
                    ],
                    [
                        4455317.202833615243435,
                        5748351.638948664069176
                    ],
                    [
                        4455297.989139520563185,
                        5748357.640912880189717
                    ],
                    [
                        4455273.385287931188941,
                        5748357.860377464443445
                    ]
                ]
            }
        },
        {
            "type": "Feature",
            "properties": {
                "id": "('way', 91403181)",
                "name": "Zur Domburg",
                "highway": "track",
                "nodes": [
                    1036593570,
                    1061793368,
                    1061793565,
                    1061793591
                ],
                "bicycle": null,
                "smoothness": null,
                "surface": null,
                "tracktype": null,
                "maxspeed": null,
                "sidewalk": null,
                "lanes": null,
                "lit": null,
                "access": null,
                "width": null,
                "motor_vehicle": null,
                "incline": null,
                "loc_name": null,
                "source": null,
                "ref": null,
                "source:maxspeed": null,
                "fixme": null,
                "lanes:backward": null,
                "traffic_calming": null
            },
            "geometry": {
                "type": "LineString",
                "coordinates": [
                    [
                        4451601.085491379722953,
                        5750374.030740135349333
                    ],
                    [
                        4451613.575157555751503,
                        5750366.76632524933666
                    ],
                    [
                        4451675.667579537257552,
                        5750370.584598821587861
                    ],
                    [
                        4452079.421605929732323,
                        5750413.875348768197
                    ]
                ]
            }
        },
        {
            "type": "Feature",
            "properties": {
                "id": "('way', 114197475)",
                "name": "Cochstedter Weg",
                "highway": "track",
                "nodes": [
                    1275489096,
                    3635073689,
                    3635073690,
                    1678515844,
                    1678515823,
                    1293864622,
                    1293864628,
                    6783489983,
                    1293864606,
                    1293864611,
                    1293864612,
                    1717630103,
                    7613114741,
                    1293864613,
                    8763510639,
                    8294691727,
                    1293864615,
                    7613114742,
                    9341897069,
                    1293864616,
                    7204105614,
                    1293864618,
                    1293864598,
                    9341897080,
                    1293864600,
                    9128879184,
                    9128879182,
                    1293864620,
                    1293864627,
                    1293864629,
                    1293864586,
                    1678479319
                ],
                "bicycle": null,
                "smoothness": "intermediate",
                "surface": "compacted",
                "tracktype": "grade2",
                "maxspeed": null,
                "sidewalk": null,
                "lanes": null,
                "lit": null,
                "access": null,
                "width": null,
                "motor_vehicle": "forestry",
                "incline": null,
                "loc_name": null,
                "source": null,
                "ref": null,
                "source:maxspeed": null,
                "fixme": null,
                "lanes:backward": null,
                "traffic_calming": null
            },
            "geometry": {
                "type": "LineString",
                "coordinates": [
                    [
                        4456011.847839255817235,
                        5749969.344932148233056
                    ],
                    [
                        4456003.898900157772005,
                        5749971.45101061835885
                    ],
                    [
                        4455989.129358448088169,
                        5749973.194176736287773
                    ],
                    [
                        4455921.576275801286101,
                        5749974.132982352748513
                    ],
                    [
                        4455843.664673333987594,
                        5749982.708243607543409
                    ],
                    [
                        4455785.475614223629236,
                        5749985.046287429518998
                    ],
                    [
                        4455685.624019674025476,
                        5749978.751399542205036
                    ],
                    [
                        4455569.300848024897277,
                        5749980.304590098559856
                    ],
                    [
                        4455526.29943582881242,
                        5749961.302458581514657
                    ],
                    [
                        4455471.752520971931517,
                        5749937.240247284993529
                    ],
                    [
                        4455331.50221436843276,
                        5749895.214804712682962
                    ],
                    [
                        4455161.560948641039431,
                        5749856.162792349234223
                    ],
                    [
                        4455137.199460224248469,
                        5749849.559857465326786
                    ],
                    [
                        4455043.356410106644034,
                        5749824.129544629715383
                    ],
                    [
                        4454982.923073778860271,
                        5749817.539575548842549
                    ],
                    [
                        4454799.78157967608422,
                        5749797.579218336381018
                    ],
                    [
                        4454639.814051982946694,
                        5749780.141865405254066
                    ],
                    [
                        4454604.145768579095602,
                        5749779.852892216295004
                    ],
                    [
                        4454497.025268090888858,
                        5749782.182071601040661
                    ],
                    [
                        4454465.298100053332746,
                        5749782.870878828689456
                    ],
                    [
                        4454447.23299356084317,
                        5749785.727881080470979
                    ],
                    [
                        4454407.707219402305782,
                        5749797.437196569517255
                    ],
                    [
                        4454362.874844007194042,
                        5749820.033124300651252
                    ],
                    [
                        4454305.407445715740323,
                        5749857.121115918271244
                    ],
                    [
                        4454262.043920623138547,
                        5749885.112424875609577
                    ],
                    [
                        4454213.63603506796062,
                        5749917.189414945431054
                    ],
                    [
                        4454156.049780857749283,
                        5749947.069761696271598
                    ],
                    [
                        4454101.401278418488801,
                        5749966.809163755737245
                    ],
                    [
                        4454022.588508376851678,
                        5749977.479538928717375
                    ],
                    [
                        4453974.357068949379027,
                        5749990.273644976317883
                    ],
                    [
                        4453783.127439174801111,
                        5750112.3311274824664
                    ],
                    [
                        4453703.425184186547995,
                        5750173.232290416955948
                    ]
                ]
            }
        },
        {
            "type": "Feature",
            "properties": {
                "id": "('way', 114197476)",
                "name": null,
                "highway": "track",
                "nodes": [
                    907166769,
                    1293864554,
                    1293864553,
                    1293864642,
                    907166741,
                    1293864602,
                    907166774,
                    1293864599,
                    1293864597,
                    907166754,
                    1036593561,
                    8815660900,
                    1036593732,
                    1036593564,
                    8815660901,
                    1036593662,
                    1036593647,
                    1036593817,
                    1036593576,
                    1036593870,
                    1036593685,
                    1036593591,
                    1036593822,
                    1036593608,
                    1036593879,
                    1036593778,
                    1036593774,
                    1036593534,
                    1036593642,
                    1036593749,
                    1036593719,
                    1036593602,
                    1036593545,
                    1036593843,
                    1036593815,
                    1036593678,
                    1296833786,
                    1296835089,
                    1296834950,
                    1036593825,
                    1036593827,
                    1296834607,
                    1296834035,
                    1036593894
                ],
                "bicycle": null,
                "smoothness": "bad",
                "surface": "compacted",
                "tracktype": "grade3",
                "maxspeed": null,
                "sidewalk": null,
                "lanes": null,
                "lit": null,
                "access": null,
                "width": null,
                "motor_vehicle": "agricultural",
                "incline": "down",
                "loc_name": "Graseweg",
                "source": "OSB-Hinweis",
                "ref": null,
                "source:maxspeed": null,
                "fixme": null,
                "lanes:backward": null,
                "traffic_calming": null
            },
            "geometry": {
                "type": "LineString",
                "coordinates": [
                    [
                        4455273.385287931188941,
                        5748357.860377464443445
                    ],
                    [
                        4455262.644969872198999,
                        5748318.376690795645118
                    ],
                    [
                        4455259.223356110975146,
                        5748286.961700909771025
                    ],
                    [
                        4455250.025427787564695,
                        5748249.745356602594256
                    ],
                    [
                        4455236.535407368093729,
                        5748213.268367791548371
                    ],
                    [
                        4455151.664458945393562,
                        5748060.61591883841902
                    ],
                    [
                        4455137.386527540162206,
                        5748030.143809837289155
                    ],
                    [
                        4455132.060315793380141,
                        5748000.782231411896646
                    ],
                    [
                        4455097.966988082975149,
                        5747751.637472411617637
                    ],
                    [
                        4455095.009560523554683,
                        5747734.505790636874735
                    ],
                    [
                        4455068.510978456586599,
                        5747690.467988819815218
                    ],
                    [
                        4455024.763822851702571,
                        5747632.197519307024777
                    ],
                    [
                        4454981.647827818058431,
                        5747569.137051477096975
                    ],
                    [
                        4454961.638501055538654,
                        5747539.785104122944176
                    ],
                    [
                        4454928.531817679293454,
                        5747482.098649176768959
                    ],
                    [
                        4454837.375897011719644,
                        5747307.954447890631855
                    ],
                    [
                        4454751.60769116692245,
                        5747142.086400612257421
                    ],
                    [
                        4454688.781903749331832,
                        5747014.657268923707306
                    ],
                    [
                        4454658.65429552923888,
                        5746941.189491346478462
                    ],
                    [
                        4454647.572333516553044,
                        5746918.868350736796856
                    ],
                    [
                        4454602.887971455231309,
                        5746882.408153427764773
                    ],
                    [
                        4454544.951712519861758,
                        5746851.965858961455524
                    ],
                    [
                        4454531.479630202054977,
                        5746834.38457085378468
                    ],
                    [
                        4454511.87535441853106,
                        5746791.800433313474059
                    ],
                    [
                        4454406.501660553738475,
                        5746586.280527215451002
                    ],
                    [
                        4454358.494102421216667,
                        5746510.017217804677784
                    ],
                    [
                        4454289.24122205004096,
                        5746374.962525135837495
                    ],
                    [
                        4454258.825817435979843,
                        5746282.316375781781971
                    ],
                    [
                        4454250.530654270201921,
                        5746183.571199915371835
                    ],
                    [
                        4454236.564855344593525,
                        5746111.427311845123768
                    ],
                    [
                        4454239.009831890463829,
                        5746055.357222967781126
                    ],
                    [
                        4454232.679983234964311,
                        5746009.682112735696137
                    ],
                    [
                        4454227.299961523152888,
                        5745906.481779359281063
                    ],
                    [
                        4454226.801968750543892,
                        5745851.907345428131521
                    ],
                    [
                        4454205.636052385903895,
                        5745639.693170329555869
                    ],
                    [
                        4454205.852093197405338,
                        5745501.023934134282172
                    ],
                    [
                        4454205.857710583135486,
                        5745454.823722487315536
                    ],
                    [
                        4454201.845432814210653,
                        5745437.368374971672893
                    ],
                    [
                        4454202.247646901756525,
                        5745408.189171234145761
                    ],
                    [
                        4454204.227585195563734,
                        5745337.402079841122031
                    ],
                    [
                        4454207.715444149449468,
                        5745229.42525427788496
                    ],
                    [
                        4454210.886366032063961,
                        5745172.046723421663046
                    ],
                    [
                        4454217.763670046813786,
                        5745106.87872720323503
                    ],
                    [
                        4454244.315249567851424,
                        5744942.810838612727821
                    ]
                ]
            }
        },
        {
            "type": "Feature",
            "properties": {
                "id": "('way', 114197477)",
                "name": null,
                "highway": "track",
                "nodes": [
                    907166769,
                    1293864604,
                    1293864542,
                    1293864637,
                    1293864585,
                    8294840720,
                    1036593926
                ],
                "bicycle": null,
                "smoothness": null,
                "surface": "gravel",
                "tracktype": "grade2",
                "maxspeed": null,
                "sidewalk": null,
                "lanes": null,
                "lit": null,
                "access": "unknown",
                "width": null,
                "motor_vehicle": null,
                "incline": "up",
                "loc_name": null,
                "source": null,
                "ref": null,
                "source:maxspeed": null,
                "fixme": null,
                "lanes:backward": null,
                "traffic_calming": null
            },
            "geometry": {
                "type": "LineString",
                "coordinates": [
                    [
                        4455273.385287931188941,
                        5748357.860377464443445
                    ],
                    [
                        4455266.703519552946091,
                        5748532.294716536998749
                    ],
                    [
                        4455263.939231933094561,
                        5748554.440310011617839
                    ],
                    [
                        4455259.668364353477955,
                        5748572.170717371627688
                    ],
                    [
                        4455252.659554710611701,
                        5748614.98408482875675
                    ],
                    [
                        4455224.977633194066584,
                        5748882.685384333133698
                    ],
                    [
                        4455218.31033408921212,
                        5748898.111659679561853
                    ]
                ]
            }
        },
        {
            "type": "Feature",
            "properties": {
                "id": "('way', 114200006)",
                "name": null,
                "highway": "track",
                "nodes": [
                    1036593907,
                    2289009162,
                    2289009161,
                    2289009160,
                    1036593856,
                    1036593536,
                    1306025731,
                    1306025751,
                    3635073627,
                    1036593777,
                    1306025655,
                    1306025733,
                    1036593919,
                    1036593893
                ],
                "bicycle": "yes",
                "smoothness": "bad",
                "surface": "fine_gravel",
                "tracktype": "grade2",
                "maxspeed": null,
                "sidewalk": null,
                "lanes": null,
                "lit": null,
                "access": null,
                "width": null,
                "motor_vehicle": "agricultural",
                "incline": null,
                "loc_name": null,
                "source": null,
                "ref": null,
                "source:maxspeed": null,
                "fixme": null,
                "lanes:backward": null,
                "traffic_calming": null
            },
            "geometry": {
                "type": "LineString",
                "coordinates": [
                    [
                        4450768.193132637068629,
                        5747739.670724521391094
                    ],
                    [
                        4450759.980544853024185,
                        5747736.134972714819014
                    ],
                    [
                        4450743.597744886763394,
                        5747734.08153232280165
                    ],
                    [
                        4450511.723434339277446,
                        5747729.877375732176006
                    ],
                    [
                        4449028.213607328012586,
                        5747711.645081968046725
                    ],
                    [
                        4449002.29081005230546,
                        5747714.634871901012957
                    ],
                    [
                        4448988.457694792188704,
                        5747720.851148342713714
                    ],
                    [
                        4448957.433209584094584,
                        5747726.886349824257195
                    ],
                    [
                        4448890.704854386858642,
                        5747746.237851181998849
                    ],
                    [
                        4448761.178906699642539,
                        5747783.812886416912079
                    ],
                    [
                        4448716.773152538575232,
                        5747797.018878493458033
                    ],
                    [
                        4448677.400656173937023,
                        5747813.278302883729339
                    ],
                    [
                        4448636.462587790563703,
                        5747821.954038172960281
                    ],
                    [
                        4448607.171252073720098,
                        5747826.927690771408379
                    ]
                ]
            }
        },
        {
            "type": "Feature",
            "properties": {
                "id": "('way', 114490533)",
                "name": null,
                "highway": "track",
                "nodes": [
                    1036593930,
                    1296834746,
                    1296835007,
                    1296834274,
                    9720387342,
                    9720387343,
                    9720387341,
                    9720387340,
                    9720387339,
                    9720387338,
                    9720387337,
                    9720387336,
                    9720387335,
                    9720387334,
                    9720387333,
                    1293864634
                ],
                "bicycle": null,
                "smoothness": null,
                "surface": null,
                "tracktype": null,
                "maxspeed": null,
                "sidewalk": null,
                "lanes": null,
                "lit": null,
                "access": null,
                "width": null,
                "motor_vehicle": null,
                "incline": null,
                "loc_name": null,
                "source": null,
                "ref": null,
                "source:maxspeed": null,
                "fixme": null,
                "lanes:backward": null,
                "traffic_calming": null
            },
            "geometry": {
                "type": "LineString",
                "coordinates": [
                    [
                        4454128.46526852529496,
                        5747649.897790792398155
                    ],
                    [
                        4454177.537597729824483,
                        5747668.543444246053696
                    ],
                    [
                        4454403.661348549649119,
                        5747743.905367444269359
                    ],
                    [
                        4454416.308109709993005,
                        5747752.758928855881095
                    ],
                    [
                        4454427.068793375045061,
                        5747770.130874821916223
                    ],
                    [
                        4454457.595532925799489,
                        5747861.130237326025963
                    ],
                    [
                        4454494.180690333247185,
                        5747974.57406837400049
                    ],
                    [
                        4454502.982955248095095,
                        5748007.753502417355776
                    ],
                    [
                        4454508.504047615453601,
                        5748046.036745789460838
                    ],
                    [
                        4454514.67852040193975,
                        5748075.10071243532002
                    ],
                    [
                        4454525.982784040272236,
                        5748098.587914970703423
                    ],
                    [
                        4454546.929296365939081,
                        5748126.40522622410208
                    ],
                    [
                        4454651.267507595941424,
                        5748245.890431802719831
                    ],
                    [
                        4454657.832090409472585,
                        5748256.5132024763152
                    ],
                    [
                        4454661.074823689647019,
                        5748267.733513029292226
                    ],
                    [
                        4454675.53713804949075,
                        5748366.334736401215196
                    ]
                ]
            }
        },
        {
            "type": "Feature",
            "properties": {
                "id": "('way', 114490566)",
                "name": null,
                "highway": "track",
                "nodes": [
                    907166769,
                    1293864556,
                    1293864632,
                    1293864630,
                    1293864636,
                    1293864634
                ],
                "bicycle": null,
                "smoothness": "very_bad",
                "surface": "unhewn_cobblestone",
                "tracktype": "grade4",
                "maxspeed": null,
                "sidewalk": null,
                "lanes": null,
                "lit": null,
                "access": "unknown",
                "width": null,
                "motor_vehicle": null,
                "incline": null,
                "loc_name": null,
                "source": null,
                "ref": null,
                "source:maxspeed": null,
                "fixme": null,
                "lanes:backward": null,
                "traffic_calming": null
            },
            "geometry": {
                "type": "LineString",
                "coordinates": [
                    [
                        4455273.385287931188941,
                        5748357.860377464443445
                    ],
                    [
                        4454988.032077988609672,
                        5748365.989267152734101
                    ],
                    [
                        4454920.791459346190095,
                        5748367.327888140454888
                    ],
                    [
                        4454862.382507784292102,
                        5748364.904764911159873
                    ],
                    [
                        4454811.364285556599498,
                        5748362.415691724978387
                    ],
                    [
                        4454675.53713804949075,
                        5748366.334736401215196
                    ]
                ]
            }
        },
        {
            "type": "Feature",
            "properties": {
                "id": "('way', 155455193)",
                "name": "Steinweg",
                "highway": "track",
                "nodes": [
                    448918641,
                    448918643,
                    448918645,
                    7195511772,
                    448918646,
                    1688303533,
                    7195458712,
                    6391664725,
                    448918651,
                    448918653,
                    6391664722,
                    448918655,
                    448918656,
                    448918657,
                    1688303314,
                    448886552,
                    6391664746,
                    1678479304,
                    1688303501,
                    1678479308,
                    1678479309,
                    1678479301,
                    1678479319
                ],
                "bicycle": "yes",
                "smoothness": "intermediate",
                "surface": "paved",
                "tracktype": "grade2",
                "maxspeed": null,
                "sidewalk": null,
                "lanes": null,
                "lit": null,
                "access": null,
                "width": null,
                "motor_vehicle": null,
                "incline": null,
                "loc_name": null,
                "source": null,
                "ref": null,
                "source:maxspeed": null,
                "fixme": null,
                "lanes:backward": null,
                "traffic_calming": null
            },
            "geometry": {
                "type": "LineString",
                "coordinates": [
                    [
                        4454690.215165390633047,
                        5752042.341028452850878
                    ],
                    [
                        4454646.216139510273933,
                        5751969.432794742286205
                    ],
                    [
                        4454592.852860784158111,
                        5751859.211023990996182
                    ],
                    [
                        4454572.068075706250966,
                        5751820.977003123611212
                    ],
                    [
                        4454520.682583468034863,
                        5751726.471904639154673
                    ],
                    [
                        4454423.279448386281729,
                        5751534.109578432515264
                    ],
                    [
                        4454344.315567567013204,
                        5751362.478035573847592
                    ],
                    [
                        4454301.67429319024086,
                        5751269.787053095176816
                    ],
                    [
                        4454283.292612290009856,
                        5751229.829756314866245
                    ],
                    [
                        4454210.259468331933022,
                        5751139.353196517564356
                    ],
                    [
                        4454118.053747955709696,
                        5751009.529082732275128
                    ],
                    [
                        4454099.580997293815017,
                        5750983.181963728740811
                    ],
                    [
                        4454018.473778148181736,
                        5750846.436864513903856
                    ],
                    [
                        4453934.987404429353774,
                        5750744.198441551998258
                    ],
                    [
                        4453924.938659225590527,
                        5750722.904175576753914
                    ],
                    [
                        4453856.85685062315315,
                        5750578.686683581210673
                    ],
                    [
                        4453854.337474336847663,
                        5750569.79691802430898
                    ],
                    [
                        4453838.453459620475769,
                        5750513.86163605004549
                    ],
                    [
                        4453822.810436145402491,
                        5750437.049358907155693
                    ],
                    [
                        4453819.882232033647597,
                        5750422.66649057995528
                    ],
                    [
                        4453800.217442733235657,
                        5750372.741544160991907
                    ],
                    [
                        4453737.011002051644027,
                        5750248.05360974278301
                    ],
                    [
                        4453703.425184186547995,
                        5750173.232290416955948
                    ]
                ]
            }
        },
        {
            "type": "Feature",
            "properties": {
                "id": "('way', 155458166)",
                "name": null,
                "highway": "track",
                "nodes": [
                    1678515542,
                    683875038,
                    683875039,
                    683875041,
                    7613114757,
                    683875042
                ],
                "bicycle": null,
                "smoothness": null,
                "surface": null,
                "tracktype": null,
                "maxspeed": null,
                "sidewalk": null,
                "lanes": null,
                "lit": null,
                "access": null,
                "width": null,
                "motor_vehicle": null,
                "incline": null,
                "loc_name": null,
                "source": null,
                "ref": null,
                "source:maxspeed": null,
                "fixme": null,
                "lanes:backward": null,
                "traffic_calming": null
            },
            "geometry": {
                "type": "LineString",
                "coordinates": [
                    [
                        4453630.598591844551265,
                        5749938.207207129336894
                    ],
                    [
                        4453766.171351698227227,
                        5749887.4824532950297
                    ],
                    [
                        4453806.65663102734834,
                        5749832.184728039428592
                    ],
                    [
                        4453839.438845909200609,
                        5749809.260834480635822
                    ],
                    [
                        4453936.307934760116041,
                        5749809.537757367826998
                    ],
                    [
                        4453973.420621282421052,
                        5749809.641813379712403
                    ]
                ]
            }
        },
        {
            "type": "Feature",
            "properties": {
                "id": "('way', 155458168)",
                "name": "Teufelstal",
                "highway": "track",
                "nodes": [
                    1494567953,
                    1275489125,
                    1494567951,
                    1494567949,
                    9128879191,
                    7195458720,
                    1494567934,
                    9128879190,
                    1494567935,
                    9128879189,
                    9130235978,
                    1494567948,
                    6783512508,
                    9502995115,
                    1494567939,
                    9128879188,
                    1494567937,
                    1494567940,
                    1494567946,
                    1494567936,
                    1293864629
                ],
                "bicycle": null,
                "smoothness": null,
                "surface": null,
                "tracktype": null,
                "maxspeed": null,
                "sidewalk": null,
                "lanes": null,
                "lit": null,
                "access": null,
                "width": null,
                "motor_vehicle": null,
                "incline": null,
                "loc_name": null,
                "source": null,
                "ref": null,
                "source:maxspeed": null,
                "fixme": null,
                "lanes:backward": null,
                "traffic_calming": null
            },
            "geometry": {
                "type": "LineString",
                "coordinates": [
                    [
                        4454913.547693828120828,
                        5751301.395253946073353
                    ],
                    [
                        4454926.92105574067682,
                        5751248.264497635886073
                    ],
                    [
                        4454976.084406954236329,
                        5751147.265041787177324
                    ],
                    [
                        4454964.681509139016271,
                        5751099.598153275437653
                    ],
                    [
                        4454913.890769856050611,
                        5751030.57637900672853
                    ],
                    [
                        4454835.131501897238195,
                        5750950.056821898557246
                    ],
                    [
                        4454798.376355207525194,
                        5750919.198619104921818
                    ],
                    [
                        4454732.816002168692648,
                        5750856.609988738782704
                    ],
                    [
                        4454683.89163488894701,
                        5750817.939977357164025
                    ],
                    [
                        4454589.199640105478466,
                        5750748.806932558305562
                    ],
                    [
                        4454575.675427287817001,
                        5750736.489253296516836
                    ],
                    [
                        4454490.63077918626368,
                        5750659.459203964099288
                    ],
                    [
                        4454359.73614667635411,
                        5750505.702605864033103
                    ],
                    [
                        4454356.037516976706684,
                        5750501.808372042141855
                    ],
                    [
                        4454315.741432025097311,
                        5750459.369012410752475
                    ],
                    [
                        4454262.527380556799471,
                        5750406.410204295068979
                    ],
                    [
                        4454192.419145322404802,
                        5750357.734622006304562
                    ],
                    [
                        4454246.426250180229545,
                        5750282.532465515658259
                    ],
                    [
                        4454027.373174256645143,
                        5750228.701022988185287
                    ],
                    [
                        4454001.01066633220762,
                        5750160.142930186353624
                    ],
                    [
                        4453974.357068949379027,
                        5749990.273644976317883
                    ]
                ]
            }
        },
        {
            "type": "Feature",
            "properties": {
                "id": "('way', 156599499)",
                "name": null,
                "highway": "track",
                "nodes": [
                    448918657,
                    1688303456,
                    1688303530
                ],
                "bicycle": null,
                "smoothness": null,
                "surface": null,
                "tracktype": null,
                "maxspeed": null,
                "sidewalk": null,
                "lanes": null,
                "lit": null,
                "access": null,
                "width": null,
                "motor_vehicle": null,
                "incline": null,
                "loc_name": null,
                "source": null,
                "ref": null,
                "source:maxspeed": null,
                "fixme": null,
                "lanes:backward": null,
                "traffic_calming": null
            },
            "geometry": {
                "type": "LineString",
                "coordinates": [
                    [
                        4453934.987404429353774,
                        5750744.198441551998258
                    ],
                    [
                        4453939.324270654469728,
                        5750741.109680236317217
                    ],
                    [
                        4453970.150441340170801,
                        5750719.461902687326074
                    ]
                ]
            }
        },
        {
            "type": "Feature",
            "properties": {
                "id": "('way', 156599503)",
                "name": null,
                "highway": "track",
                "nodes": [
                    1688303314,
                    1688303530,
                    1688303466,
                    1688303342,
                    1688303323,
                    1688303465,
                    1688303438,
                    1688303519,
                    1688303532,
                    1688303535,
                    1688303339,
                    1688303507,
                    1688303553,
                    1688303497,
                    1688303373,
                    1688303528,
                    1688303552,
                    1688303340,
                    1688303549,
                    9128879195,
                    1688303505,
                    1688303317,
                    1688303321,
                    1688303461,
                    1688303524,
                    1688303493,
                    1688303377,
                    1688303319,
                    1688303343,
                    1688303459,
                    1688303463,
                    1688303536,
                    1688303499,
                    1688303523,
                    1688303376,
                    1688303411,
                    1688303417,
                    1688303436,
                    1688303472,
                    1688303348
                ],
                "bicycle": null,
                "smoothness": "horrible",
                "surface": "grass",
                "tracktype": "grade5",
                "maxspeed": null,
                "sidewalk": null,
                "lanes": null,
                "lit": null,
                "access": null,
                "width": null,
                "motor_vehicle": null,
                "incline": null,
                "loc_name": null,
                "source": null,
                "ref": null,
                "source:maxspeed": null,
                "fixme": null,
                "lanes:backward": null,
                "traffic_calming": null
            },
            "geometry": {
                "type": "LineString",
                "coordinates": [
                    [
                        4453924.938659225590527,
                        5750722.904175576753914
                    ],
                    [
                        4453970.150441340170801,
                        5750719.461902687326074
                    ],
                    [
                        4453992.319164049811661,
                        5750719.99265000782907
                    ],
                    [
                        4454049.275146534666419,
                        5750728.316074119880795
                    ],
                    [
                        4454097.336292428895831,
                        5750733.76178028434515
                    ],
                    [
                        4454129.872893433086574,
                        5750737.1579928137362
                    ],
                    [
                        4454157.975596043281257,
                        5750740.583860151469707
                    ],
                    [
                        4454183.070772370323539,
                        5750738.139924705028534
                    ],
                    [
                        4454202.968586217612028,
                        5750732.794897179119289
                    ],
                    [
                        4454219.98696303833276,
                        5750736.333593121729791
                    ],
                    [
                        4454245.142768066376448,
                        5750740.521283601410687
                    ],
                    [
                        4454264.3645263267681,
                        5750741.814544155262411
                    ],
                    [
                        4454287.303490451537073,
                        5750746.033814113587141
                    ],
                    [
                        4454308.038839274086058,
                        5750751.730964702554047
                    ],
                    [
                        4454326.597654218785465,
                        5750761.876709003001451
                    ],
                    [
                        4454343.656106874346733,
                        5750769.832992280833423
                    ],
                    [
                        4454352.745143942534924,
                        5750794.063291623257101
                    ],
                    [
                        4454358.116884851828218,
                        5750816.113146563060582
                    ],
                    [
                        4454368.699245789088309,
                        5750842.544198624789715
                    ],
                    [
                        4454377.825798564590514,
                        5750856.559344775043428
                    ],
                    [
                        4454379.187543296255171,
                        5750858.661127652972937
                    ],
                    [
                        4454380.145644375123084,
                        5750882.965538965538144
                    ],
                    [
                        4454387.010820606723428,
                        5750906.48175298795104
                    ],
                    [
                        4454397.539151911623776,
                        5750927.015890512615442
                    ],
                    [
                        4454413.130346398800611,
                        5750935.720162701793015
                    ],
                    [
                        4454427.261381297372282,
                        5750946.640972191467881
                    ],
                    [
                        4454443.629380014725029,
                        5750959.010276860557497
                    ],
                    [
                        4454460.727144755423069,
                        5750971.384126175194979
                    ],
                    [
                        4454477.054827246814966,
                        5750979.336369353346527
                    ],
                    [
                        4454491.185700668953359,
                        5750990.268484691157937
                    ],
                    [
                        4454500.93657691963017,
                        5751006.381234866566956
                    ],
                    [
                        4454504.7872020220384,
                        5751024.027524505741894
                    ],
                    [
                        4454515.254796144552529,
                        5751037.19618627987802
                    ],
                    [
                        4454530.242363918572664,
                        5751061.373234397731721
                    ],
                    [
                        4454535.017974545247853,
                        5751068.685021713376045
                    ],
                    [
                        4454538.250931743532419,
                        5751078.981802862137556
                    ],
                    [
                        4454541.085479354485869,
                        5751085.587941026315093
                    ],
                    [
                        4454540.82745950575918,
                        5751098.119614493101835
                    ],
                    [
                        4454542.385925774462521,
                        5751107.496904517523944
                    ],
                    [
                        4454544.070862168446183,
                        5751120.188980578444898
                    ]
                ]
            }
        },
        {
            "type": "Feature",
            "properties": {
                "id": "('way', 159642971)",
                "name": null,
                "highway": "track",
                "nodes": [
                    1717622682,
                    1717622684,
                    1717622685,
                    1717622687,
                    1717622688,
                    1717622689,
                    1717622691,
                    1717622694,
                    9341897060,
                    9341897061,
                    1717622695,
                    1717622698,
                    1717622715,
                    1717622719,
                    1717622718
                ],
                "bicycle": null,
                "smoothness": null,
                "surface": null,
                "tracktype": "grade4",
                "maxspeed": null,
                "sidewalk": null,
                "lanes": null,
                "lit": null,
                "access": null,
                "width": null,
                "motor_vehicle": null,
                "incline": null,
                "loc_name": null,
                "source": null,
                "ref": null,
                "source:maxspeed": null,
                "fixme": null,
                "lanes:backward": null,
                "traffic_calming": null
            },
            "geometry": {
                "type": "LineString",
                "coordinates": [
                    [
                        4456107.027222990058362,
                        5748939.187236149795353
                    ],
                    [
                        4456122.106855387799442,
                        5748967.785637112334371
                    ],
                    [
                        4456112.221089634113014,
                        5749001.376212898641825
                    ],
                    [
                        4456091.019518413580954,
                        5749020.856496596708894
                    ],
                    [
                        4456041.252306806854904,
                        5749034.489637296646833
                    ],
                    [
                        4455971.08073041960597,
                        5749042.215907489880919
                    ],
                    [
                        4455930.65033292863518,
                        5749075.062723116949201
                    ],
                    [
                        4455908.807692469097674,
                        5749138.201493721455336
                    ],
                    [
                        4455877.654047952033579,
                        5749180.236121086403728
                    ],
                    [
                        4455868.833486295305192,
                        5749233.657667711377144
                    ],
                    [
                        4455873.135034527629614,
                        5749248.174190315417945
                    ],
                    [
                        4455900.487521122209728,
                        5749349.469280598685145
                    ],
                    [
                        4455953.819620862603188,
                        5749394.688586592674255
                    ],
                    [
                        4456035.967756660655141,
                        5749476.208456859923899
                    ],
                    [
                        4456037.480143531225622,
                        5749474.325815686024725
                    ]
                ]
            }
        },
        {
            "type": "Feature",
            "properties": {
                "id": "('way', 159644223)",
                "name": null,
                "highway": "track",
                "nodes": [
                    1678515487,
                    1717630078,
                    1717630100,
                    1717630084,
                    1717630087,
                    9341897062,
                    1717630081,
                    1717630076,
                    1717630070,
                    1717630067,
                    1717630065,
                    1717630073,
                    1717630103
                ],
                "bicycle": null,
                "smoothness": null,
                "surface": null,
                "tracktype": "grade4",
                "maxspeed": null,
                "sidewalk": null,
                "lanes": null,
                "lit": null,
                "access": null,
                "width": null,
                "motor_vehicle": null,
                "incline": null,
                "loc_name": null,
                "source": null,
                "ref": null,
                "source:maxspeed": null,
                "fixme": null,
                "lanes:backward": null,
                "traffic_calming": null
            },
            "geometry": {
                "type": "LineString",
                "coordinates": [
                    [
                        4456295.284507141448557,
                        5749641.437929406762123
                    ],
                    [
                        4456237.164923124015331,
                        5749630.907006991095841
                    ],
                    [
                        4456161.992372496053576,
                        5749647.798724575899541
                    ],
                    [
                        4456070.320946355350316,
                        5749640.478716929443181
                    ],
                    [
                        4455940.076479697600007,
                        5749645.68371881917119
                    ],
                    [
                        4455913.235757624730468,
                        5749640.634373902343214
                    ],
                    [
                        4455900.28102748747915,
                        5749638.200238374061882
                    ],
                    [
                        4455803.283291971310973,
                        5749600.187457173131406
                    ],
                    [
                        4455696.93183670565486,
                        5749544.277622723020613
                    ],
                    [
                        4455580.255743588320911,
                        5749472.204641262069345
                    ],
                    [
                        4455481.749376704916358,
                        5749399.917248098179698
                    ],
                    [
                        4455363.251577001065016,
                        5749565.50983652472496
                    ],
                    [
                        4455161.560948641039431,
                        5749856.162792349234223
                    ]
                ]
            }
        },
        {
            "type": "Feature",
            "properties": {
                "id": "('way', 159645424)",
                "name": "Zur Domburg",
                "highway": "track",
                "nodes": [
                    683875014,
                    9105997158,
                    9105997156,
                    9105997157,
                    1678515634
                ],
                "bicycle": null,
                "smoothness": null,
                "surface": null,
                "tracktype": "grade4",
                "maxspeed": null,
                "sidewalk": null,
                "lanes": null,
                "lit": null,
                "access": null,
                "width": null,
                "motor_vehicle": null,
                "incline": null,
                "loc_name": null,
                "source": null,
                "ref": null,
                "source:maxspeed": null,
                "fixme": null,
                "lanes:backward": null,
                "traffic_calming": null
            },
            "geometry": {
                "type": "LineString",
                "coordinates": [
                    [
                        4453060.384111174382269,
                        5749338.513254419900477
                    ],
                    [
                        4453064.840062974020839,
                        5749359.090427491813898
                    ],
                    [
                        4453062.639318266883492,
                        5749374.132908436469734
                    ],
                    [
                        4453060.707484287209809,
                        5749388.471851582638919
                    ],
                    [
                        4453067.94819893501699,
                        5749406.363518672995269
                    ]
                ]
            }
        },
        {
            "type": "Feature",
            "properties": {
                "id": "('way', 159646151)",
                "name": null,
                "highway": "track",
                "nodes": [
                    1678515634,
                    1717641916,
                    1717641918,
                    1717641920,
                    1717641931,
                    1717641932,
                    1717641934,
                    1717641936,
                    1717641937,
                    1717641940,
                    1717641949,
                    1717641951,
                    4877396705,
                    1717641954,
                    1717641956,
                    1717641961,
                    1717641960,
                    1717641958,
                    1717641962,
                    1717641963
                ],
                "bicycle": null,
                "smoothness": null,
                "surface": null,
                "tracktype": "grade3",
                "maxspeed": null,
                "sidewalk": null,
                "lanes": null,
                "lit": null,
                "access": null,
                "width": null,
                "motor_vehicle": null,
                "incline": null,
                "loc_name": null,
                "source": null,
                "ref": null,
                "source:maxspeed": null,
                "fixme": null,
                "lanes:backward": null,
                "traffic_calming": null
            },
            "geometry": {
                "type": "LineString",
                "coordinates": [
                    [
                        4453067.94819893501699,
                        5749406.363518672995269
                    ],
                    [
                        4453107.116479992866516,
                        5749385.133159324526787
                    ],
                    [
                        4453130.744035599753261,
                        5749388.561889176256955
                    ],
                    [
                        4453160.004541275091469,
                        5749406.648379974998534
                    ],
                    [
                        4453179.286489141173661,
                        5749421.167371588759124
                    ],
                    [
                        4453218.411862802691758,
                        5749431.450819411315024
                    ],
                    [
                        4453252.499051087535918,
                        5749453.164798930287361
                    ],
                    [
                        4453273.329584546387196,
                        5749475.748125198297203
                    ],
                    [
                        4453312.724716572090983,
                        5749515.049796717241406
                    ],
                    [
                        4453346.596434528008103,
                        5749553.668787438422441
                    ],
                    [
                        4453360.378265332430601,
                        5749570.798950322903693
                    ],
                    [
                        4453373.167641337960958,
                        5749599.699945415370166
                    ],
                    [
                        4453381.818192492239177,
                        5749606.429373463615775
                    ],
                    [
                        4453387.631432678550482,
                        5749610.948619084432721
                    ],
                    [
                        4453436.398495436646044,
                        5749628.120886035263538
                    ],
                    [
                        4453458.20986002869904,
                        5749637.098285601474345
                    ],
                    [
                        4453487.2768439874053,
                        5749634.625197677873075
                    ],
                    [
                        4453524.445473986677825,
                        5749632.444334212690592
                    ],
                    [
                        4453565.792653954587877,
                        5749644.189785836264491
                    ],
                    [
                        4453585.525054411962628,
                        5749643.628650147467852
                    ]
                ]
            }
        },
        {
            "type": "Feature",
            "properties": {
                "id": "('way', 219862961)",
                "name": null,
                "highway": "track",
                "nodes": [
                    1036593813,
                    2289965237,
                    2653587471,
                    2653587465,
                    2653587473,
                    2653587472,
                    2653587474,
                    2653587475,
                    2653587477,
                    2653587479,
                    2653587483,
                    2653587476,
                    2653587492,
                    2653587469,
                    8491726968,
                    2653587456
                ],
                "bicycle": null,
                "smoothness": null,
                "surface": null,
                "tracktype": null,
                "maxspeed": null,
                "sidewalk": null,
                "lanes": null,
                "lit": null,
                "access": null,
                "width": null,
                "motor_vehicle": null,
                "incline": null,
                "loc_name": null,
                "source": null,
                "ref": null,
                "source:maxspeed": null,
                "fixme": null,
                "lanes:backward": null,
                "traffic_calming": null
            },
            "geometry": {
                "type": "LineString",
                "coordinates": [
                    [
                        4450907.527665320783854,
                        5748869.390150582417846
                    ],
                    [
                        4450979.689657159149647,
                        5748802.865509928204119
                    ],
                    [
                        4451125.898933410644531,
                        5748664.070478309877217
                    ],
                    [
                        4451163.657046533189714,
                        5748653.843641459010541
                    ],
                    [
                        4451179.284472210332751,
                        5748680.508361077867448
                    ],
                    [
                        4451219.866442813538015,
                        5748678.744621583260596
                    ],
                    [
                        4451246.062109491787851,
                        5748692.176428439095616
                    ],
                    [
                        4451274.532888955436647,
                        5748714.33235929440707
                    ],
                    [
                        4451308.170473776757717,
                        5748759.983748456463218
                    ],
                    [
                        4451334.079285051673651,
                        5748772.31718444544822
                    ],
                    [
                        4451372.237923071719706,
                        5748803.415026368573308
                    ],
                    [
                        4451519.563136757351458,
                        5748719.078064292669296
                    ],
                    [
                        4451649.330375901423395,
                        5748832.74794246815145
                    ],
                    [
                        4451870.343610003590584,
                        5748651.114671440795064
                    ],
                    [
                        4451924.538951005786657,
                        5748602.869469570927322
                    ],
                    [
                        4451937.08574494253844,
                        5748591.710839627310634
                    ]
                ]
            }
        },
        {
            "type": "Feature",
            "properties": {
                "id": "('way', 236422022)",
                "name": null,
                "highway": "track",
                "nodes": [
                    1055503997,
                    1055524583,
                    1055524904,
                    1055524601,
                    1055524595,
                    1055524701
                ],
                "bicycle": null,
                "smoothness": null,
                "surface": null,
                "tracktype": null,
                "maxspeed": null,
                "sidewalk": null,
                "lanes": null,
                "lit": null,
                "access": null,
                "width": null,
                "motor_vehicle": null,
                "incline": null,
                "loc_name": null,
                "source": null,
                "ref": null,
                "source:maxspeed": null,
                "fixme": null,
                "lanes:backward": null,
                "traffic_calming": null
            },
            "geometry": {
                "type": "LineString",
                "coordinates": [
                    [
                        4449271.880836180411279,
                        5751159.738195630721748
                    ],
                    [
                        4449275.723687550053,
                        5751151.0087233139202
                    ],
                    [
                        4449363.809023727662861,
                        5750936.503508633002639
                    ],
                    [
                        4449405.638938129879534,
                        5750835.86692258156836
                    ],
                    [
                        4449462.1344243446365,
                        5750724.778732207603753
                    ],
                    [
                        4450129.740042939782143,
                        5749666.268474069423974
                    ]
                ]
            }
        },
        {
            "type": "Feature",
            "properties": {
                "id": "('way', 259895308)",
                "name": null,
                "highway": "track",
                "nodes": [
                    2653587469,
                    2653587478,
                    2653587498,
                    2653587500,
                    2653587499,
                    1061793256
                ],
                "bicycle": null,
                "smoothness": null,
                "surface": null,
                "tracktype": null,
                "maxspeed": null,
                "sidewalk": null,
                "lanes": null,
                "lit": null,
                "access": null,
                "width": null,
                "motor_vehicle": null,
                "incline": null,
                "loc_name": null,
                "source": null,
                "ref": null,
                "source:maxspeed": null,
                "fixme": null,
                "lanes:backward": null,
                "traffic_calming": null
            },
            "geometry": {
                "type": "LineString",
                "coordinates": [
                    [
                        4451870.343610003590584,
                        5748651.114671440795064
                    ],
                    [
                        4452047.869135591201484,
                        5748753.565158014185727
                    ],
                    [
                        4452179.960960284806788,
                        5748911.557625472545624
                    ],
                    [
                        4452254.547629502601922,
                        5748965.570799353532493
                    ],
                    [
                        4452303.099944371730089,
                        5748936.655957333743572
                    ],
                    [
                        4452602.809777786955237,
                        5749201.013236570172012
                    ]
                ]
            }
        },
        {
            "type": "Feature",
            "properties": {
                "id": "('way', 358602419)",
                "name": null,
                "highway": "track",
                "nodes": [
                    845183762,
                    3635073701,
                    3635073700,
                    3635073699,
                    3635073698,
                    3635073697,
                    3635073696,
                    3635073695,
                    3635073694,
                    3635073693,
                    1293937251
                ],
                "bicycle": null,
                "smoothness": null,
                "surface": null,
                "tracktype": null,
                "maxspeed": null,
                "sidewalk": null,
                "lanes": null,
                "lit": null,
                "access": null,
                "width": null,
                "motor_vehicle": null,
                "incline": null,
                "loc_name": null,
                "source": null,
                "ref": null,
                "source:maxspeed": null,
                "fixme": null,
                "lanes:backward": null,
                "traffic_calming": null
            },
            "geometry": {
                "type": "LineString",
                "coordinates": [
                    [
                        4450763.836369692347944,
                        5751072.310879807919264
                    ],
                    [
                        4450748.845367182977498,
                        5751004.848065625876188
                    ],
                    [
                        4450745.365508807823062,
                        5750990.550168401561677
                    ],
                    [
                        4450745.053967487066984,
                        5750982.675020447000861
                    ],
                    [
                        4450748.474544286727905,
                        5750974.841067809611559
                    ],
                    [
                        4450753.187256426550448,
                        5750970.277002066373825
                    ],
                    [
                        4450766.852229740470648,
                        5750963.777793608605862
                    ],
                    [
                        4450835.008691608905792,
                        5750928.802559079602361
                    ],
                    [
                        4450874.159911381080747,
                        5750905.874311258085072
                    ],
                    [
                        4450891.461215319111943,
                        5750893.11956566106528
                    ],
                    [
                        4450898.412442293018103,
                        5750890.725795250386
                    ]
                ]
            }
        },
        {
            "type": "Feature",
            "properties": {
                "id": "('way', 484748274)",
                "name": null,
                "highway": "track",
                "nodes": [
                    4774981487,
                    683875028,
                    7195458732,
                    7195458725,
                    683875027,
                    7195458726,
                    7195458729,
                    7195458731,
                    7195458724,
                    7195458727,
                    7195458735,
                    683875026
                ],
                "bicycle": null,
                "smoothness": null,
                "surface": "ground",
                "tracktype": null,
                "maxspeed": null,
                "sidewalk": null,
                "lanes": null,
                "lit": null,
                "access": null,
                "width": null,
                "motor_vehicle": null,
                "incline": null,
                "loc_name": null,
                "source": null,
                "ref": null,
                "source:maxspeed": null,
                "fixme": null,
                "lanes:backward": null,
                "traffic_calming": null
            },
            "geometry": {
                "type": "LineString",
                "coordinates": [
                    [
                        4452885.499756282195449,
                        5751366.786743929609656
                    ],
                    [
                        4452775.680103708989918,
                        5751066.881785254925489
                    ],
                    [
                        4452757.591535192914307,
                        5750987.847883525304496
                    ],
                    [
                        4452758.69500754121691,
                        5750928.194888155907393
                    ],
                    [
                        4452755.047003132291138,
                        5750898.385747181251645
                    ],
                    [
                        4452733.656635496765375,
                        5750870.11265741661191
                    ],
                    [
                        4452711.514510256238282,
                        5750841.001074839383364
                    ],
                    [
                        4452697.706381047144532,
                        5750802.742094811983407
                    ],
                    [
                        4452675.294003189541399,
                        5750752.368857811205089
                    ],
                    [
                        4452670.762965252622962,
                        5750730.457408552989364
                    ],
                    [
                        4452657.522126499563456,
                        5750716.584322589449584
                    ],
                    [
                        4452600.483520937152207,
                        5750707.832362142391503
                    ]
                ]
            }
        },
        {
            "type": "Feature",
            "properties": {
                "id": "('way', 484748275)",
                "name": null,
                "highway": "track",
                "nodes": [
                    4774981487,
                    683875046,
                    8306521676,
                    683875047,
                    448918657
                ],
                "bicycle": null,
                "smoothness": null,
                "surface": null,
                "tracktype": null,
                "maxspeed": null,
                "sidewalk": null,
                "lanes": null,
                "lit": null,
                "access": null,
                "width": null,
                "motor_vehicle": null,
                "incline": null,
                "loc_name": null,
                "source": null,
                "ref": null,
                "source:maxspeed": null,
                "fixme": null,
                "lanes:backward": null,
                "traffic_calming": null
            },
            "geometry": {
                "type": "LineString",
                "coordinates": [
                    [
                        4452885.499756282195449,
                        5751366.786743929609656
                    ],
                    [
                        4453462.83219941239804,
                        5751026.189301643520594
                    ],
                    [
                        4453482.406913718208671,
                        5751012.943992579355836
                    ],
                    [
                        4453523.369859690777957,
                        5750985.235030735842884
                    ],
                    [
                        4453934.987404429353774,
                        5750744.198441551998258
                    ]
                ]
            }
        },
        {
            "type": "Feature",
            "properties": {
                "id": "('way', 496023975)",
                "name": null,
                "highway": "track",
                "nodes": [
                    6391664754,
                    8565736530,
                    4877419465,
                    4877419464,
                    4877419463,
                    4877419462
                ],
                "bicycle": null,
                "smoothness": "very_bad",
                "surface": "paved",
                "tracktype": "grade3",
                "maxspeed": null,
                "sidewalk": null,
                "lanes": null,
                "lit": null,
                "access": null,
                "width": null,
                "motor_vehicle": null,
                "incline": null,
                "loc_name": null,
                "source": null,
                "ref": null,
                "source:maxspeed": null,
                "fixme": null,
                "lanes:backward": null,
                "traffic_calming": null
            },
            "geometry": {
                "type": "LineString",
                "coordinates": [
                    [
                        4453156.448137584142387,
                        5750469.106789414770901
                    ],
                    [
                        4453073.973971176892519,
                        5750292.987497717142105
                    ],
                    [
                        4453031.394761640578508,
                        5750205.224675012752414
                    ],
                    [
                        4452996.845782401971519,
                        5750114.048666567541659
                    ],
                    [
                        4452928.709378145635128,
                        5749977.989115019328892
                    ],
                    [
                        4452856.159572890028358,
                        5749821.186139841564
                    ]
                ]
            }
        },
        {
            "type": "Feature",
            "properties": {
                "id": "('way', 682499047)",
                "name": null,
                "highway": "track",
                "nodes": [
                    7197002088,
                    3034552287,
                    8491726961,
                    448886642
                ],
                "bicycle": null,
                "smoothness": null,
                "surface": "dirt",
                "tracktype": "grade5",
                "maxspeed": null,
                "sidewalk": null,
                "lanes": null,
                "lit": null,
                "access": null,
                "width": null,
                "motor_vehicle": null,
                "incline": null,
                "loc_name": null,
                "source": null,
                "ref": null,
                "source:maxspeed": null,
                "fixme": null,
                "lanes:backward": null,
                "traffic_calming": null
            },
            "geometry": {
                "type": "LineString",
                "coordinates": [
                    [
                        4452891.906885874457657,
                        5749045.320412178523839
                    ],
                    [
                        4452714.019763012416661,
                        5748669.412380727007985
                    ],
                    [
                        4452718.860575947910547,
                        5748665.594560330733657
                    ],
                    [
                        4452961.231037728488445,
                        5748480.960112121887505
                    ]
                ]
            }
        },
        {
            "type": "Feature",
            "properties": {
                "id": "('way', 682499048)",
                "name": null,
                "highway": "track",
                "nodes": [
                    6391600677,
                    6391600675,
                    6391600676,
                    6391600679,
                    6391600991,
                    6391600990,
                    6391600992,
                    6391600994,
                    6391600993,
                    6391600995,
                    6391600996,
                    10083280501,
                    6391600999,
                    6391600998,
                    6391600997,
                    448886654
                ],
                "bicycle": null,
                "smoothness": null,
                "surface": "dirt",
                "tracktype": "grade2",
                "maxspeed": null,
                "sidewalk": null,
                "lanes": null,
                "lit": null,
                "access": null,
                "width": null,
                "motor_vehicle": null,
                "incline": null,
                "loc_name": null,
                "source": null,
                "ref": null,
                "source:maxspeed": null,
                "fixme": null,
                "lanes:backward": null,
                "traffic_calming": null
            },
            "geometry": {
                "type": "LineString",
                "coordinates": [
                    [
                        4452985.907820221036673,
                        5747443.275826748460531
                    ],
                    [
                        4452994.282578120008111,
                        5747469.379806827753782
                    ],
                    [
                        4453073.185504514724016,
                        5747527.615380172617733
                    ],
                    [
                        4453092.620077170431614,
                        5747551.034501095302403
                    ],
                    [
                        4453136.05597685277462,
                        5747611.082868542522192
                    ],
                    [
                        4453164.569479438476264,
                        5747656.527318893000484
                    ],
                    [
                        4453194.515456560067832,
                        5747697.541025842539966
                    ],
                    [
                        4453219.838734247721732,
                        5747717.9458062723279
                    ],
                    [
                        4453287.908125701360404,
                        5747800.176029619760811
                    ],
                    [
                        4453317.190348491072655,
                        5747828.556048633530736
                    ],
                    [
                        4453343.921218140982091,
                        5747853.020919783972204
                    ],
                    [
                        4453373.978078708052635,
                        5747869.944089299999177
                    ],
                    [
                        4453388.477792053483427,
                        5747893.421349129639566
                    ],
                    [
                        4453391.809158491902053,
                        5747928.663841476663947
                    ],
                    [
                        4453384.883939692750573,
                        5747977.38779981341213
                    ],
                    [
                        4453375.999780909158289,
                        5748005.833836333826184
                    ]
                ]
            }
        },
        {
            "type": "Feature",
            "properties": {
                "id": "('way', 682499049)",
                "name": null,
                "highway": "track",
                "nodes": [
                    6783512509,
                    6391600678,
                    6391600680,
                    6391600681,
                    6391600987,
                    6391600682,
                    6391600683,
                    6391600988,
                    6391600684,
                    6391600985,
                    6391600986,
                    448886657,
                    6391600993
                ],
                "bicycle": null,
                "smoothness": null,
                "surface": "dirt",
                "tracktype": "grade5",
                "maxspeed": null,
                "sidewalk": null,
                "lanes": null,
                "lit": null,
                "access": null,
                "width": null,
                "motor_vehicle": null,
                "incline": null,
                "loc_name": null,
                "source": null,
                "ref": null,
                "source:maxspeed": null,
                "fixme": null,
                "lanes:backward": null,
                "traffic_calming": null
            },
            "geometry": {
                "type": "LineString",
                "coordinates": [
                    [
                        4453186.999888760969043,
                        5748311.403253370895982
                    ],
                    [
                        4453180.879360518418252,
                        5748294.813986287452281
                    ],
                    [
                        4453176.117014773190022,
                        5748280.559898766689003
                    ],
                    [
                        4453155.944111995398998,
                        5748234.558978828601539
                    ],
                    [
                        4453117.48033756762743,
                        5748153.867355186492205
                    ],
                    [
                        4453070.762408567592502,
                        5748058.465107507072389
                    ],
                    [
                        4453004.492044397629797,
                        5747927.861738021485507
                    ],
                    [
                        4452985.02165140863508,
                        5747893.905754352919757
                    ],
                    [
                        4453054.652334522455931,
                        5747872.701220193877816
                    ],
                    [
                        4453123.024316877126694,
                        5747851.654084153473377
                    ],
                    [
                        4453178.358395147137344,
                        5747836.092971662059426
                    ],
                    [
                        4453201.606100705452263,
                        5747826.840582399629056
                    ],
                    [
                        4453287.908125701360404,
                        5747800.176029619760811
                    ]
                ]
            }
        },
        {
            "type": "Feature",
            "properties": {
                "id": "('way', 682506148)",
                "name": null,
                "highway": "track",
                "nodes": [
                    6391664742,
                    6391664743,
                    6391664747,
                    6391664744,
                    6391664745,
                    6391664746
                ],
                "bicycle": null,
                "smoothness": "very_horrible",
                "surface": "ground",
                "tracktype": "grade5",
                "maxspeed": null,
                "sidewalk": null,
                "lanes": null,
                "lit": null,
                "access": null,
                "width": null,
                "motor_vehicle": null,
                "incline": null,
                "loc_name": null,
                "source": null,
                "ref": null,
                "source:maxspeed": null,
                "fixme": null,
                "lanes:backward": null,
                "traffic_calming": null
            },
            "geometry": {
                "type": "LineString",
                "coordinates": [
                    [
                        4453503.257210483774543,
                        5750619.432963277213275
                    ],
                    [
                        4453532.697722235694528,
                        5750610.335830965079367
                    ],
                    [
                        4453578.543776263482869,
                        5750615.062731627374887
                    ],
                    [
                        4453619.376214936375618,
                        5750636.794493649154902
                    ],
                    [
                        4453665.16058721486479,
                        5750634.890874228440225
                    ],
                    [
                        4453854.337474336847663,
                        5750569.79691802430898
                    ]
                ]
            }
        },
        {
            "type": "Feature",
            "properties": {
                "id": "('way', 682506150)",
                "name": null,
                "highway": "track",
                "nodes": [
                    4877396702,
                    6391664749,
                    6391664750,
                    6391664751,
                    6391664752
                ],
                "bicycle": null,
                "smoothness": null,
                "surface": "dirt",
                "tracktype": "grade5",
                "maxspeed": null,
                "sidewalk": null,
                "lanes": null,
                "lit": null,
                "access": null,
                "width": null,
                "motor_vehicle": null,
                "incline": null,
                "loc_name": null,
                "source": null,
                "ref": null,
                "source:maxspeed": null,
                "fixme": null,
                "lanes:backward": null,
                "traffic_calming": null
            },
            "geometry": {
                "type": "LineString",
                "coordinates": [
                    [
                        4453239.216255492530763,
                        5749999.439416145905852
                    ],
                    [
                        4453280.264218903146684,
                        5750158.03246995806694
                    ],
                    [
                        4453294.137190806679428,
                        5750219.058864242397249
                    ],
                    [
                        4453324.314273526892066,
                        5750286.576385613530874
                    ],
                    [
                        4453334.21900993026793,
                        5750398.480584181845188
                    ]
                ]
            }
        },
        {
            "type": "Feature",
            "properties": {
                "id": "('way', 682506152)",
                "name": null,
                "highway": "track",
                "nodes": [
                    7195458733,
                    6391664754
                ],
                "bicycle": null,
                "smoothness": null,
                "surface": "dirt",
                "tracktype": "grade5",
                "maxspeed": null,
                "sidewalk": null,
                "lanes": null,
                "lit": null,
                "access": null,
                "width": null,
                "motor_vehicle": null,
                "incline": null,
                "loc_name": null,
                "source": null,
                "ref": null,
                "source:maxspeed": null,
                "fixme": null,
                "lanes:backward": null,
                "traffic_calming": null
            },
            "geometry": {
                "type": "LineString",
                "coordinates": [
                    [
                        4453311.292366658337414,
                        5750735.640676281414926
                    ],
                    [
                        4453156.448137584142387,
                        5750469.106789414770901
                    ]
                ]
            }
        },
        {
            "type": "Feature",
            "properties": {
                "id": "('way', 699637049)",
                "name": "An der Bleiche",
                "highway": "residential",
                "nodes": [
                    845198903,
                    845198097
                ],
                "bicycle": null,
                "smoothness": null,
                "surface": null,
                "tracktype": null,
                "maxspeed": "30",
                "sidewalk": null,
                "lanes": null,
                "lit": null,
                "access": null,
                "width": null,
                "motor_vehicle": null,
                "incline": null,
                "loc_name": null,
                "source": null,
                "ref": null,
                "source:maxspeed": null,
                "fixme": null,
                "lanes:backward": null,
                "traffic_calming": null
            },
            "geometry": {
                "type": "LineString",
                "coordinates": [
                    [
                        4451404.86612540204078,
                        5751008.555598560720682
                    ],
                    [
                        4451399.726518435403705,
                        5750954.993675652891397
                    ]
                ]
            }
        },
        {
            "type": "Feature",
            "properties": {
                "id": "('way', 699686764)",
                "name": "Ernst-Thälmann-Straße",
                "highway": "residential",
                "nodes": [
                    3874432861,
                    8399356579,
                    6570484241
                ],
                "bicycle": null,
                "smoothness": null,
                "surface": null,
                "tracktype": null,
                "maxspeed": null,
                "sidewalk": null,
                "lanes": null,
                "lit": null,
                "access": null,
                "width": null,
                "motor_vehicle": null,
                "incline": null,
                "loc_name": null,
                "source": null,
                "ref": null,
                "source:maxspeed": null,
                "fixme": null,
                "lanes:backward": null,
                "traffic_calming": null
            },
            "geometry": {
                "type": "LineString",
                "coordinates": [
                    [
                        4451048.889506010338664,
                        5751150.079485286958516
                    ],
                    [
                        4451043.729280486702919,
                        5751139.15829248726368
                    ],
                    [
                        4451034.33308407664299,
                        5751120.311287567950785
                    ]
                ]
            }
        },
        {
            "type": "Feature",
            "properties": {
                "id": "('way', 699686765)",
                "name": "Friedensstraße",
                "highway": "residential",
                "nodes": [
                    6570484241,
                    6570484246,
                    6570484245,
                    6570484244,
                    6570484243,
                    6570484242,
                    11273851404,
                    11273851403,
                    845198106
                ],
                "bicycle": null,
                "smoothness": null,
                "surface": null,
                "tracktype": null,
                "maxspeed": null,
                "sidewalk": null,
                "lanes": null,
                "lit": null,
                "access": null,
                "width": null,
                "motor_vehicle": null,
                "incline": null,
                "loc_name": null,
                "source": null,
                "ref": null,
                "source:maxspeed": null,
                "fixme": null,
                "lanes:backward": null,
                "traffic_calming": null
            },
            "geometry": {
                "type": "LineString",
                "coordinates": [
                    [
                        4451034.33308407664299,
                        5751120.311287567950785
                    ],
                    [
                        4451051.169366035610437,
                        5751103.689291464164853
                    ],
                    [
                        4451119.121788564138114,
                        5751065.448450057767332
                    ],
                    [
                        4451143.496559872291982,
                        5751046.605624301359057
                    ],
                    [
                        4451160.154676004312932,
                        5751030.007998152635992
                    ],
                    [
                        4451186.246923533268273,
                        5751017.10180108435452
                    ],
                    [
                        4451216.796144749037921,
                        5751005.131545212119818
                    ],
                    [
                        4451223.954364968463778,
                        5751006.319233019836247
                    ],
                    [
                        4451229.140119208022952,
                        5751009.284264874644578
                    ]
                ]
            }
        },
        {
            "type": "Feature",
            "properties": {
                "id": "('way', 699686768)",
                "name": null,
                "highway": "secondary",
                "nodes": [
                    35700416,
                    1036593536,
                    2952346181,
                    1293989639,
                    35700418,
                    1293989685,
                    1036593824,
                    1293989553,
                    1293989555,
                    2952346209,
                    1293989547,
                    1293989545,
                    35700421,
                    35700423,
                    619266986,
                    1293989720,
                    35700425,
                    619266976,
                    1293989657,
                    1293989622,
                    35700430,
                    1293924553,
                    1293924594,
                    1293924333,
                    35700432,
                    35700434,
                    1293924434,
                    1293924359,
                    1293924343,
                    35700437,
                    1036593550,
                    35700439,
                    1293924366,
                    1293924323,
                    1036593940,
                    1055524701,
                    1293937231,
                    35700444,
                    1293937260,
                    1293937256,
                    35700536,
                    1293937126,
                    1293937198,
                    10893426984,
                    1293937251,
                    10893426985
                ],
                "bicycle": null,
                "smoothness": null,
                "surface": null,
                "tracktype": null,
                "maxspeed": "100",
                "sidewalk": null,
                "lanes": "2",
                "lit": null,
                "access": null,
                "width": null,
                "motor_vehicle": null,
                "incline": null,
                "loc_name": null,
                "source": null,
                "ref": "L 66",
                "source:maxspeed": "DE:rural",
                "fixme": null,
                "lanes:backward": null,
                "traffic_calming": null
            },
            "geometry": {
                "type": "LineString",
                "coordinates": [
                    [
                        4448963.503566968254745,
                        5747668.739416592754424
                    ],
                    [
                        4449002.29081005230546,
                        5747714.634871901012957
                    ],
                    [
                        4449064.176953651942313,
                        5747791.619616065174341
                    ],
                    [
                        4449075.198024184443057,
                        5747807.686944588087499
                    ],
                    [
                        4449082.665423674508929,
                        5747820.496664569713175
                    ],
                    [
                        4449088.797060810960829,
                        5747836.101812643930316
                    ],
                    [
                        4449094.092075916007161,
                        5747851.415021191351116
                    ],
                    [
                        4449128.845472108572721,
                        5748009.238600322976708
                    ],
                    [
                        4449133.427829631604254,
                        5748034.462486087344587
                    ],
                    [
                        4449133.885136907920241,
                        5748048.3003602726385
                    ],
                    [
                        4449132.368067507632077,
                        5748059.699104657396674
                    ],
                    [
                        4449128.627851407974958,
                        5748072.655990045517683
                    ],
                    [
                        4449120.395291772671044,
                        5748089.619827104732394
                    ],
                    [
                        4449011.097416146658361,
                        5748298.000783430412412
                    ],
                    [
                        4448932.686567922122777,
                        5748445.859043556265533
                    ],
                    [
                        4448919.918155849911273,
                        5748474.553255718201399
                    ],
                    [
                        4448917.395846609026194,
                        5748487.96526400372386
                    ],
                    [
                        4448918.819966612383723,
                        5748504.686419910751283
                    ],
                    [
                        4448926.285729067400098,
                        5748519.420974330976605
                    ],
                    [
                        4448943.182715035043657,
                        5748542.360546237789094
                    ],
                    [
                        4449022.217175520956516,
                        5748643.561440098099411
                    ],
                    [
                        4449044.801062483340502,
                        5748669.692728045396507
                    ],
                    [
                        4449061.659637071192265,
                        5748684.888382237404585
                    ],
                    [
                        4449084.886821677908301,
                        5748698.439306743443012
                    ],
                    [
                        4449111.959042236208916,
                        5748711.461695520207286
                    ],
                    [
                        4449394.789010608568788,
                        5748825.269579350948334
                    ],
                    [
                        4449435.308365470729768,
                        5748842.019170588813722
                    ],
                    [
                        4449460.934628469869494,
                        5748855.948198843747377
                    ],
                    [
                        4449477.994945818558335,
                        5748870.163978893309832
                    ],
                    [
                        4449505.494480116292834,
                        5748903.235775010660291
                    ],
                    [
                        4449617.852318773977458,
                        5749048.619938118383288
                    ],
                    [
                        4449863.313494904898107,
                        5749367.562947698868811
                    ],
                    [
                        4449883.864355647005141,
                        5749394.330267393961549
                    ],
                    [
                        4449912.395279797725379,
                        5749428.473279124125838
                    ],
                    [
                        4450112.888642515055835,
                        5749646.985477834939957
                    ],
                    [
                        4450129.740042939782143,
                        5749666.268474069423974
                    ],
                    [
                        4450153.296080807223916,
                        5749693.552206105552614
                    ],
                    [
                        4450495.861296536400914,
                        5750091.444081649184227
                    ],
                    [
                        4450513.180218766443431,
                        5750113.739242205396295
                    ],
                    [
                        4450529.78361964225769,
                        5750141.694249668158591
                    ],
                    [
                        4450771.123040601611137,
                        5750615.826129904016852
                    ],
                    [
                        4450817.457223203964531,
                        5750707.806420185603201
                    ],
                    [
                        4450844.685396077111363,
                        5750768.461742313578725
                    ],
                    [
                        4450871.106217517517507,
                        5750829.703751097433269
                    ],
                    [
                        4450898.412442293018103,
                        5750890.725795250386
                    ],
                    [
                        4450910.613049197010696,
                        5750916.722249473445117
                    ]
                ]
            }
        },
        {
            "type": "Feature",
            "properties": {
                "id": "('way', 723224112)",
                "name": null,
                "highway": "track",
                "nodes": [
                    1688303530,
                    9502995116
                ],
                "bicycle": null,
                "smoothness": "very_bad",
                "surface": "grass",
                "tracktype": "grade5",
                "maxspeed": null,
                "sidewalk": null,
                "lanes": null,
                "lit": null,
                "access": null,
                "width": null,
                "motor_vehicle": null,
                "incline": null,
                "loc_name": null,
                "source": null,
                "ref": null,
                "source:maxspeed": null,
                "fixme": null,
                "lanes:backward": null,
                "traffic_calming": null
            },
            "geometry": {
                "type": "LineString",
                "coordinates": [
                    [
                        4453970.150441340170801,
                        5750719.461902687326074
                    ],
                    [
                        4454299.70012495201081,
                        5750533.578570488840342
                    ]
                ]
            }
        },
        {
            "type": "Feature",
            "properties": {
                "id": "('way', 750912785)",
                "name": null,
                "highway": "track",
                "nodes": [
                    1688303501,
                    7020507684,
                    7020519885,
                    7020519887,
                    1494567946,
                    7020519886,
                    7020507658,
                    7020507657,
                    7020507656,
                    7020507667,
                    9341897075,
                    9128879177,
                    7020507668,
                    7020507669,
                    7020507673,
                    9341897074,
                    7020507671,
                    7020507674,
                    7020507672,
                    9341897068,
                    7020507670,
                    7020507663,
                    7020507659,
                    8294691727,
                    7020507661,
                    7020507664,
                    7020507662,
                    7613114750,
                    7020507665,
                    7020507666,
                    7020507679,
                    7204105623,
                    7020507676,
                    7020507680,
                    7020507675,
                    7613114751,
                    9128879181,
                    7020507682,
                    7020507677,
                    7020507678,
                    7020507681,
                    7020507683,
                    448886572
                ],
                "bicycle": null,
                "smoothness": null,
                "surface": "dirt",
                "tracktype": "grade5",
                "maxspeed": null,
                "sidewalk": null,
                "lanes": null,
                "lit": null,
                "access": null,
                "width": null,
                "motor_vehicle": null,
                "incline": null,
                "loc_name": null,
                "source": null,
                "ref": null,
                "source:maxspeed": null,
                "fixme": null,
                "lanes:backward": null,
                "traffic_calming": null
            },
            "geometry": {
                "type": "LineString",
                "coordinates": [
                    [
                        4453822.810436145402491,
                        5750437.049358907155693
                    ],
                    [
                        4453891.740592389367521,
                        5750388.133115372620523
                    ],
                    [
                        4453957.299981856718659,
                        5750338.681327620521188
                    ],
                    [
                        4453976.113209473900497,
                        5750269.853039738722146
                    ],
                    [
                        4454027.373174256645143,
                        5750228.701022988185287
                    ],
                    [
                        4454071.890829234384,
                        5750215.151396044529974
                    ],
                    [
                        4454132.080246729776263,
                        5750212.763985510915518
                    ],
                    [
                        4454179.132129789330065,
                        5750206.714146693237126
                    ],
                    [
                        4454219.419479293748736,
                        5750190.589601412415504
                    ],
                    [
                        4454274.702602151781321,
                        5750171.947258621454239
                    ],
                    [
                        4454316.894483057782054,
                        5750156.195579123683274
                    ],
                    [
                        4454330.915028315968812,
                        5750150.960331267677248
                    ],
                    [
                        4454388.757480109110475,
                        5750133.486549850553274
                    ],
                    [
                        4454458.231235217303038,
                        5750108.463550174608827
                    ],
                    [
                        4454524.222496150992811,
                        5750082.059968901798129
                    ],
                    [
                        4454536.567602376453578,
                        5750073.513455498032272
                    ],
                    [
                        4454546.319146103225648,
                        5750066.759738897904754
                    ],
                    [
                        4454587.407436275854707,
                        5750035.431066499091685
                    ],
                    [
                        4454634.37107206042856,
                        5749999.632011039182544
                    ],
                    [
                        4454664.782290917821229,
                        5749971.627586900256574
                    ],
                    [
                        4454727.709295300766826,
                        5749913.686404003761709
                    ],
                    [
                        4454767.234095803461969,
                        5749859.184156324714422
                    ],
                    [
                        4454793.299368176609278,
                        5749821.783857663162053
                    ],
                    [
                        4454799.78157967608422,
                        5749797.579218336381018
                    ],
                    [
                        4454778.635805519297719,
                        5749775.771421286277473
                    ],
                    [
                        4454744.174017005600035,
                        5749723.02777352835983
                    ],
                    [
                        4454688.911782310344279,
                        5749658.666379990056157
                    ],
                    [
                        4454664.329487290233374,
                        5749637.735802464187145
                    ],
                    [
                        4454620.411125957034528,
                        5749600.334030404686928
                    ],
                    [
                        4454553.64990665577352,
                        5749571.462949312292039
                    ],
                    [
                        4454500.158584784716368,
                        5749539.512385626323521
                    ],
                    [
                        4454435.01499099470675,
                        5749547.06998295057565
                    ],
                    [
                        4454417.492565744556487,
                        5749549.109853759407997
                    ],
                    [
                        4454300.782110324129462,
                        5749553.12159744091332
                    ],
                    [
                        4454206.467939756810665,
                        5749581.989967172965407
                    ],
                    [
                        4454153.093592160381377,
                        5749606.713237409479916
                    ],
                    [
                        4454131.023479385301471,
                        5749619.744968794286251
                    ],
                    [
                        4454100.945977828465402,
                        5749637.490216144360602
                    ],
                    [
                        4454019.607343162409961,
                        5749670.660810397006571
                    ],
                    [
                        4453945.766230927780271,
                        5749675.767571371048689
                    ],
                    [
                        4453840.855387768708169,
                        5749676.732864260673523
                    ],
                    [
                        4453747.727228997275233,
                        5749673.162920078262687
                    ],
                    [
                        4453586.936205222271383,
                        5749635.381378877907991
                    ]
                ]
            }
        },
        {
            "type": "Feature",
            "properties": {
                "id": "('way', 770874441)",
                "name": null,
                "highway": "track",
                "nodes": [
                    7195458730,
                    7195488138,
                    7195458722
                ],
                "bicycle": null,
                "smoothness": null,
                "surface": null,
                "tracktype": "grade5",
                "maxspeed": null,
                "sidewalk": null,
                "lanes": null,
                "lit": null,
                "access": null,
                "width": null,
                "motor_vehicle": null,
                "incline": null,
                "loc_name": null,
                "source": null,
                "ref": null,
                "source:maxspeed": null,
                "fixme": null,
                "lanes:backward": null,
                "traffic_calming": null
            },
            "geometry": {
                "type": "LineString",
                "coordinates": [
                    [
                        4452891.958626088686287,
                        5750165.651951192878187
                    ],
                    [
                        4452807.149456711485982,
                        5750574.967977955006063
                    ],
                    [
                        4452790.884365851059556,
                        5750601.849100810475647
                    ]
                ]
            }
        },
        {
            "type": "Feature",
            "properties": {
                "id": "('way', 770874442)",
                "name": null,
                "highway": "track",
                "nodes": [
                    683875044,
                    6391664741,
                    6391664740,
                    6391664739,
                    6391664738,
                    6391664737,
                    7195458725
                ],
                "bicycle": null,
                "smoothness": "very_horrible",
                "surface": "ground",
                "tracktype": "grade5",
                "maxspeed": null,
                "sidewalk": null,
                "lanes": null,
                "lit": null,
                "access": null,
                "width": null,
                "motor_vehicle": null,
                "incline": null,
                "loc_name": null,
                "source": null,
                "ref": null,
                "source:maxspeed": null,
                "fixme": null,
                "lanes:backward": null,
                "traffic_calming": null
            },
            "geometry": {
                "type": "LineString",
                "coordinates": [
                    [
                        4453247.967585730366409,
                        5750768.044314172118902
                    ],
                    [
                        4453113.983640303835273,
                        5750812.559652714990079
                    ],
                    [
                        4453050.362951154820621,
                        5750852.824493408203125
                    ],
                    [
                        4452900.096238585188985,
                        5750898.444079928100109
                    ],
                    [
                        4452823.473279671743512,
                        5750919.795234529301524
                    ],
                    [
                        4452770.589178920723498,
                        5750926.391370341181755
                    ],
                    [
                        4452758.69500754121691,
                        5750928.194888155907393
                    ]
                ]
            }
        },
        {
            "type": "Feature",
            "properties": {
                "id": "('way', 771701876)",
                "name": null,
                "highway": "track",
                "nodes": [
                    4877396702,
                    7204134475,
                    7204134476
                ],
                "bicycle": null,
                "smoothness": null,
                "surface": null,
                "tracktype": "grade4",
                "maxspeed": null,
                "sidewalk": null,
                "lanes": null,
                "lit": null,
                "access": null,
                "width": null,
                "motor_vehicle": null,
                "incline": null,
                "loc_name": null,
                "source": null,
                "ref": null,
                "source:maxspeed": null,
                "fixme": null,
                "lanes:backward": null,
                "traffic_calming": null
            },
            "geometry": {
                "type": "LineString",
                "coordinates": [
                    [
                        4453239.216255492530763,
                        5749999.439416145905852
                    ],
                    [
                        4453488.476146978326142,
                        5749886.202404453419149
                    ],
                    [
                        4453598.337730905041099,
                        5749836.557515981607139
                    ]
                ]
            }
        },
        {
            "type": "Feature",
            "properties": {
                "id": "('way', 771702895)",
                "name": null,
                "highway": "track",
                "nodes": [
                    7204145989,
                    7204145990,
                    7204145991,
                    7204145992,
                    4877396705
                ],
                "bicycle": null,
                "smoothness": null,
                "surface": null,
                "tracktype": "grade4",
                "maxspeed": null,
                "sidewalk": null,
                "lanes": null,
                "lit": null,
                "access": null,
                "width": null,
                "motor_vehicle": null,
                "incline": null,
                "loc_name": null,
                "source": null,
                "ref": null,
                "source:maxspeed": null,
                "fixme": null,
                "lanes:backward": null,
                "traffic_calming": null
            },
            "geometry": {
                "type": "LineString",
                "coordinates": [
                    [
                        4453557.417596711777151,
                        5749330.56664718221873
                    ],
                    [
                        4453452.796809997409582,
                        5749505.145383893512189
                    ],
                    [
                        4453421.440787145867944,
                        5749550.391029864549637
                    ],
                    [
                        4453398.087854041717947,
                        5749581.564303330145776
                    ],
                    [
                        4453381.818192492239177,
                        5749606.429373463615775
                    ]
                ]
            }
        },
        {
            "type": "Feature",
            "properties": {
                "id": "('way', 771703804)",
                "name": null,
                "highway": "track",
                "nodes": [
                    7204105614,
                    7204105621,
                    7204105616,
                    7204105618,
                    7204105617,
                    7204105619,
                    7204105620,
                    7204105615,
                    7204105627,
                    7204105623,
                    7204105622,
                    7204105624,
                    7204105625,
                    7204105626,
                    7204105628,
                    7204105629,
                    7204105637,
                    7204105630,
                    7204105632,
                    7204105636,
                    7204105631,
                    7204105633,
                    7204105635,
                    7204105634,
                    7204105648,
                    7204105642,
                    7204105644,
                    7204105640,
                    7204105643,
                    7204105638,
                    7204105641,
                    7204105647,
                    7204105645,
                    7204105649,
                    7204105646,
                    7204105639,
                    1717641906
                ],
                "bicycle": null,
                "smoothness": null,
                "surface": null,
                "tracktype": "grade5",
                "maxspeed": null,
                "sidewalk": null,
                "lanes": null,
                "lit": null,
                "access": null,
                "width": null,
                "motor_vehicle": null,
                "incline": null,
                "loc_name": null,
                "source": null,
                "ref": null,
                "source:maxspeed": null,
                "fixme": null,
                "lanes:backward": null,
                "traffic_calming": null
            },
            "geometry": {
                "type": "LineString",
                "coordinates": [
                    [
                        4454447.23299356084317,
                        5749785.727881080470979
                    ],
                    [
                        4454452.56308934930712,
                        5749753.899935871362686
                    ],
                    [
                        4454452.971657858230174,
                        5749717.788224171847105
                    ],
                    [
                        4454446.031756202690303,
                        5749685.426442537456751
                    ],
                    [
                        4454437.611027927137911,
                        5749653.812535361386836
                    ],
                    [
                        4454431.501586467958987,
                        5749631.758203311823308
                    ],
                    [
                        4454426.242884539999068,
                        5749622.225448136217892
                    ],
                    [
                        4454425.40555442776531,
                        5749611.183683726936579
                    ],
                    [
                        4454425.251310333609581,
                        5749594.227126142941415
                    ],
                    [
                        4454435.01499099470675,
                        5749547.06998295057565
                    ],
                    [
                        4454439.499921024776995,
                        5749535.879679798148572
                    ],
                    [
                        4454442.802325405180454,
                        5749493.098689443431795
                    ],
                    [
                        4454448.295537474565208,
                        5749447.360191311687231
                    ],
                    [
                        4454447.424652341753244,
                        5749432.624478893354535
                    ],
                    [
                        4454444.925769601948559,
                        5749401.691138674505055
                    ],
                    [
                        4454440.236187946051359,
                        5749373.726442417129874
                    ],
                    [
                        4454436.343937256373465,
                        5749351.651952389627695
                    ],
                    [
                        4454436.20997853577137,
                        5749336.920670450665057
                    ],
                    [
                        4454402.231101997196674,
                        5749337.964126280508935
                    ],
                    [
                        4454384.53153935354203,
                        5749341.808330117724836
                    ],
                    [
                        4454364.52725865971297,
                        5749336.093006339855492
                    ],
                    [
                        4454343.906907506287098,
                        5749343.647078699432313
                    ],
                    [
                        4454332.806241833604872,
                        5749341.545025169849396
                    ],
                    [
                        4454324.558924444951117,
                        5749329.090882757678628
                    ],
                    [
                        4454307.488896895200014,
                        5749320.40031535923481
                    ],
                    [
                        4454292.636130704544485,
                        5749312.423981636762619
                    ],
                    [
                        4454273.261053962633014,
                        5749294.173973698168993
                    ],
                    [
                        4454257.590446465648711,
                        5749278.104551623575389
                    ],
                    [
                        4454228.587976803071797,
                        5749257.739397388882935
                    ],
                    [
                        4454211.524248689413071,
                        5749249.783493909984827
                    ],
                    [
                        4454201.944168002344668,
                        5749252.81976040173322
                    ],
                    [
                        4454178.194085149094462,
                        5749241.241950647905469
                    ],
                    [
                        4454157.512941690161824,
                        5749242.165487605147064
                    ],
                    [
                        4454137.49455186445266,
                        5749234.982389466837049
                    ],
                    [
                        4454114.683569709770381,
                        5749245.506177609786391
                    ],
                    [
                        4454092.609667903743684,
                        5749256.034445596858859
                    ],
                    [
                        4454087.240307481959462,
                        5749262.348288641311228
                    ]
                ]
            }
        },
        {
            "type": "Feature",
            "properties": {
                "id": "('way', 771704446)",
                "name": null,
                "highway": "track",
                "nodes": [
                    1717641912,
                    7204159997,
                    7204160008,
                    7204160000,
                    7204160002,
                    7204160010,
                    7204159996,
                    7204159995,
                    7204160012,
                    7204160006,
                    7204160003,
                    7204159999,
                    7204160011,
                    7204160007,
                    7204160005,
                    7204160001,
                    7204160004,
                    7204160009,
                    448886572
                ],
                "bicycle": null,
                "smoothness": null,
                "surface": null,
                "tracktype": "grade5",
                "maxspeed": null,
                "sidewalk": null,
                "lanes": null,
                "lit": null,
                "access": null,
                "width": null,
                "motor_vehicle": null,
                "incline": null,
                "loc_name": null,
                "source": null,
                "ref": null,
                "source:maxspeed": null,
                "fixme": null,
                "lanes:backward": null,
                "traffic_calming": null
            },
            "geometry": {
                "type": "LineString",
                "coordinates": [
                    [
                        4454034.519065444357693,
                        5749321.038346805609763
                    ],
                    [
                        4454005.457756891846657,
                        5749340.855608231388032
                    ],
                    [
                        4453991.60532576777041,
                        5749361.612739178352058
                    ],
                    [
                        4453969.688013575039804,
                        5749388.352566669695079
                    ],
                    [
                        4453955.781674907542765,
                        5749403.212837575003505
                    ],
                    [
                        4453935.926272287964821,
                        5749413.721423634327948
                    ],
                    [
                        4453933.154855404980481,
                        5749433.642481694929302
                    ],
                    [
                        4453914.875083439052105,
                        5749454.4516631513834
                    ],
                    [
                        4453892.112980458885431,
                        5749470.127964983694255
                    ],
                    [
                        4453859.0484773600474,
                        5749490.339007381349802
                    ],
                    [
                        4453838.538166630081832,
                        5749509.689085102640092
                    ],
                    [
                        4453793.589090411551297,
                        5749522.632663832046092
                    ],
                    [
                        4453761.917273215018213,
                        5749533.974194233305752
                    ],
                    [
                        4453722.890761445276439,
                        5749548.343699606135488
                    ],
                    [
                        4453693.457124546170235,
                        5749561.879330463707447
                    ],
                    [
                        4453676.597955689765513,
                        5749576.033283935859799
                    ],
                    [
                        4453661.151320378296077,
                        5749583.553493095561862
                    ],
                    [
                        4453631.185827280394733,
                        5749619.204351944848895
                    ],
                    [
                        4453586.936205222271383,
                        5749635.381378877907991
                    ]
                ]
            }
        },
        {
            "type": "Feature",
            "properties": {
                "id": "('way', 783542084)",
                "name": null,
                "highway": "track",
                "nodes": [
                    1061793358,
                    6783512509
                ],
                "bicycle": null,
                "smoothness": null,
                "surface": null,
                "tracktype": "grade2",
                "maxspeed": null,
                "sidewalk": null,
                "lanes": null,
                "lit": null,
                "access": null,
                "width": null,
                "motor_vehicle": null,
                "incline": null,
                "loc_name": null,
                "source": null,
                "ref": null,
                "source:maxspeed": null,
                "fixme": null,
                "lanes:backward": null,
                "traffic_calming": null
            },
            "geometry": {
                "type": "LineString",
                "coordinates": [
                    [
                        4453446.52041800506413,
                        5748865.106030886992812
                    ],
                    [
                        4453186.999888760969043,
                        5748311.403253370895982
                    ]
                ]
            }
        },
        {
            "type": "Feature",
            "properties": {
                "id": "('way', 783542448)",
                "name": null,
                "highway": "track",
                "nodes": [
                    448886654,
                    448886656,
                    448886657,
                    448886658,
                    448886659,
                    448886661,
                    448886663,
                    448886665,
                    448886671,
                    1036593892
                ],
                "bicycle": null,
                "smoothness": null,
                "surface": null,
                "tracktype": "grade4",
                "maxspeed": null,
                "sidewalk": null,
                "lanes": null,
                "lit": null,
                "access": null,
                "width": null,
                "motor_vehicle": null,
                "incline": null,
                "loc_name": null,
                "source": null,
                "ref": null,
                "source:maxspeed": null,
                "fixme": null,
                "lanes:backward": null,
                "traffic_calming": null
            },
            "geometry": {
                "type": "LineString",
                "coordinates": [
                    [
                        4453375.999780909158289,
                        5748005.833836333826184
                    ],
                    [
                        4453336.954062048345804,
                        5747972.692852877080441
                    ],
                    [
                        4453201.606100705452263,
                        5747826.840582399629056
                    ],
                    [
                        4453124.71741596236825,
                        5747724.008336843922734
                    ],
                    [
                        4453067.745112848468125,
                        5747639.016984486952424
                    ],
                    [
                        4453014.085546983405948,
                        5747592.328704092651606
                    ],
                    [
                        4452993.031489872373641,
                        5747554.19254291895777
                    ],
                    [
                        4452974.655911478213966,
                        5747486.532925436273217
                    ],
                    [
                        4452962.640436870977283,
                        5747466.004511265084147
                    ],
                    [
                        4452961.244839279912412,
                        5747429.609139106236398
                    ]
                ]
            }
        },
        {
            "type": "Feature",
            "properties": {
                "id": "('way', 783542449)",
                "name": null,
                "highway": "track",
                "nodes": [
                    448886642,
                    7317962605,
                    10083280499,
                    10083280500,
                    6391600988
                ],
                "bicycle": null,
                "smoothness": null,
                "surface": null,
                "tracktype": "grade2",
                "maxspeed": null,
                "sidewalk": null,
                "lanes": null,
                "lit": null,
                "access": null,
                "width": null,
                "motor_vehicle": null,
                "incline": null,
                "loc_name": null,
                "source": null,
                "ref": null,
                "source:maxspeed": null,
                "fixme": null,
                "lanes:backward": null,
                "traffic_calming": null
            },
            "geometry": {
                "type": "LineString",
                "coordinates": [
                    [
                        4452961.231037728488445,
                        5748480.960112121887505
                    ],
                    [
                        4452712.353471559472382,
                        5747991.141001406125724
                    ],
                    [
                        4452713.26124238409102,
                        5747982.208346423693001
                    ],
                    [
                        4452723.725246549583972,
                        5747972.651464397087693
                    ],
                    [
                        4452985.02165140863508,
                        5747893.905754352919757
                    ]
                ]
            }
        },
        {
            "type": "Feature",
            "properties": {
                "id": "('way', 815042212)",
                "name": null,
                "highway": "track",
                "nodes": [
                    7613114750,
                    7613114749,
                    7613114748,
                    7613114747,
                    7613114746,
                    7613114745,
                    7613114744,
                    7613114742
                ],
                "bicycle": null,
                "smoothness": null,
                "surface": null,
                "tracktype": "grade4",
                "maxspeed": null,
                "sidewalk": null,
                "lanes": null,
                "lit": null,
                "access": null,
                "width": null,
                "motor_vehicle": null,
                "incline": null,
                "loc_name": null,
                "source": null,
                "ref": null,
                "source:maxspeed": null,
                "fixme": null,
                "lanes:backward": null,
                "traffic_calming": null
            },
            "geometry": {
                "type": "LineString",
                "coordinates": [
                    [
                        4454664.329487290233374,
                        5749637.735802464187145
                    ],
                    [
                        4454665.938715626485646,
                        5749668.688417978584766
                    ],
                    [
                        4454655.790730690583587,
                        5749690.333751528523862
                    ],
                    [
                        4454641.045618260279298,
                        5749714.602246184833348
                    ],
                    [
                        4454635.220748590305448,
                        5749723.868354798294604
                    ],
                    [
                        4454618.354343116283417,
                        5749738.208349779248238
                    ],
                    [
                        4454603.717274566181004,
                        5749753.084568371996284
                    ],
                    [
                        4454604.145768579095602,
                        5749779.852892216295004
                    ]
                ]
            }
        },
        {
            "type": "Feature",
            "properties": {
                "id": "('way', 815042213)",
                "name": null,
                "highway": "track",
                "nodes": [
                    1293864629,
                    7613114761,
                    7613114760,
                    7613114759,
                    7613114758,
                    7613114757,
                    7613114756,
                    7613114755,
                    7613114754,
                    7613114753,
                    7613114752,
                    7020507682
                ],
                "bicycle": null,
                "smoothness": null,
                "surface": null,
                "tracktype": "grade4",
                "maxspeed": null,
                "sidewalk": null,
                "lanes": null,
                "lit": null,
                "access": null,
                "width": null,
                "motor_vehicle": null,
                "incline": null,
                "loc_name": null,
                "source": null,
                "ref": null,
                "source:maxspeed": null,
                "fixme": null,
                "lanes:backward": null,
                "traffic_calming": null
            },
            "geometry": {
                "type": "LineString",
                "coordinates": [
                    [
                        4453974.357068949379027,
                        5749990.273644976317883
                    ],
                    [
                        4453970.382848455570638,
                        5749939.970285355113447
                    ],
                    [
                        4453962.885345899499953,
                        5749887.707516704685986
                    ],
                    [
                        4453953.70145623292774,
                        5749853.530977233313024
                    ],
                    [
                        4453941.238913759589195,
                        5749823.790997586213052
                    ],
                    [
                        4453936.307934760116041,
                        5749809.537757367826998
                    ],
                    [
                        4453927.637190357781947,
                        5749790.756717138923705
                    ],
                    [
                        4453945.827795260585845,
                        5749760.378905192017555
                    ],
                    [
                        4453985.404118615202606,
                        5749725.008875286206603
                    ],
                    [
                        4454028.300127469003201,
                        5749689.608711222186685
                    ],
                    [
                        4454064.612357053905725,
                        5749660.901133893057704
                    ],
                    [
                        4454100.945977828465402,
                        5749637.490216144360602
                    ]
                ]
            }
        },
        {
            "type": "Feature",
            "properties": {
                "id": "('way', 892461480)",
                "name": null,
                "highway": "track",
                "nodes": [
                    8294840720,
                    8294840719
                ],
                "bicycle": null,
                "smoothness": null,
                "surface": "gravel",
                "tracktype": "grade2",
                "maxspeed": null,
                "sidewalk": null,
                "lanes": null,
                "lit": null,
                "access": "unknown",
                "width": null,
                "motor_vehicle": null,
                "incline": null,
                "loc_name": null,
                "source": null,
                "ref": null,
                "source:maxspeed": null,
                "fixme": null,
                "lanes:backward": null,
                "traffic_calming": null
            },
            "geometry": {
                "type": "LineString",
                "coordinates": [
                    [
                        4455224.977633194066584,
                        5748882.685384333133698
                    ],
                    [
                        4455233.341361859813333,
                        5748898.32232532184571
                    ]
                ]
            }
        },
        {
            "type": "Feature",
            "properties": {
                "id": "('way', 893728224)",
                "name": null,
                "highway": "track",
                "nodes": [
                    4877335033,
                    8306492918,
                    8306492919,
                    8306492920,
                    8306492921,
                    8306492922,
                    8306492923,
                    8306492924,
                    8306492925,
                    8306492926,
                    8306492927,
                    8306492928,
                    8306492929,
                    8306492930,
                    8306492931,
                    8306492932,
                    8306492933,
                    8306492934,
                    8306492935,
                    8306492936,
                    8306492937,
                    8306492938,
                    8306492939
                ],
                "bicycle": null,
                "smoothness": "very_bad",
                "surface": "ground",
                "tracktype": "grade4",
                "maxspeed": null,
                "sidewalk": null,
                "lanes": null,
                "lit": null,
                "access": null,
                "width": null,
                "motor_vehicle": null,
                "incline": null,
                "loc_name": null,
                "source": null,
                "ref": null,
                "source:maxspeed": null,
                "fixme": null,
                "lanes:backward": null,
                "traffic_calming": null
            },
            "geometry": {
                "type": "LineString",
                "coordinates": [
                    [
                        4452049.047598552890122,
                        5750763.35383596457541
                    ],
                    [
                        4452073.031963635236025,
                        5750775.876274581998587
                    ],
                    [
                        4452100.79620620328933,
                        5750781.196657379157841
                    ],
                    [
                        4452113.118199282325804,
                        5750781.635219090618193
                    ],
                    [
                        4452121.481254938058555,
                        5750778.484126629307866
                    ],
                    [
                        4452129.787187178619206,
                        5750768.634919680655003
                    ],
                    [
                        4452139.405370731838048,
                        5750749.837914931587875
                    ],
                    [
                        4452148.738696127198637,
                        5750730.765467165969312
                    ],
                    [
                        4452152.509324872866273,
                        5750715.362560228444636
                    ],
                    [
                        4452167.276702018454671,
                        5750707.966491657309234
                    ],
                    [
                        4452194.30904686357826,
                        5750698.617392748594284
                    ],
                    [
                        4452213.80248854495585,
                        5750687.159386890009046
                    ],
                    [
                        4452228.256044789217412,
                        5750671.387591399252415
                    ],
                    [
                        4452246.036653532646596,
                        5750647.806098089553416
                    ],
                    [
                        4452268.637585224583745,
                        5750623.533354288898408
                    ],
                    [
                        4452288.020406806841493,
                        5750598.968671487644315
                    ],
                    [
                        4452310.877454541623592,
                        5750568.284329639747739
                    ],
                    [
                        4452334.985646238550544,
                        5750533.738128643482924
                    ],
                    [
                        4452349.86336637288332,
                        5750508.904997789300978
                    ],
                    [
                        4452364.765572945587337,
                        5750486.630972725339234
                    ],
                    [
                        4452382.922920626588166,
                        5750468.498811803758144
                    ],
                    [
                        4452401.74196797516197,
                        5750452.597030030563474
                    ],
                    [
                        4452421.211508570238948,
                        5750437.022963861003518
                    ]
                ]
            }
        },
        {
            "type": "Feature",
            "properties": {
                "id": "('way', 893728225)",
                "name": null,
                "highway": "track",
                "nodes": [
                    683875026,
                    8306492940,
                    8306492941,
                    8306492942,
                    8306492943,
                    8306492944,
                    8306492945,
                    8306492939,
                    8306492946
                ],
                "bicycle": null,
                "smoothness": "bad",
                "surface": "ground",
                "tracktype": "grade3",
                "maxspeed": null,
                "sidewalk": null,
                "lanes": null,
                "lit": null,
                "access": null,
                "width": null,
                "motor_vehicle": null,
                "incline": null,
                "loc_name": null,
                "source": null,
                "ref": null,
                "source:maxspeed": null,
                "fixme": null,
                "lanes:backward": null,
                "traffic_calming": null
            },
            "geometry": {
                "type": "LineString",
                "coordinates": [
                    [
                        4452600.483520937152207,
                        5750707.832362142391503
                    ],
                    [
                        4452590.430789651349187,
                        5750686.729890225455165
                    ],
                    [
                        4452568.565720416605473,
                        5750642.694525111466646
                    ],
                    [
                        4452543.882483057677746,
                        5750609.390458476729691
                    ],
                    [
                        4452503.272591064684093,
                        5750541.230842131190002
                    ],
                    [
                        4452476.61450122948736,
                        5750505.987407901324332
                    ],
                    [
                        4452449.506510474719107,
                        5750474.164478464983404
                    ],
                    [
                        4452421.211508570238948,
                        5750437.022963861003518
                    ],
                    [
                        4452388.626378198154271,
                        5750394.826046695001423
                    ]
                ]
            }
        },
        {
            "type": "Feature",
            "properties": {
                "id": "('way', 893728226)",
                "name": null,
                "highway": "track",
                "nodes": [
                    7204134476,
                    7020507678
                ],
                "bicycle": null,
                "smoothness": "very_bad",
                "surface": "ground",
                "tracktype": "grade4",
                "maxspeed": null,
                "sidewalk": null,
                "lanes": null,
                "lit": null,
                "access": null,
                "width": null,
                "motor_vehicle": null,
                "incline": null,
                "loc_name": null,
                "source": null,
                "ref": null,
                "source:maxspeed": null,
                "fixme": null,
                "lanes:backward": null,
                "traffic_calming": null
            },
            "geometry": {
                "type": "LineString",
                "coordinates": [
                    [
                        4453598.337730905041099,
                        5749836.557515981607139
                    ],
                    [
                        4453945.766230927780271,
                        5749675.767571371048689
                    ]
                ]
            }
        },
        {
            "type": "Feature",
            "properties": {
                "id": "('way', 893728227)",
                "name": null,
                "highway": "track",
                "nodes": [
                    4877396703,
                    8306492948,
                    8306492949,
                    8306492950,
                    8306492951,
                    4877419462
                ],
                "bicycle": null,
                "smoothness": "very_bad",
                "surface": "ground",
                "tracktype": "grade3",
                "maxspeed": null,
                "sidewalk": null,
                "lanes": null,
                "lit": null,
                "access": null,
                "width": null,
                "motor_vehicle": null,
                "incline": null,
                "loc_name": null,
                "source": null,
                "ref": null,
                "source:maxspeed": null,
                "fixme": null,
                "lanes:backward": null,
                "traffic_calming": null
            },
            "geometry": {
                "type": "LineString",
                "coordinates": [
                    [
                        4453173.494907973334193,
                        5749762.395971320569515
                    ],
                    [
                        4453095.888948619365692,
                        5749774.148961775936186
                    ],
                    [
                        4453031.195885421708226,
                        5749788.853245374746621
                    ],
                    [
                        4452971.371595727279782,
                        5749803.512672144919634
                    ],
                    [
                        4452912.968662760220468,
                        5749813.296821000985801
                    ],
                    [
                        4452856.159572890028358,
                        5749821.186139841564
                    ]
                ]
            }
        },
        {
            "type": "Feature",
            "properties": {
                "id": "('way', 893728531)",
                "name": null,
                "highway": "track",
                "nodes": [
                    7195458733,
                    8306521673,
                    8306521674,
                    8306521675,
                    8306521676
                ],
                "bicycle": null,
                "smoothness": "horrible",
                "surface": "ground",
                "tracktype": "grade4",
                "maxspeed": null,
                "sidewalk": null,
                "lanes": null,
                "lit": null,
                "access": null,
                "width": null,
                "motor_vehicle": null,
                "incline": null,
                "loc_name": null,
                "source": null,
                "ref": null,
                "source:maxspeed": null,
                "fixme": null,
                "lanes:backward": null,
                "traffic_calming": null
            },
            "geometry": {
                "type": "LineString",
                "coordinates": [
                    [
                        4453311.292366658337414,
                        5750735.640676281414926
                    ],
                    [
                        4453358.298105526715517,
                        5750808.798921396024525
                    ],
                    [
                        4453398.817427630536258,
                        5750878.334791015833616
                    ],
                    [
                        4453438.677600108087063,
                        5750945.963206149637699
                    ],
                    [
                        4453482.406913718208671,
                        5751012.943992579355836
                    ]
                ]
            }
        },
        {
            "type": "Feature",
            "properties": {
                "id": "('way', 903156472)",
                "name": "Ernst-Thälmann-Straße",
                "highway": "secondary",
                "nodes": [
                    1293937281,
                    35700447,
                    10893426992,
                    10893426993,
                    845198083,
                    6570484240
                ],
                "bicycle": null,
                "smoothness": null,
                "surface": null,
                "tracktype": null,
                "maxspeed": "50",
                "sidewalk": "right",
                "lanes": "2",
                "lit": null,
                "access": null,
                "width": null,
                "motor_vehicle": null,
                "incline": null,
                "loc_name": null,
                "source": null,
                "ref": "L 66",
                "source:maxspeed": "DE:urban",
                "fixme": null,
                "lanes:backward": null,
                "traffic_calming": null
            },
            "geometry": {
                "type": "LineString",
                "coordinates": [
                    [
                        4450961.537085456773639,
                        5751022.345567500218749
                    ],
                    [
                        4450967.982317997142673,
                        5751037.905357144773006
                    ],
                    [
                        4450977.529100024141371,
                        5751058.731446803547442
                    ],
                    [
                        4450987.548508296720684,
                        5751080.020280695520341
                    ],
                    [
                        4451008.754860763438046,
                        5751123.031683536246419
                    ],
                    [
                        4451011.318206634372473,
                        5751128.180858364328742
                    ]
                ]
            }
        },
        {
            "type": "Feature",
            "properties": {
                "id": "('way', 903156473)",
                "name": "Dorfstraße",
                "highway": "residential",
                "nodes": [
                    845197362,
                    10893426983,
                    3874432861
                ],
                "bicycle": null,
                "smoothness": null,
                "surface": "cobblestone",
                "tracktype": null,
                "maxspeed": "30",
                "sidewalk": "both",
                "lanes": null,
                "lit": "yes",
                "access": null,
                "width": null,
                "motor_vehicle": null,
                "incline": null,
                "loc_name": null,
                "source": null,
                "ref": null,
                "source:maxspeed": null,
                "fixme": null,
                "lanes:backward": null,
                "traffic_calming": null
            },
            "geometry": {
                "type": "LineString",
                "coordinates": [
                    [
                        4451027.894326161593199,
                        5751160.299382553435862
                    ],
                    [
                        4451032.841624368913472,
                        5751157.892003649845719
                    ],
                    [
                        4451048.889506010338664,
                        5751150.079485286958516
                    ]
                ]
            }
        },
        {
            "type": "Feature",
            "properties": {
                "id": "('way', 903156474)",
                "name": "Friedensstraße",
                "highway": "residential",
                "nodes": [
                    6570484240,
                    10893426994,
                    6570484241
                ],
                "bicycle": null,
                "smoothness": null,
                "surface": null,
                "tracktype": null,
                "maxspeed": null,
                "sidewalk": null,
                "lanes": null,
                "lit": null,
                "access": null,
                "width": null,
                "motor_vehicle": null,
                "incline": null,
                "loc_name": null,
                "source": null,
                "ref": null,
                "source:maxspeed": null,
                "fixme": null,
                "lanes:backward": null,
                "traffic_calming": null
            },
            "geometry": {
                "type": "LineString",
                "coordinates": [
                    [
                        4451011.318206634372473,
                        5751128.180858364328742
                    ],
                    [
                        4451017.866719658486545,
                        5751125.468492350541055
                    ],
                    [
                        4451034.33308407664299,
                        5751120.311287567950785
                    ]
                ]
            }
        },
        {
            "type": "Feature",
            "properties": {
                "id": "('way', 914170898)",
                "name": null,
                "highway": "track",
                "nodes": [
                    448886613,
                    8491726948,
                    8491726949,
                    8491726950,
                    8491726951,
                    8491726952,
                    8491726953,
                    8491726954,
                    8491726955,
                    8491726956,
                    8491726957,
                    8491726958,
                    8491726959,
                    8491726960,
                    8491726961
                ],
                "bicycle": null,
                "smoothness": "bad",
                "surface": "ground",
                "tracktype": "grade4",
                "maxspeed": null,
                "sidewalk": null,
                "lanes": null,
                "lit": null,
                "access": null,
                "width": null,
                "motor_vehicle": null,
                "incline": null,
                "loc_name": null,
                "source": null,
                "ref": null,
                "source:maxspeed": null,
                "fixme": null,
                "lanes:backward": null,
                "traffic_calming": null
            },
            "geometry": {
                "type": "LineString",
                "coordinates": [
                    [
                        4453045.965181509032845,
                        5748991.153626007027924
                    ],
                    [
                        4453031.273321996442974,
                        5748968.335650659166276
                    ],
                    [
                        4453020.840132046490908,
                        5748941.338441837579012
                    ],
                    [
                        4453005.291504179127514,
                        5748913.12070070952177
                    ],
                    [
                        4452978.751894029788673,
                        5748888.811640471220016
                    ],
                    [
                        4452943.269160795025527,
                        5748862.049643182195723
                    ],
                    [
                        4452915.434963261708617,
                        5748835.638876969926059
                    ],
                    [
                        4452888.51131749805063,
                        5748815.996233649551868
                    ],
                    [
                        4452858.600177433341742,
                        5748795.113315136171877
                    ],
                    [
                        4452826.586184299550951,
                        5748775.507747563533485
                    ],
                    [
                        4452801.727455059997737,
                        5748749.926400931552052
                    ],
                    [
                        4452768.799135074950755,
                        5748723.987238850444555
                    ],
                    [
                        4452743.53265964705497,
                        5748700.513077981770039
                    ],
                    [
                        4452728.09242347907275,
                        5748683.300060044042766
                    ],
                    [
                        4452718.860575947910547,
                        5748665.594560330733657
                    ]
                ]
            }
        },
        {
            "type": "Feature",
            "properties": {
                "id": "('way', 914170899)",
                "name": null,
                "highway": "track",
                "nodes": [
                    8491726962,
                    8491726963,
                    8491726964,
                    8491726965,
                    8491726966,
                    8491726967,
                    8491726968,
                    8491726969,
                    8491726970,
                    8491726971,
                    8491726972,
                    8491726973,
                    8491726974,
                    2653587499
                ],
                "bicycle": null,
                "smoothness": "horrible",
                "surface": "ground",
                "tracktype": "grade5",
                "maxspeed": null,
                "sidewalk": null,
                "lanes": null,
                "lit": null,
                "access": null,
                "width": null,
                "motor_vehicle": null,
                "incline": null,
                "loc_name": null,
                "source": null,
                "ref": null,
                "source:maxspeed": null,
                "fixme": null,
                "lanes:backward": null,
                "traffic_calming": null
            },
            "geometry": {
                "type": "LineString",
                "coordinates": [
                    [
                        4451588.476107260212302,
                        5748309.404211603105068
                    ],
                    [
                        4451621.857830625027418,
                        5748344.277749988250434
                    ],
                    [
                        4451704.830769345164299,
                        5748409.95247089676559
                    ],
                    [
                        4451752.847291694022715,
                        5748452.508415964432061
                    ],
                    [
                        4451800.826984764076769,
                        5748490.603102662600577
                    ],
                    [
                        4451850.022086856886744,
                        5748539.847283978015184
                    ],
                    [
                        4451924.538951005786657,
                        5748602.869469570927322
                    ],
                    [
                        4451987.251525914296508,
                        5748656.959266074001789
                    ],
                    [
                        4452051.090544934384525,
                        5748714.455146696418524
                    ],
                    [
                        4452100.792401813901961,
                        5748758.110965463332832
                    ],
                    [
                        4452161.766949482262135,
                        5748809.482183835469186
                    ],
                    [
                        4452216.508421455509961,
                        5748853.09103168360889
                    ],
                    [
                        4452271.877487138845026,
                        5748903.393141526728868
                    ],
                    [
                        4452303.099944371730089,
                        5748936.655957333743572
                    ]
                ]
            }
        },
        {
            "type": "Feature",
            "properties": {
                "id": "('way', 914170900)",
                "name": null,
                "highway": "track",
                "nodes": [
                    8491726975,
                    8491726976,
                    8491726977,
                    8491726978,
                    8491726979,
                    8491726980,
                    8491726981,
                    10083280502,
                    8491726982,
                    8491726983,
                    8491726984,
                    8491726985,
                    8491726986,
                    8491726987,
                    8491726988,
                    8491726989,
                    8491726990,
                    8491726991,
                    8491726992,
                    8491726993,
                    8491726994,
                    8491726995,
                    8491726996,
                    8491726997,
                    8491726998,
                    8491726999,
                    8491727000,
                    8491727001
                ],
                "bicycle": null,
                "smoothness": "horrible",
                "surface": "ground",
                "tracktype": "grade5",
                "maxspeed": null,
                "sidewalk": null,
                "lanes": null,
                "lit": null,
                "access": null,
                "width": null,
                "motor_vehicle": null,
                "incline": null,
                "loc_name": null,
                "source": null,
                "ref": null,
                "source:maxspeed": null,
                "fixme": null,
                "lanes:backward": null,
                "traffic_calming": null
            },
            "geometry": {
                "type": "LineString",
                "coordinates": [
                    [
                        4452801.936469817534089,
                        5749100.490391830913723
                    ],
                    [
                        4452788.895881751552224,
                        5749041.749716937541962
                    ],
                    [
                        4452779.386653346940875,
                        5748987.938587909564376
                    ],
                    [
                        4452757.113931308500469,
                        5748945.797915319912136
                    ],
                    [
                        4452705.277502997778356,
                        5748906.506615534424782
                    ],
                    [
                        4452657.243386924266815,
                        5748860.759465716779232
                    ],
                    [
                        4452601.407955304719508,
                        5748807.386427274905145
                    ],
                    [
                        4452549.252775114960968,
                        5748760.900348409079015
                    ],
                    [
                        4452524.174989266321063,
                        5748752.347225551493466
                    ],
                    [
                        4452477.887505691498518,
                        5748732.044520758092403
                    ],
                    [
                        4452416.40896831266582,
                        5748701.3377192504704
                    ],
                    [
                        4452355.497253668494523,
                        5748655.704534857533872
                    ],
                    [
                        4452297.136160462163389,
                        5748607.499646794982255
                    ],
                    [
                        4452239.988371136598289,
                        5748551.561501664109528
                    ],
                    [
                        4452180.165506568737328,
                        5748485.401244135573506
                    ],
                    [
                        4452133.770478332415223,
                        5748426.835817418061197
                    ],
                    [
                        4452094.104846057482064,
                        5748366.86009216029197
                    ],
                    [
                        4452049.929464890621603,
                        5748322.350277680903673
                    ],
                    [
                        4452002.080492400564253,
                        5748297.148544082418084
                    ],
                    [
                        4451945.312730721198022,
                        5748282.281011982820928
                    ],
                    [
                        4451913.347809557802975,
                        5748264.205158692784607
                    ],
                    [
                        4451889.621208531782031,
                        5748243.21297247055918
                    ],
                    [
                        4451877.230093345046043,
                        5748235.509383234195411
                    ],
                    [
                        4451859.859574590809643,
                        5748235.108654823154211
                    ],
                    [
                        4451841.990329799242318,
                        5748240.877319031395018
                    ],
                    [
                        4451821.372658534906805,
                        5748251.679758762940764
                    ],
                    [
                        4451809.04976652842015,
                        5748251.798196173273027
                    ],
                    [
                        4451782.712572834454477,
                        5748250.938695502467453
                    ]
                ]
            }
        },
        {
            "type": "Feature",
            "properties": {
                "id": "('way', 914170902)",
                "name": null,
                "highway": "track",
                "nodes": [
                    2653587499,
                    8491727008,
                    8491727009,
                    8491727010,
                    8491726982
                ],
                "bicycle": null,
                "smoothness": "very_bad",
                "surface": "ground",
                "tracktype": "grade4",
                "maxspeed": null,
                "sidewalk": null,
                "lanes": null,
                "lit": null,
                "access": null,
                "width": null,
                "motor_vehicle": null,
                "incline": null,
                "loc_name": null,
                "source": null,
                "ref": null,
                "source:maxspeed": null,
                "fixme": null,
                "lanes:backward": null,
                "traffic_calming": null
            },
            "geometry": {
                "type": "LineString",
                "coordinates": [
                    [
                        4452303.099944371730089,
                        5748936.655957333743572
                    ],
                    [
                        4452366.200664094649255,
                        5748885.348664247430861
                    ],
                    [
                        4452432.151601113379002,
                        5748827.227472529746592
                    ],
                    [
                        4452486.426619546487927,
                        5748783.405170306563377
                    ],
                    [
                        4452524.174989266321063,
                        5748752.347225551493466
                    ]
                ]
            }
        },
        {
            "type": "Feature",
            "properties": {
                "id": "('way', 922725461)",
                "name": null,
                "highway": "track",
                "nodes": [
                    1732921625,
                    8565736532,
                    8565736533,
                    8565736534,
                    8565736535,
                    8565736536,
                    8565736537,
                    8565736538,
                    8565736539,
                    8565736540,
                    8565736541,
                    8565736542,
                    8565736543,
                    8565736544,
                    8565736545,
                    8565736546,
                    8565736547,
                    9064770203,
                    8565736548,
                    1059078850
                ],
                "bicycle": null,
                "smoothness": "bad",
                "surface": "gravel",
                "tracktype": "grade4",
                "maxspeed": null,
                "sidewalk": null,
                "lanes": null,
                "lit": null,
                "access": null,
                "width": null,
                "motor_vehicle": "forestry",
                "incline": null,
                "loc_name": null,
                "source": null,
                "ref": null,
                "source:maxspeed": null,
                "fixme": null,
                "lanes:backward": null,
                "traffic_calming": null
            },
            "geometry": {
                "type": "LineString",
                "coordinates": [
                    [
                        4457476.649197662249207,
                        5748835.3131891367957
                    ],
                    [
                        4457484.628850198350847,
                        5748815.439146268181503
                    ],
                    [
                        4457499.692820562981069,
                        5748789.485245762392879
                    ],
                    [
                        4457510.152195459231734,
                        5748772.03819543030113
                    ],
                    [
                        4457509.606496860273182,
                        5748757.232573243789375
                    ],
                    [
                        4457506.537731245160103,
                        5748746.242703097872436
                    ],
                    [
                        4457497.539244250394404,
                        5748736.15990683529526
                    ],
                    [
                        4457478.329063498415053,
                        5748723.20392609667033
                    ],
                    [
                        4457438.278716157190502,
                        5748704.917000578716397
                    ],
                    [
                        4457316.033660219982266,
                        5748654.304275629110634
                    ],
                    [
                        4457230.19921091478318,
                        5748617.704337588511407
                    ],
                    [
                        4457171.063458845019341,
                        5748598.202647194266319
                    ],
                    [
                        4457149.504502630792558,
                        5748586.224916057661176
                    ],
                    [
                        4457141.40777571965009,
                        5748580.218708479776978
                    ],
                    [
                        4457132.300277016125619,
                        5748569.592256693169475
                    ],
                    [
                        4457092.895688468590379,
                        5748523.239819088950753
                    ],
                    [
                        4456994.842320095747709,
                        5748403.717535329051316
                    ],
                    [
                        4456919.700531864538789,
                        5748316.013036062940955
                    ],
                    [
                        4456851.514679584652185,
                        5748236.428229942917824
                    ],
                    [
                        4456651.452523153275251,
                        5747997.217544962652028
                    ]
                ]
            }
        },
        {
            "type": "Feature",
            "properties": {
                "id": "('way', 922732271)",
                "name": null,
                "highway": "track",
                "nodes": [
                    1036593940,
                    1036593739,
                    1036593562,
                    1036593813
                ],
                "bicycle": null,
                "smoothness": "intermediate",
                "surface": "compacted",
                "tracktype": "grade2",
                "maxspeed": null,
                "sidewalk": null,
                "lanes": null,
                "lit": null,
                "access": null,
                "width": null,
                "motor_vehicle": null,
                "incline": null,
                "loc_name": null,
                "source": null,
                "ref": null,
                "source:maxspeed": null,
                "fixme": null,
                "lanes:backward": null,
                "traffic_calming": null
            },
            "geometry": {
                "type": "LineString",
                "coordinates": [
                    [
                        4450112.888642515055835,
                        5749646.985477834939957
                    ],
                    [
                        4450537.302838705480099,
                        5749234.736771230585873
                    ],
                    [
                        4450892.087311996147037,
                        5748885.80962042696774
                    ],
                    [
                        4450907.527665320783854,
                        5748869.390150582417846
                    ]
                ]
            }
        },
        {
            "type": "Feature",
            "properties": {
                "id": "('way', 922732272)",
                "name": null,
                "highway": "track",
                "nodes": [
                    845193413,
                    1036593546,
                    1036593700,
                    1036593793,
                    1061793546,
                    1036593570
                ],
                "bicycle": null,
                "smoothness": "bad",
                "surface": "gravel",
                "tracktype": "grade3",
                "maxspeed": null,
                "sidewalk": null,
                "lanes": null,
                "lit": null,
                "access": null,
                "width": null,
                "motor_vehicle": null,
                "incline": null,
                "loc_name": null,
                "source": null,
                "ref": null,
                "source:maxspeed": null,
                "fixme": null,
                "lanes:backward": null,
                "traffic_calming": null
            },
            "geometry": {
                "type": "LineString",
                "coordinates": [
                    [
                        4451558.593916148878634,
                        5750839.777420410886407
                    ],
                    [
                        4451571.011932775378227,
                        5750774.673417652025819
                    ],
                    [
                        4451571.787171996198595,
                        5750702.460324875079095
                    ],
                    [
                        4451574.085415258072317,
                        5750634.650089200586081
                    ],
                    [
                        4451588.074517782777548,
                        5750457.022034266963601
                    ],
                    [
                        4451601.085491379722953,
                        5750374.030740135349333
                    ]
                ]
            }
        },
        {
            "type": "Feature",
            "properties": {
                "id": "('way', 922740676)",
                "name": null,
                "highway": "track",
                "nodes": [
                    907166747,
                    8565886632,
                    8565886633,
                    8565886634,
                    8565886635,
                    8565886636,
                    8565886637,
                    8565886638,
                    8565886639,
                    8565886640,
                    8565886641,
                    8565886642,
                    8565886643,
                    8565886644,
                    8565886645,
                    907166754
                ],
                "bicycle": null,
                "smoothness": "very_bad",
                "surface": "grass",
                "tracktype": "grade4",
                "maxspeed": null,
                "sidewalk": null,
                "lanes": null,
                "lit": null,
                "access": null,
                "width": null,
                "motor_vehicle": "agricultural",
                "incline": "down",
                "loc_name": null,
                "source": null,
                "ref": null,
                "source:maxspeed": null,
                "fixme": null,
                "lanes:backward": null,
                "traffic_calming": null
            },
            "geometry": {
                "type": "LineString",
                "coordinates": [
                    [
                        4455406.73902936372906,
                        5747395.882326638326049
                    ],
                    [
                        4455379.582170576788485,
                        5747487.556128579191864
                    ],
                    [
                        4455332.344144154340029,
                        5747641.198334668762982
                    ],
                    [
                        4455322.283591498620808,
                        5747673.456727907992899
                    ],
                    [
                        4455317.778094775043428,
                        5747685.84807825833559
                    ],
                    [
                        4455311.577641322277486,
                        5747695.127794126980007
                    ],
                    [
                        4455306.073154705576599,
                        5747699.783522412180901
                    ],
                    [
                        4455278.647127606905997,
                        5747711.455716824159026
                    ],
                    [
                        4455251.766014241613448,
                        5747721.64328077249229
                    ],
                    [
                        4455222.820078602060676,
                        5747731.270815190859139
                    ],
                    [
                        4455213.076588288880885,
                        5747733.371865831315517
                    ],
                    [
                        4455195.043681290932,
                        5747734.534428099170327
                    ],
                    [
                        4455150.003319151699543,
                        5747734.035815239883959
                    ],
                    [
                        4455115.08934533316642,
                        5747732.65691127628088
                    ],
                    [
                        4455102.039286099374294,
                        5747733.252224280498922
                    ],
                    [
                        4455095.009560523554683,
                        5747734.505790636874735
                    ]
                ]
            }
        },
        {
            "type": "Feature",
            "properties": {
                "id": "('way', 946720182)",
                "name": null,
                "highway": "track",
                "nodes": [
                    8763510662,
                    8763510651,
                    8763510650,
                    8763510649,
                    8763510648,
                    8763510647,
                    8763510646,
                    8763510645,
                    8763510644,
                    8763510643,
                    8763510642,
                    8763510641,
                    8763510640,
                    8763510639
                ],
                "bicycle": null,
                "smoothness": "very_bad",
                "surface": "ground",
                "tracktype": "grade4",
                "maxspeed": null,
                "sidewalk": null,
                "lanes": null,
                "lit": null,
                "access": null,
                "width": null,
                "motor_vehicle": null,
                "incline": null,
                "loc_name": null,
                "source": null,
                "ref": null,
                "source:maxspeed": null,
                "fixme": null,
                "lanes:backward": null,
                "traffic_calming": null
            },
            "geometry": {
                "type": "LineString",
                "coordinates": [
                    [
                        4455217.280863183550537,
                        5749411.776384061202407
                    ],
                    [
                        4455196.069738152436912,
                        5749441.163869299925864
                    ],
                    [
                        4455174.487253005616367,
                        5749485.209351749159396
                    ],
                    [
                        4455144.858118802309036,
                        5749538.907516828738153
                    ],
                    [
                        4455127.004714207723737,
                        5749567.074642891995609
                    ],
                    [
                        4455097.982985755428672,
                        5749606.213224968872964
                    ],
                    [
                        4455077.092632808722556,
                        5749645.089914281852543
                    ],
                    [
                        4455058.059378650970757,
                        5749685.975200492888689
                    ],
                    [
                        4455050.175845311023295,
                        5749692.310558203607798
                    ],
                    [
                        4455026.577260019257665,
                        5749738.578011437319219
                    ],
                    [
                        4455008.722244665026665,
                        5749765.644003546796739
                    ],
                    [
                        4454994.005455973558128,
                        5749793.227109372615814
                    ],
                    [
                        4454985.44136955216527,
                        5749806.567730474285781
                    ],
                    [
                        4454982.923073778860271,
                        5749817.539575548842549
                    ]
                ]
            }
        },
        {
            "type": "Feature",
            "properties": {
                "id": "('way', 946720183)",
                "name": null,
                "highway": "track",
                "nodes": [
                    8763510687,
                    8763510678,
                    8763510677,
                    8763510676,
                    8763510675,
                    8763510674,
                    8763510673,
                    8763510672,
                    8763510671,
                    8763510670,
                    8763510665,
                    8763510669,
                    8763510663,
                    8763510664,
                    8763510668,
                    8763510667,
                    8763510666,
                    8763510662
                ],
                "bicycle": null,
                "smoothness": null,
                "surface": null,
                "tracktype": "grade4",
                "maxspeed": null,
                "sidewalk": null,
                "lanes": null,
                "lit": null,
                "access": null,
                "width": null,
                "motor_vehicle": null,
                "incline": null,
                "loc_name": null,
                "source": null,
                "ref": null,
                "source:maxspeed": null,
                "fixme": null,
                "lanes:backward": null,
                "traffic_calming": null
            },
            "geometry": {
                "type": "LineString",
                "coordinates": [
                    [
                        4454802.395850360393524,
                        5749601.103859398514032
                    ],
                    [
                        4454864.375313023105264,
                        5749593.234586368314922
                    ],
                    [
                        4454901.330901228822768,
                        5749580.316919073462486
                    ],
                    [
                        4454929.977394170127809,
                        5749563.924661354161799
                    ],
                    [
                        4454957.121637149713933,
                        5749556.603657280094922
                    ],
                    [
                        4454974.351507602259517,
                        5749542.684398399665952
                    ],
                    [
                        4454993.045521723106503,
                        5749516.946036592125893
                    ],
                    [
                        4455022.509486700408161,
                        5749504.085441872477531
                    ],
                    [
                        4455065.26870555523783,
                        5749478.531994331628084
                    ],
                    [
                        4455099.789503558538854,
                        5749457.370101068168879
                    ],
                    [
                        4455117.953317731618881,
                        5749448.450240669772029
                    ],
                    [
                        4455134.655107628554106,
                        5749443.148763996548951
                    ],
                    [
                        4455146.203560879454017,
                        5749442.255347509868443
                    ],
                    [
                        4455156.297605000436306,
                        5749439.683631657622755
                    ],
                    [
                        4455172.13418872281909,
                        5749433.12151778396219
                    ],
                    [
                        4455198.816432410851121,
                        5749417.148977008648217
                    ],
                    [
                        4455212.901006419211626,
                        5749412.583306760527194
                    ],
                    [
                        4455217.280863183550537,
                        5749411.776384061202407
                    ]
                ]
            }
        },
        {
            "type": "Feature",
            "properties": {
                "id": "('way', 946720184)",
                "name": null,
                "highway": "track",
                "nodes": [
                    8763510662,
                    8763510661,
                    8763510660,
                    8763510659,
                    8763510658,
                    8763510657,
                    8763510656,
                    8763510655,
                    8763510654,
                    8763510653,
                    8763510652,
                    8294840719
                ],
                "bicycle": null,
                "smoothness": "very_bad",
                "surface": "grass",
                "tracktype": "grade5",
                "maxspeed": null,
                "sidewalk": null,
                "lanes": null,
                "lit": null,
                "access": null,
                "width": null,
                "motor_vehicle": null,
                "incline": null,
                "loc_name": null,
                "source": null,
                "ref": null,
                "source:maxspeed": null,
                "fixme": null,
                "lanes:backward": null,
                "traffic_calming": null
            },
            "geometry": {
                "type": "LineString",
                "coordinates": [
                    [
                        4455217.280863183550537,
                        5749411.776384061202407
                    ],
                    [
                        4455214.120387433096766,
                        5749404.149086698889732
                    ],
                    [
                        4455208.49933844152838,
                        5749395.542332322336733
                    ],
                    [
                        4455194.960350459441543,
                        5749378.716576857492328
                    ],
                    [
                        4455176.050801024772227,
                        5749350.511214618571103
                    ],
                    [
                        4455176.503395582549274,
                        5749343.363477041944861
                    ],
                    [
                        4455177.009263502433896,
                        5749329.082701222971082
                    ],
                    [
                        4455179.634247360751033,
                        5749302.242571584880352
                    ],
                    [
                        4455192.824149985797703,
                        5749191.430841179564595
                    ],
                    [
                        4455212.940042515285313,
                        5749033.989792572334409
                    ],
                    [
                        4455226.511354186572134,
                        5748919.436059356667101
                    ],
                    [
                        4455233.341361859813333,
                        5748898.32232532184571
                    ]
                ]
            }
        },
        {
            "type": "Feature",
            "properties": {
                "id": "('way', 946720185)",
                "name": null,
                "highway": "track",
                "nodes": [
                    8763510687,
                    8763510686,
                    8763510685,
                    8763510684,
                    8763510683
                ],
                "bicycle": null,
                "smoothness": null,
                "surface": null,
                "tracktype": "grade4",
                "maxspeed": null,
                "sidewalk": null,
                "lanes": null,
                "lit": null,
                "access": null,
                "width": null,
                "motor_vehicle": null,
                "incline": null,
                "loc_name": null,
                "source": null,
                "ref": null,
                "source:maxspeed": null,
                "fixme": null,
                "lanes:backward": null,
                "traffic_calming": null
            },
            "geometry": {
                "type": "LineString",
                "coordinates": [
                    [
                        4454802.395850360393524,
                        5749601.103859398514032
                    ],
                    [
                        4454801.638828344643116,
                        5749546.197669978253543
                    ],
                    [
                        4454801.728261716663837,
                        5749468.317193325608969
                    ],
                    [
                        4454798.465078940615058,
                        5749369.213909511454403
                    ],
                    [
                        4454801.527730558998883,
                        5749304.080723345279694
                    ]
                ]
            }
        },
        {
            "type": "Feature",
            "properties": {
                "id": "('way', 946720186)",
                "name": null,
                "highway": "track",
                "nodes": [
                    7613114750,
                    8763510681,
                    8763510679,
                    8763510682,
                    8763510680,
                    8763510688,
                    8763510687
                ],
                "bicycle": null,
                "smoothness": null,
                "surface": null,
                "tracktype": "grade4",
                "maxspeed": null,
                "sidewalk": null,
                "lanes": null,
                "lit": null,
                "access": null,
                "width": null,
                "motor_vehicle": null,
                "incline": null,
                "loc_name": null,
                "source": null,
                "ref": null,
                "source:maxspeed": null,
                "fixme": null,
                "lanes:backward": null,
                "traffic_calming": null
            },
            "geometry": {
                "type": "LineString",
                "coordinates": [
                    [
                        4454664.329487290233374,
                        5749637.735802464187145
                    ],
                    [
                        4454675.289151397533715,
                        5749638.805019022896886
                    ],
                    [
                        4454689.479585176333785,
                        5749637.686355116777122
                    ],
                    [
                        4454699.071640516631305,
                        5749629.932944156229496
                    ],
                    [
                        4454717.927433787845075,
                        5749622.284992317669094
                    ],
                    [
                        4454736.752877390943468,
                        5749610.509172744117677
                    ],
                    [
                        4454802.395850360393524,
                        5749601.103859398514032
                    ]
                ]
            }
        },
        {
            "type": "Feature",
            "properties": {
                "id": "('way', 952475231)",
                "name": null,
                "highway": "track",
                "nodes": [
                    907166771,
                    1059078814,
                    1059079055,
                    1059078957,
                    1059078936,
                    1059078836,
                    1059078926,
                    1059078804,
                    1059079022,
                    1059078961,
                    1059078812,
                    1059078820,
                    1059078763,
                    1059078725,
                    1059078870,
                    1059078718,
                    1059078754,
                    1059078941,
                    1059078702,
                    1059078765,
                    1059078707,
                    1059079058,
                    8565969743,
                    1036593766
                ],
                "bicycle": null,
                "smoothness": "bad",
                "surface": "fine_gravel",
                "tracktype": "grade3",
                "maxspeed": null,
                "sidewalk": null,
                "lanes": null,
                "lit": null,
                "access": null,
                "width": null,
                "motor_vehicle": null,
                "incline": null,
                "loc_name": null,
                "source": null,
                "ref": null,
                "source:maxspeed": null,
                "fixme": null,
                "lanes:backward": null,
                "traffic_calming": null
            },
            "geometry": {
                "type": "LineString",
                "coordinates": [
                    [
                        4456436.982255992479622,
                        5748249.771964725106955
                    ],
                    [
                        4456437.351992738433182,
                        5748287.556666203774512
                    ],
                    [
                        4456441.191263925284147,
                        5748304.470004547387362
                    ],
                    [
                        4456464.08747086301446,
                        5748387.580326966941357
                    ],
                    [
                        4456514.018407184630632,
                        5748520.56185788102448
                    ],
                    [
                        4456526.055225377902389,
                        5748545.526994715444744
                    ],
                    [
                        4456544.027541385963559,
                        5748572.643880013376474
                    ],
                    [
                        4456576.120195844210684,
                        5748608.484590508975089
                    ],
                    [
                        4456598.546273026615381,
                        5748638.511787732131779
                    ],
                    [
                        4456613.614168214611709,
                        5748671.551474454812706
                    ],
                    [
                        4456628.82852400932461,
                        5748721.536640834994614
                    ],
                    [
                        4456633.512849953025579,
                        5748750.248755427077413
                    ],
                    [
                        4456635.229098318144679,
                        5748778.241032642312348
                    ],
                    [
                        4456635.420408966951072,
                        5748800.349096315912902
                    ],
                    [
                        4456632.188087088055909,
                        5748853.453745330683887
                    ],
                    [
                        4456624.989390878938138,
                        5748875.62576222512871
                    ],
                    [
                        4456612.573851470835507,
                        5748892.6910618878901
                    ],
                    [
                        4456600.869696646928787,
                        5748906.790401421487331
                    ],
                    [
                        4456588.511766055598855,
                        5748930.4870700892061
                    ],
                    [
                        4456587.979187062941492,
                        5748954.081326629035175
                    ],
                    [
                        4456597.730200676247478,
                        5749014.295119319111109
                    ],
                    [
                        4456604.629388921894133,
                        5749041.085288053378463
                    ],
                    [
                        4456611.280646884813905,
                        5749055.159232825040817
                    ],
                    [
                        4456610.7315857661888,
                        5749065.723691276274621
                    ]
                ]
            }
        },
        {
            "type": "Feature",
            "properties": {
                "id": "('way', 952475233)",
                "name": null,
                "highway": "track",
                "nodes": [
                    1036593926,
                    8294840719,
                    1036593842,
                    1293864544,
                    1036593896,
                    1036593716,
                    1717622682,
                    1036593718,
                    1036593763,
                    1036593924,
                    1036593766
                ],
                "bicycle": null,
                "smoothness": null,
                "surface": null,
                "tracktype": "grade4",
                "maxspeed": null,
                "sidewalk": null,
                "lanes": null,
                "lit": null,
                "access": null,
                "width": null,
                "motor_vehicle": null,
                "incline": null,
                "loc_name": null,
                "source": null,
                "ref": null,
                "source:maxspeed": null,
                "fixme": null,
                "lanes:backward": null,
                "traffic_calming": null
            },
            "geometry": {
                "type": "LineString",
                "coordinates": [
                    [
                        4455218.31033408921212,
                        5748898.111659679561853
                    ],
                    [
                        4455233.341361859813333,
                        5748898.32232532184571
                    ],
                    [
                        4455380.165307865478098,
                        5748900.317840427160263
                    ],
                    [
                        4455425.214072375558317,
                        5748901.396910046227276
                    ],
                    [
                        4455787.896798891946673,
                        5748920.961849281564355
                    ],
                    [
                        4456030.806558081880212,
                        5748930.397217890247703
                    ],
                    [
                        4456107.027222990058362,
                        5748939.187236149795353
                    ],
                    [
                        4456123.756103997118771,
                        5748937.460691994987428
                    ],
                    [
                        4456182.433353174477816,
                        5748954.895523345097899
                    ],
                    [
                        4456556.383488033898175,
                        5749052.363417971879244
                    ],
                    [
                        4456610.7315857661888,
                        5749065.723691276274621
                    ]
                ]
            }
        },
        {
            "type": "Feature",
            "properties": {
                "id": "('way', 969488317)",
                "name": null,
                "highway": "track",
                "nodes": [
                    8971670427,
                    8971670426,
                    8971670425,
                    8971670424,
                    8971670423,
                    8971670422,
                    8971670421,
                    8971670420,
                    8971670419,
                    8971670418,
                    8971670417,
                    8971664016,
                    8971664015,
                    8971664014,
                    8971664013,
                    8971664012,
                    8971664011,
                    8971664010
                ],
                "bicycle": null,
                "smoothness": null,
                "surface": "ground",
                "tracktype": "grade5",
                "maxspeed": null,
                "sidewalk": null,
                "lanes": null,
                "lit": null,
                "access": null,
                "width": null,
                "motor_vehicle": null,
                "incline": null,
                "loc_name": null,
                "source": null,
                "ref": null,
                "source:maxspeed": null,
                "fixme": null,
                "lanes:backward": null,
                "traffic_calming": null
            },
            "geometry": {
                "type": "LineString",
                "coordinates": [
                    [
                        4452777.666722534224391,
                        5750606.502505448646843
                    ],
                    [
                        4452775.127261832356453,
                        5750597.146094799973071
                    ],
                    [
                        4452767.861477638594806,
                        5750587.489296578802168
                    ],
                    [
                        4452762.807242251932621,
                        5750578.701842269860208
                    ],
                    [
                        4452760.677381164394319,
                        5750565.324606194160879
                    ],
                    [
                        4452751.848404823802412,
                        5750560.767766265198588
                    ],
                    [
                        4452749.291388696990907,
                        5750550.287672361359
                    ],
                    [
                        4452727.412262531928718,
                        5750525.101485554128885
                    ],
                    [
                        4452709.081372063606977,
                        5750513.290343861095607
                    ],
                    [
                        4452682.328778000548482,
                        5750491.955907447263598
                    ],
                    [
                        4452661.766069713979959,
                        5750469.149946045130491
                    ],
                    [
                        4452638.430528967641294,
                        5750440.762098434381187
                    ],
                    [
                        4452613.572837863117456,
                        5750407.993452959693968
                    ],
                    [
                        4452598.83649324811995,
                        5750386.812866904772818
                    ],
                    [
                        4452581.564370822161436,
                        5750357.455470291897655
                    ],
                    [
                        4452573.93241960182786,
                        5750349.927734346129
                    ],
                    [
                        4452567.117796426638961,
                        5750339.99989259801805
                    ],
                    [
                        4452551.944018497131765,
                        5750314.11671547498554
                    ]
                ]
            }
        },
        {
            "type": "Feature",
            "properties": {
                "id": "('way', 969488318)",
                "name": null,
                "highway": "track",
                "nodes": [
                    6391664741,
                    8971670435,
                    8971670434,
                    8971670433,
                    8971670432,
                    8971670431,
                    8971670430,
                    8971670429,
                    8971670428,
                    8971670427
                ],
                "bicycle": null,
                "smoothness": null,
                "surface": "ground",
                "tracktype": "grade5",
                "maxspeed": null,
                "sidewalk": null,
                "lanes": null,
                "lit": null,
                "access": null,
                "width": null,
                "motor_vehicle": null,
                "incline": null,
                "loc_name": null,
                "source": null,
                "ref": null,
                "source:maxspeed": null,
                "fixme": null,
                "lanes:backward": null,
                "traffic_calming": null
            },
            "geometry": {
                "type": "LineString",
                "coordinates": [
                    [
                        4453113.983640303835273,
                        5750812.559652714990079
                    ],
                    [
                        4453054.984489138238132,
                        5750789.82271012570709
                    ],
                    [
                        4453011.048417170532048,
                        5750788.955009071156383
                    ],
                    [
                        4452987.445320249535143,
                        5750779.373284907080233
                    ],
                    [
                        4452948.91053278464824,
                        5750748.812207944691181
                    ],
                    [
                        4452897.662823231890798,
                        5750712.173013700172305
                    ],
                    [
                        4452848.467760378494859,
                        5750674.235369280911982
                    ],
                    [
                        4452804.48896430246532,
                        5750641.912869941443205
                    ],
                    [
                        4452781.898951290175319,
                        5750616.477220330387354
                    ],
                    [
                        4452777.666722534224391,
                        5750606.502505448646843
                    ]
                ]
            }
        },
        {
            "type": "Feature",
            "properties": {
                "id": "('way', 969488319)",
                "name": null,
                "highway": "track",
                "nodes": [
                    6391600988,
                    8971670439,
                    8971670438,
                    8971670437,
                    8971670436
                ],
                "bicycle": null,
                "smoothness": null,
                "surface": "ground",
                "tracktype": "grade5",
                "maxspeed": null,
                "sidewalk": null,
                "lanes": null,
                "lit": null,
                "access": null,
                "width": null,
                "motor_vehicle": null,
                "incline": null,
                "loc_name": null,
                "source": null,
                "ref": null,
                "source:maxspeed": null,
                "fixme": null,
                "lanes:backward": null,
                "traffic_calming": null
            },
            "geometry": {
                "type": "LineString",
                "coordinates": [
                    [
                        4452985.02165140863508,
                        5747893.905754352919757
                    ],
                    [
                        4452964.900031937286258,
                        5747867.667163723148406
                    ],
                    [
                        4452917.491555945016444,
                        5747774.876566268503666
                    ],
                    [
                        4452900.775576782412827,
                        5747743.832641086541116
                    ],
                    [
                        4452805.583781939931214,
                        5747546.917880350723863
                    ]
                ]
            }
        },
        {
            "type": "Feature",
            "properties": {
                "id": "('way', 987626389)",
                "name": null,
                "highway": "track",
                "nodes": [
                    7613114726,
                    7020507673
                ],
                "bicycle": null,
                "smoothness": null,
                "surface": null,
                "tracktype": null,
                "maxspeed": null,
                "sidewalk": null,
                "lanes": null,
                "lit": null,
                "access": null,
                "width": null,
                "motor_vehicle": null,
                "incline": null,
                "loc_name": null,
                "source": null,
                "ref": null,
                "source:maxspeed": null,
                "fixme": "zu tracken",
                "lanes:backward": null,
                "traffic_calming": null
            },
            "geometry": {
                "type": "LineString",
                "coordinates": [
                    [
                        4454662.326341636478901,
                        5750311.231904918327928
                    ],
                    [
                        4454524.222496150992811,
                        5750082.059968901798129
                    ]
                ]
            }
        },
        {
            "type": "Feature",
            "properties": {
                "id": "('way', 987626390)",
                "name": null,
                "highway": "track",
                "nodes": [
                    7613114726,
                    9128879178
                ],
                "bicycle": null,
                "smoothness": null,
                "surface": null,
                "tracktype": null,
                "maxspeed": null,
                "sidewalk": null,
                "lanes": null,
                "lit": null,
                "access": null,
                "width": null,
                "motor_vehicle": null,
                "incline": null,
                "loc_name": null,
                "source": null,
                "ref": null,
                "source:maxspeed": null,
                "fixme": "zu tracken",
                "lanes:backward": null,
                "traffic_calming": null
            },
            "geometry": {
                "type": "LineString",
                "coordinates": [
                    [
                        4454662.326341636478901,
                        5750311.231904918327928
                    ],
                    [
                        4454436.723870387300849,
                        5750449.66578299831599
                    ]
                ]
            }
        },
        {
            "type": "Feature",
            "properties": {
                "id": "('way', 987626392)",
                "name": null,
                "highway": "track",
                "nodes": [
                    7204105639,
                    9128879180,
                    9128879181,
                    9128879182,
                    9128879183,
                    7020507657,
                    1494567940,
                    9128879178,
                    9128879179
                ],
                "bicycle": null,
                "smoothness": null,
                "surface": null,
                "tracktype": null,
                "maxspeed": null,
                "sidewalk": null,
                "lanes": null,
                "lit": null,
                "access": null,
                "width": null,
                "motor_vehicle": null,
                "incline": null,
                "loc_name": null,
                "source": null,
                "ref": null,
                "source:maxspeed": null,
                "fixme": "zu tracken",
                "lanes:backward": null,
                "traffic_calming": null
            },
            "geometry": {
                "type": "LineString",
                "coordinates": [
                    [
                        4454092.609667903743684,
                        5749256.034445596858859
                    ],
                    [
                        4454116.679132788442075,
                        5749501.025817484594882
                    ],
                    [
                        4454131.023479385301471,
                        5749619.744968794286251
                    ],
                    [
                        4454156.049780857749283,
                        5749947.069761696271598
                    ],
                    [
                        4454156.526303423568606,
                        5750181.239165765233338
                    ],
                    [
                        4454179.132129789330065,
                        5750206.714146693237126
                    ],
                    [
                        4454246.426250180229545,
                        5750282.532465515658259
                    ],
                    [
                        4454436.723870387300849,
                        5750449.66578299831599
                    ],
                    [
                        4454684.917519796639681,
                        5750663.461768561974168
                    ]
                ]
            }
        },
        {
            "type": "Feature",
            "properties": {
                "id": "('way', 1000189950)",
                "name": null,
                "highway": "track",
                "nodes": [
                    845193414,
                    9232344553
                ],
                "bicycle": null,
                "smoothness": "bad",
                "surface": "pebblestone",
                "tracktype": "grade3",
                "maxspeed": null,
                "sidewalk": null,
                "lanes": null,
                "lit": null,
                "access": null,
                "width": null,
                "motor_vehicle": null,
                "incline": null,
                "loc_name": null,
                "source": null,
                "ref": null,
                "source:maxspeed": null,
                "fixme": null,
                "lanes:backward": null,
                "traffic_calming": null
            },
            "geometry": {
                "type": "LineString",
                "coordinates": [
                    [
                        4451547.657153900712729,
                        5750885.72803015448153
                    ],
                    [
                        4451889.318018080666661,
                        5750905.602131457999349
                    ]
                ]
            }
        },
        {
            "type": "Feature",
            "properties": {
                "id": "('way', 1000189951)",
                "name": "Heteborner Hakelstraße",
                "highway": "residential",
                "nodes": [
                    845189629,
                    9232344559,
                    9232344560,
                    9232344561,
                    9232344562,
                    9232344563
                ],
                "bicycle": null,
                "smoothness": null,
                "surface": null,
                "tracktype": null,
                "maxspeed": null,
                "sidewalk": null,
                "lanes": null,
                "lit": null,
                "access": null,
                "width": null,
                "motor_vehicle": null,
                "incline": null,
                "loc_name": null,
                "source": null,
                "ref": null,
                "source:maxspeed": null,
                "fixme": null,
                "lanes:backward": null,
                "traffic_calming": null
            },
            "geometry": {
                "type": "LineString",
                "coordinates": [
                    [
                        4451636.529709142632782,
                        5751146.540826972573996
                    ],
                    [
                        4451632.968854494392872,
                        5751137.12805696297437
                    ],
                    [
                        4451626.483564307913184,
                        5751132.161105198785663
                    ],
                    [
                        4451619.354336641728878,
                        5751132.519273706711829
                    ],
                    [
                        4451609.855754912830889,
                        5751134.914399580098689
                    ],
                    [
                        4451517.035599733702838,
                        5751127.210513887926936
                    ]
                ]
            }
        },
        {
            "type": "Feature",
            "properties": {
                "id": "('way', 1000595281)",
                "name": null,
                "highway": "track",
                "nodes": [
                    9236072442,
                    9236038075,
                    9236038076,
                    9236038077
                ],
                "bicycle": null,
                "smoothness": null,
                "surface": null,
                "tracktype": "grade3",
                "maxspeed": null,
                "sidewalk": null,
                "lanes": null,
                "lit": null,
                "access": null,
                "width": null,
                "motor_vehicle": null,
                "incline": null,
                "loc_name": null,
                "source": null,
                "ref": null,
                "source:maxspeed": null,
                "fixme": null,
                "lanes:backward": null,
                "traffic_calming": null
            },
            "geometry": {
                "type": "LineString",
                "coordinates": [
                    [
                        4450881.522095073014498,
                        5751101.232865465804935
                    ],
                    [
                        4450874.07422495726496,
                        5751128.768365979194641
                    ],
                    [
                        4450863.28206349350512,
                        5751143.139571006409824
                    ],
                    [
                        4450853.712881905958056,
                        5751150.933625055477023
                    ]
                ]
            }
        },
        {
            "type": "Feature",
            "properties": {
                "id": "('way', 1012582706)",
                "name": null,
                "highway": "track",
                "nodes": [
                    7613114742,
                    9341897068
                ],
                "bicycle": null,
                "smoothness": null,
                "surface": null,
                "tracktype": "grade5",
                "maxspeed": null,
                "sidewalk": null,
                "lanes": null,
                "lit": null,
                "access": null,
                "width": null,
                "motor_vehicle": null,
                "incline": null,
                "loc_name": null,
                "source": null,
                "ref": null,
                "source:maxspeed": null,
                "fixme": null,
                "lanes:backward": null,
                "traffic_calming": null
            },
            "geometry": {
                "type": "LineString",
                "coordinates": [
                    [
                        4454604.145768579095602,
                        5749779.852892216295004
                    ],
                    [
                        4454664.782290917821229,
                        5749971.627586900256574
                    ]
                ]
            }
        },
        {
            "type": "Feature",
            "properties": {
                "id": "('way', 1012582707)",
                "name": null,
                "highway": "track",
                "nodes": [
                    9341897069,
                    9341897070,
                    9341897071,
                    9341897072,
                    9341897073,
                    9341897074
                ],
                "bicycle": null,
                "smoothness": null,
                "surface": null,
                "tracktype": "grade4",
                "maxspeed": null,
                "sidewalk": null,
                "lanes": null,
                "lit": null,
                "access": null,
                "width": null,
                "motor_vehicle": null,
                "incline": null,
                "loc_name": null,
                "source": null,
                "ref": null,
                "source:maxspeed": null,
                "fixme": null,
                "lanes:backward": null,
                "traffic_calming": null
            },
            "geometry": {
                "type": "LineString",
                "coordinates": [
                    [
                        4454497.025268090888858,
                        5749782.182071601040661
                    ],
                    [
                        4454455.426312020048499,
                        5749919.61465160548687
                    ],
                    [
                        4454466.768203759565949,
                        5749952.949027814902365
                    ],
                    [
                        4454498.887291193008423,
                        5749985.67186027392745
                    ],
                    [
                        4454518.923263881355524,
                        5750042.205661603249609
                    ],
                    [
                        4454536.567602376453578,
                        5750073.513455498032272
                    ]
                ]
            }
        },
        {
            "type": "Feature",
            "properties": {
                "id": "('way', 1012582708)",
                "name": null,
                "highway": "track",
                "nodes": [
                    9341897075,
                    9341897076,
                    9341897077,
                    9341897078,
                    9341897079,
                    9341897080
                ],
                "bicycle": null,
                "smoothness": null,
                "surface": null,
                "tracktype": "grade5",
                "maxspeed": null,
                "sidewalk": null,
                "lanes": null,
                "lit": null,
                "access": null,
                "width": null,
                "motor_vehicle": null,
                "incline": null,
                "loc_name": null,
                "source": null,
                "ref": null,
                "source:maxspeed": null,
                "fixme": null,
                "lanes:backward": null,
                "traffic_calming": null
            },
            "geometry": {
                "type": "LineString",
                "coordinates": [
                    [
                        4454316.894483057782054,
                        5750156.195579123683274
                    ],
                    [
                        4454296.016135171055794,
                        5750074.711736205965281
                    ],
                    [
                        4454295.4733996540308,
                        5750062.020457371138036
                    ],
                    [
                        4454305.723537729121745,
                        5749975.579255954362452
                    ],
                    [
                        4454308.994019052013755,
                        5749915.873825326561928
                    ],
                    [
                        4454305.407445715740323,
                        5749857.121115918271244
                    ]
                ]
            }
        },
        {
            "type": "Feature",
            "properties": {
                "id": "('way', 1030956150)",
                "name": null,
                "highway": "track",
                "nodes": [
                    6391664741,
                    9502995100,
                    683875043,
                    9502995101,
                    9502995102,
                    9502995103,
                    9502995104,
                    9502995105,
                    9502995106,
                    9502995107,
                    9502995108,
                    9502995109,
                    9502995110,
                    9502995111,
                    9502995112,
                    9502995113,
                    683875046
                ],
                "bicycle": null,
                "smoothness": "very_bad",
                "surface": "grass",
                "tracktype": "grade5",
                "maxspeed": null,
                "sidewalk": null,
                "lanes": null,
                "lit": null,
                "access": null,
                "width": null,
                "motor_vehicle": null,
                "incline": null,
                "loc_name": null,
                "source": null,
                "ref": null,
                "source:maxspeed": null,
                "fixme": null,
                "lanes:backward": null,
                "traffic_calming": null
            },
            "geometry": {
                "type": "LineString",
                "coordinates": [
                    [
                        4453113.983640303835273,
                        5750812.559652714990079
                    ],
                    [
                        4453151.817658766172826,
                        5750821.363469140604138
                    ],
                    [
                        4453163.987145188264549,
                        5750820.982614642940462
                    ],
                    [
                        4453181.755190543830395,
                        5750819.959711755625904
                    ],
                    [
                        4453193.569918361492455,
                        5750826.559081944637001
                    ],
                    [
                        4453210.642135101370513,
                        5750855.708979079499841
                    ],
                    [
                        4453224.871500344015658,
                        5750881.269095524214208
                    ],
                    [
                        4453235.065141399390996,
                        5750893.458492252975702
                    ],
                    [
                        4453249.64415667951107,
                        5750926.259305729530752
                    ],
                    [
                        4453264.372447185218334,
                        5750944.826910351403058
                    ],
                    [
                        4453293.972332498058677,
                        5750967.094795493409038
                    ],
                    [
                        4453307.745922303758562,
                        5750973.386853483505547
                    ],
                    [
                        4453343.598337525501847,
                        5750975.845736343413591
                    ],
                    [
                        4453373.540265327319503,
                        5750975.010563944466412
                    ],
                    [
                        4453401.919290022924542,
                        5750986.75286287534982
                    ],
                    [
                        4453416.34289884660393,
                        5751002.25259683933109
                    ],
                    [
                        4453462.83219941239804,
                        5751026.189301643520594
                    ]
                ]
            }
        },
        {
            "type": "Feature",
            "properties": {
                "id": "('way', 1030956154)",
                "name": null,
                "highway": "track",
                "nodes": [
                    1688303314,
                    9503003117,
                    9503003118,
                    6391664745
                ],
                "bicycle": null,
                "smoothness": "horrible",
                "surface": "grass",
                "tracktype": "grade5",
                "maxspeed": null,
                "sidewalk": null,
                "lanes": null,
                "lit": null,
                "access": null,
                "width": null,
                "motor_vehicle": null,
                "incline": null,
                "loc_name": null,
                "source": null,
                "ref": null,
                "source:maxspeed": null,
                "fixme": null,
                "lanes:backward": null,
                "traffic_calming": null
            },
            "geometry": {
                "type": "LineString",
                "coordinates": [
                    [
                        4453924.938659225590527,
                        5750722.904175576753914
                    ],
                    [
                        4453865.647240314632654,
                        5750705.501530236564577
                    ],
                    [
                        4453768.446603912860155,
                        5750698.018786489032209
                    ],
                    [
                        4453665.16058721486479,
                        5750634.890874228440225
                    ]
                ]
            }
        },
        {
            "type": "Feature",
            "properties": {
                "id": "('way', 1030956155)",
                "name": "Cochstedter Weg",
                "highway": "track",
                "nodes": [
                    1678479319,
                    1293864588,
                    1293864590,
                    6391664752,
                    1293864562,
                    1293864567,
                    6391664754,
                    4877419466,
                    1293864568,
                    1293864569,
                    7195458722,
                    1293864574,
                    8971670427,
                    1293864575,
                    1293864577,
                    683875026,
                    4877335040,
                    683872135
                ],
                "bicycle": null,
                "smoothness": "intermediate",
                "surface": "gravel",
                "tracktype": "grade2",
                "maxspeed": null,
                "sidewalk": null,
                "lanes": null,
                "lit": null,
                "access": null,
                "width": null,
                "motor_vehicle": null,
                "incline": null,
                "loc_name": null,
                "source": null,
                "ref": null,
                "source:maxspeed": null,
                "fixme": null,
                "lanes:backward": null,
                "traffic_calming": null
            },
            "geometry": {
                "type": "LineString",
                "coordinates": [
                    [
                        4453703.425184186547995,
                        5750173.232290416955948
                    ],
                    [
                        4453666.659868719056249,
                        5750199.231717756018043
                    ],
                    [
                        4453526.014889679849148,
                        5750300.44647516682744
                    ],
                    [
                        4453334.21900993026793,
                        5750398.480584181845188
                    ],
                    [
                        4453296.348667214624584,
                        5750417.838943285867572
                    ],
                    [
                        4453208.032668696716428,
                        5750454.036796629428864
                    ],
                    [
                        4453156.448137584142387,
                        5750469.106789414770901
                    ],
                    [
                        4453120.699018171988428,
                        5750479.555926121771336
                    ],
                    [
                        4453063.786376786418259,
                        5750496.190058685839176
                    ],
                    [
                        4452889.940394651144743,
                        5750566.076910992152989
                    ],
                    [
                        4452790.884365851059556,
                        5750601.849100810475647
                    ],
                    [
                        4452789.815248829312623,
                        5750602.382161004468799
                    ],
                    [
                        4452777.666722534224391,
                        5750606.502505448646843
                    ],
                    [
                        4452751.916303473524749,
                        5750616.87118598818779
                    ],
                    [
                        4452718.306863842532039,
                        5750636.427464731037617
                    ],
                    [
                        4452600.483520937152207,
                        5750707.832362142391503
                    ],
                    [
                        4452243.570857064798474,
                        5750929.340753860771656
                    ],
                    [
                        4452210.979299725033343,
                        5750954.13178991433233
                    ]
                ]
            }
        },
        {
            "type": "Feature",
            "properties": {
                "id": "('way', 1030957217)",
                "name": "Steinweg",
                "highway": "track",
                "nodes": [
                    1717641963,
                    448886572,
                    448886577,
                    9128879185,
                    1717641938,
                    448886581,
                    448886584,
                    9128879186,
                    448886586,
                    7204145989,
                    448886588,
                    9128879187,
                    448886592,
                    4877378004,
                    448886596,
                    448886598,
                    448886599,
                    4877377997,
                    448886602,
                    448886605,
                    448886608,
                    448886613
                ],
                "bicycle": "yes",
                "smoothness": "intermediate",
                "surface": "paved",
                "tracktype": "grade2",
                "maxspeed": null,
                "sidewalk": null,
                "lanes": null,
                "lit": null,
                "access": null,
                "width": null,
                "motor_vehicle": null,
                "incline": null,
                "loc_name": null,
                "source": null,
                "ref": null,
                "source:maxspeed": null,
                "fixme": null,
                "lanes:backward": null,
                "traffic_calming": null
            },
            "geometry": {
                "type": "LineString",
                "coordinates": [
                    [
                        4453585.525054411962628,
                        5749643.628650147467852
                    ],
                    [
                        4453586.936205222271383,
                        5749635.381378877907991
                    ],
                    [
                        4453611.073548260144889,
                        5749575.771490841172636
                    ],
                    [
                        4453615.905288827605546,
                        5749550.912894843146205
                    ],
                    [
                        4453617.330249265767634,
                        5749524.806197077035904
                    ],
                    [
                        4453620.582329275086522,
                        5749489.992173475213349
                    ],
                    [
                        4453626.885503764264286,
                        5749432.861950643360615
                    ],
                    [
                        4453622.054644603282213,
                        5749397.566371317952871
                    ],
                    [
                        4453606.832743275910616,
                        5749371.391214420087636
                    ],
                    [
                        4453557.417596711777151,
                        5749330.56664718221873
                    ],
                    [
                        4453536.038488371297717,
                        5749302.223303550854325
                    ],
                    [
                        4453490.304126064293087,
                        5749287.080439304001629
                    ],
                    [
                        4453442.979290282353759,
                        5749280.175835533998907
                    ],
                    [
                        4453390.91724053863436,
                        5749263.056361551396549
                    ],
                    [
                        4453335.249329843558371,
                        5749237.436357508413494
                    ],
                    [
                        4453265.851820721291006,
                        5749204.91251693572849
                    ],
                    [
                        4453197.793174631893635,
                        5749138.116156767122447
                    ],
                    [
                        4453164.397674607113004,
                        5749128.758494830690324
                    ],
                    [
                        4453131.793902225792408,
                        5749112.750649143010378
                    ],
                    [
                        4453099.82931493036449,
                        5749072.334852059371769
                    ],
                    [
                        4453076.428270992822945,
                        5749039.561423188075423
                    ],
                    [
                        4453045.965181509032845,
                        5748991.153626007027924
                    ]
                ]
            }
        },
        {
            "type": "Feature",
            "properties": {
                "id": "('way', 1071624224)",
                "name": "Ernst-Thälmann-Straße",
                "highway": "secondary",
                "nodes": [
                    6570484240,
                    9232386908,
                    845197362
                ],
                "bicycle": null,
                "smoothness": null,
                "surface": null,
                "tracktype": null,
                "maxspeed": "50",
                "sidewalk": "right",
                "lanes": "2",
                "lit": null,
                "access": null,
                "width": null,
                "motor_vehicle": null,
                "incline": null,
                "loc_name": null,
                "source": null,
                "ref": "L 66",
                "source:maxspeed": "DE:urban",
                "fixme": null,
                "lanes:backward": "1",
                "traffic_calming": null
            },
            "geometry": {
                "type": "LineString",
                "coordinates": [
                    [
                        4451011.318206634372473,
                        5751128.180858364328742
                    ],
                    [
                        4451023.762845452874899,
                        5751152.494953881017864
                    ],
                    [
                        4451027.894326161593199,
                        5751160.299382553435862
                    ]
                ]
            }
        },
        {
            "type": "Feature",
            "properties": {
                "id": "('way', 1172439633)",
                "name": null,
                "highway": "secondary",
                "nodes": [
                    10893426985,
                    8485269599
                ],
                "bicycle": null,
                "smoothness": null,
                "surface": null,
                "tracktype": null,
                "maxspeed": "50",
                "sidewalk": null,
                "lanes": "2",
                "lit": null,
                "access": null,
                "width": null,
                "motor_vehicle": null,
                "incline": null,
                "loc_name": null,
                "source": null,
                "ref": "L 66",
                "source:maxspeed": "DE:urban",
                "fixme": null,
                "lanes:backward": null,
                "traffic_calming": null
            },
            "geometry": {
                "type": "LineString",
                "coordinates": [
                    [
                        4450910.613049197010696,
                        5750916.722249473445117
                    ],
                    [
                        4450917.841653342358768,
                        5750932.096261235885322
                    ]
                ]
            }
        },
        {
            "type": "Feature",
            "properties": {
                "id": "('way', 1172439634)",
                "name": "Ernst-Thälmann-Straße",
                "highway": "secondary",
                "nodes": [
                    10893426988,
                    10893426987,
                    10893426986,
                    1293937281
                ],
                "bicycle": null,
                "smoothness": null,
                "surface": null,
                "tracktype": null,
                "maxspeed": "50",
                "sidewalk": "right",
                "lanes": "2",
                "lit": null,
                "access": null,
                "width": null,
                "motor_vehicle": null,
                "incline": null,
                "loc_name": null,
                "source": null,
                "ref": "L 66",
                "source:maxspeed": "DE:urban",
                "fixme": null,
                "lanes:backward": null,
                "traffic_calming": "island"
            },
            "geometry": {
                "type": "LineString",
                "coordinates": [
                    [
                        4450952.770463474094868,
                        5751003.158724998123944
                    ],
                    [
                        4450953.319212571717799,
                        5751004.355112188495696
                    ],
                    [
                        4450960.734947354532778,
                        5751020.584162209182978
                    ],
                    [
                        4450961.537085456773639,
                        5751022.345567500218749
                    ]
                ]
            }
        },
        {
            "type": "Feature",
            "properties": {
                "id": "('way', 1172439635)",
                "name": "Ernst-Thälmann-Straße",
                "highway": "secondary",
                "nodes": [
                    8485269599,
                    845198312,
                    10893426988
                ],
                "bicycle": null,
                "smoothness": null,
                "surface": null,
                "tracktype": null,
                "maxspeed": "50",
                "sidewalk": "right",
                "lanes": "2",
                "lit": null,
                "access": null,
                "width": null,
                "motor_vehicle": null,
                "incline": null,
                "loc_name": null,
                "source": null,
                "ref": "L 66",
                "source:maxspeed": "DE:urban",
                "fixme": null,
                "lanes:backward": null,
                "traffic_calming": null
            },
            "geometry": {
                "type": "LineString",
                "coordinates": [
                    [
                        4450917.841653342358768,
                        5750932.096261235885322
                    ],
                    [
                        4450945.867408208549023,
                        5750990.774749678559601
                    ],
                    [
                        4450952.770463474094868,
                        5751003.158724998123944
                    ]
                ]
            }
        },
        {
            "type": "Feature",
            "properties": {
                "id": "('way', 1172777823)",
                "name": null,
                "highway": "track",
                "nodes": [
                    1293864634,
                    1293864584,
                    1293864583,
                    1293864582,
                    1296804933,
                    1293864560,
                    1293864558,
                    1293864552,
                    1293864546,
                    1036593792
                ],
                "bicycle": null,
                "smoothness": "very_bad",
                "surface": "ground",
                "tracktype": "grade4",
                "maxspeed": null,
                "sidewalk": null,
                "lanes": null,
                "lit": null,
                "access": "unknown",
                "width": null,
                "motor_vehicle": null,
                "incline": null,
                "loc_name": null,
                "source": null,
                "ref": null,
                "source:maxspeed": null,
                "fixme": null,
                "lanes:backward": null,
                "traffic_calming": null
            },
            "geometry": {
                "type": "LineString",
                "coordinates": [
                    [
                        4454675.53713804949075,
                        5748366.334736401215196
                    ],
                    [
                        4454682.082894279621542,
                        5748407.657766683958471
                    ],
                    [
                        4454697.252920083701611,
                        5748493.189281185157597
                    ],
                    [
                        4454726.379311189986765,
                        5748664.263421340845525
                    ],
                    [
                        4454732.172197610139847,
                        5748687.901005205698311
                    ],
                    [
                        4454736.998873421922326,
                        5748711.335903296247125
                    ],
                    [
                        4454746.349002038128674,
                        5748772.696125549264252
                    ],
                    [
                        4454751.555178946815431,
                        5748805.374353712424636
                    ],
                    [
                        4454757.089831748977304,
                        5748837.059297941625118
                    ],
                    [
                        4454764.613295614719391,
                        5748892.972570221871138
                    ]
                ]
            }
        },
        {
            "type": "Feature",
            "properties": {
                "id": "('way', 1216721188)",
                "name": null,
                "highway": "track",
                "nodes": [
                    3635073697,
                    11273851372,
                    11273851373,
                    11273851374,
                    11273851375,
                    11273851376
                ],
                "bicycle": null,
                "smoothness": null,
                "surface": null,
                "tracktype": null,
                "maxspeed": null,
                "sidewalk": null,
                "lanes": null,
                "lit": null,
                "access": null,
                "width": null,
                "motor_vehicle": null,
                "incline": null,
                "loc_name": null,
                "source": null,
                "ref": null,
                "source:maxspeed": null,
                "fixme": null,
                "lanes:backward": null,
                "traffic_calming": null
            },
            "geometry": {
                "type": "LineString",
                "coordinates": [
                    [
                        4450753.187256426550448,
                        5750970.277002066373825
                    ],
                    [
                        4450743.29281147941947,
                        5750970.218503726646304
                    ],
                    [
                        4450731.070390559732914,
                        5750966.577638575807214
                    ],
                    [
                        4450712.249339979141951,
                        5750960.564821283333004
                    ],
                    [
                        4450691.901015806011856,
                        5750960.275473213754594
                    ],
                    [
                        4450637.952156704850495,
                        5750963.354990834370255
                    ]
                ]
            }
        },
        {
            "type": "Feature",
            "properties": {
                "id": "('way', 1216721189)",
                "name": null,
                "highway": "track",
                "nodes": [
                    3635073698,
                    11273851377,
                    11273851378,
                    11273851379,
                    11273851380,
                    11273851381,
                    11273851382
                ],
                "bicycle": null,
                "smoothness": null,
                "surface": null,
                "tracktype": null,
                "maxspeed": null,
                "sidewalk": null,
                "lanes": null,
                "lit": null,
                "access": null,
                "width": null,
                "motor_vehicle": null,
                "incline": null,
                "loc_name": null,
                "source": null,
                "ref": null,
                "source:maxspeed": null,
                "fixme": null,
                "lanes:backward": null,
                "traffic_calming": null
            },
            "geometry": {
                "type": "LineString",
                "coordinates": [
                    [
                        4450748.474544286727905,
                        5750974.841067809611559
                    ],
                    [
                        4450753.827801920473576,
                        5750986.405458898283541
                    ],
                    [
                        4450762.09180290158838,
                        5750996.40565956197679
                    ],
                    [
                        4450769.47356356587261,
                        5751003.510288519784808
                    ],
                    [
                        4450777.674523612484336,
                        5751007.80276916269213
                    ],
                    [
                        4450785.485228835605085,
                        5751008.816509515047073
                    ],
                    [
                        4450798.257255690172315,
                        5751006.743742575868964
                    ]
                ]
            }
        }
    ]
}