{
"type": "FeatureCollection",
"name": "short_4326",
"crs": { "type": "name", "properties": { "name": "urn:ogc:def:crs:OGC:1.3:CRS84" } },
"features": [
{ "type": "Feature", "properties": { "Easting (m)": 5750800, "Northing (m)": 4453300, "Class1": 0.10288, "Class2": 0.1228, "Class3": 0.44812, "Class4": 0.12411, "Class5": 0.10212, "Class6": 0.09996 }, "geometry": { "type": "Point", "coordinates": [ 11.320169677802383, 51.889277343806832 ] } },
{ "type": "Feature", "properties": { "Easting (m)": 5750800, "Northing (m)": 4453400, "Class1": 0.1064, "Class2": 0.12152, "Class3": 0.43926, "Class4": 0.12925, "Class5": 0.10089, "Class6": 0.10267 }, "geometry": { "type": "Point", "coordinates": [ 11.321622061886716, 51.889285713066137 ] } },
{ "type": "Feature", "properties": { "Easting (m)": 5750700, "Northing (m)": 4453000, "Class1": 0.10552, "Class2": 0.12627, "Class3": 0.43497, "Class4": 0.12514, "Class5": 0.10639, "Class6": 0.10171 }, "geometry": { "type": "Point", "coordinates": [ 11.315826158968235, 51.888353440845734 ] } },
{ "type": "Feature", "properties": { "Easting (m)": 5750700, "Northing (m)": 4453100, "Class1": 0.09818, "Class2": 0.11697, "Class3": 0.47549, "Class4": 0.11587, "Class5": 0.09752, "Class6": 0.09597 }, "geometry": { "type": "Point", "coordinates": [ 11.317278511964521, 51.888361863618975 ] } },
{ "type": "Feature", "properties": { "Easting (m)": 5750700, "Northing (m)": 4453200, "Class1": 0.09434, "Class2": 0.1086, "Class3": 0.50436, "Class4": 0.11032, "Class5": 0.0902, "Class6": 0.09218 }, "geometry": { "type": "Point", "coordinates": [ 11.318730865670307, 51.888370268466247 ] } },
{ "type": "Feature", "properties": { "Easting (m)": 5750700, "Northing (m)": 4453300, "Class1": 0.10035, "Class2": 0.11094, "Class3": 0.48004, "Class4": 0.11954, "Class5": 0.09178, "Class6": 0.09736 }, "geometry": { "type": "Point", "coordinates": [ 11.320183220084076, 51.888378655387527 ] } },
{ "type": "Feature", "properties": { "Easting (m)": 5750700, "Northing (m)": 4453400, "Class1": 0.10164, "Class2": 0.11285, "Class3": 0.47181, "Class4": 0.12179, "Class5": 0.09337, "Class6": 0.09854 }, "geometry": { "type": "Point", "coordinates": [ 11.321635575204322, 51.888387024382816 ] } },
{ "type": "Feature", "properties": { "Easting (m)": 5750700, "Northing (m)": 4453500, "Class1": 0.10504, "Class2": 0.11848, "Class3": 0.44953, "Class4": 0.12724, "Class5": 0.09821, "Class6": 0.10151 }, "geometry": { "type": "Point", "coordinates": [ 11.323087931029528, 51.888395375452092 ] } },
{ "type": "Feature", "properties": { "Easting (m)": 5750600, "Northing (m)": 4451000, "Class1": 0.02812, "Class2": 0.03644, "Class3": 0.0298, "Class4": 0.72706, "Class5": 0.15126, "Class6": 0.02732 }, "geometry": { "type": "Point", "coordinates": [ 11.286793458065697, 51.887282538632192 ] } },
{ "type": "Feature", "properties": { "Easting (m)": 5750600, "Northing (m)": 4451100, "Class1": 0.03496, "Class2": 0.04316, "Class3": 0.03688, "Class4": 0.71691, "Class5": 0.1344, "Class6": 0.03369 }, "geometry": { "type": "Point", "coordinates": [ 11.288245767593192, 51.887291319643133 ] } },
{ "type": "Feature", "properties": { "Easting (m)": 5750600, "Northing (m)": 4452800, "Class1": 0.09904, "Class2": 0.11161, "Class3": 0.48249, "Class4": 0.1183, "Class5": 0.09236, "Class6": 0.09621 }, "geometry": { "type": "Point", "coordinates": [ 11.31293514149778, 51.887437854290788 ] } },
{ "type": "Feature", "properties": { "Easting (m)": 5750600, "Northing (m)": 4452900, "Class1": 0.08653, "Class2": 0.09433, "Class3": 0.55903, "Class4": 0.09699, "Class5": 0.07886, "Class6": 0.08425 }, "geometry": { "type": "Point", "coordinates": [ 11.314387464108206, 51.887446312648976 ] } },
{ "type": "Feature", "properties": { "Easting (m)": 5750600, "Northing (m)": 4453000, "Class1": 0.09445, "Class2": 0.10323, "Class3": 0.5149, "Class4": 0.10989, "Class5": 0.08573, "Class6": 0.0918 }, "geometry": { "type": "Point", "coordinates": [ 11.315839787431104, 51.887454753081848 ] } },
{ "type": "Feature", "properties": { "Easting (m)": 5750600, "Northing (m)": 4453100, "Class1": 0.09498, "Class2": 0.10453, "Class3": 0.50984, "Class4": 0.11156, "Class5": 0.08652, "Class6": 0.09256 }, "geometry": { "type": "Point", "coordinates": [ 11.317292111464962, 51.887463175589339 ] } },
{ "type": "Feature", "properties": { "Easting (m)": 5750600, "Northing (m)": 4453200, "Class1": 0.09433, "Class2": 0.10152, "Class3": 0.51846, "Class4": 0.10962, "Class5": 0.08407, "Class6": 0.092 }, "geometry": { "type": "Point", "coordinates": [ 11.318744436208268, 51.887471580171443 ] } },
{ "type": "Feature", "properties": { "Easting (m)": 5750600, "Northing (m)": 4453300, "Class1": 0.09452, "Class2": 0.10083, "Class3": 0.51945, "Class4": 0.10947, "Class5": 0.08353, "Class6": 0.09219 }, "geometry": { "type": "Point", "coordinates": [ 11.32019676165951, 51.88747996682816 ] } },
{ "type": "Feature", "properties": { "Easting (m)": 5750600, "Northing (m)": 4453400, "Class1": 0.09274, "Class2": 0.10206, "Class3": 0.52219, "Class4": 0.10796, "Class5": 0.08452, "Class6": 0.09053 }, "geometry": { "type": "Point", "coordinates": [ 11.32164908781718, 51.887488335559432 ] } },
{ "type": "Feature", "properties": { "Easting (m)": 5750600, "Northing (m)": 4453500, "Class1": 0.09677, "Class2": 0.11119, "Class3": 0.4909, "Class4": 0.11471, "Class5": 0.09217, "Class6": 0.09427 }, "geometry": { "type": "Point", "coordinates": [ 11.323101414679762, 51.887496686365267 ] } },
{ "type": "Feature", "properties": { "Easting (m)": 5750600, "Northing (m)": 4453600, "Class1": 0.11008, "Class2": 0.13041, "Class3": 0.40926, "Class4": 0.13542, "Class5": 0.10887, "Class6": 0.10596 }, "geometry": { "type": "Point", "coordinates": [ 11.324553742245747, 51.887505019245623 ] } },
{ "type": "Feature", "properties": { "Easting (m)": 5750500, "Northing (m)": 4451000, "Class1": 0.02491, "Class2": 0.03042, "Class3": 0.02646, "Class4": 0.79392, "Class5": 0.10021, "Class6": 0.02409 }, "geometry": { "type": "Point", "coordinates": [ 11.286807665025709, 51.886383856163476 ] } },
{ "type": "Feature", "properties": { "Easting (m)": 5750500, "Northing (m)": 4451100, "Class1": 0.02309, "Class2": 0.02766, "Class3": 0.0246, "Class4": 0.81048, "Class5": 0.09185, "Class6": 0.02233 }, "geometry": { "type": "Point", "coordinates": [ 11.288259945593289, 51.886392636897192 ] } },
{ "type": "Feature", "properties": { "Easting (m)": 5750500, "Northing (m)": 4451200, "Class1": 0.02093, "Class2": 0.0253, "Class3": 0.02239, "Class4": 0.80296, "Class5": 0.10814, "Class6": 0.02028 }, "geometry": { "type": "Point", "coordinates": [ 11.289712226900493, 51.886401399706493 ] } },
{ "type": "Feature", "properties": { "Easting (m)": 5750500, "Northing (m)": 4451300, "Class1": 0.02945, "Class2": 0.03602, "Class3": 0.03155, "Class4": 0.68969, "Class5": 0.1847, "Class6": 0.02859 }, "geometry": { "type": "Point", "coordinates": [ 11.291164508945812, 51.886410144591387 ] } },
{ "type": "Feature", "properties": { "Easting (m)": 5750500, "Northing (m)": 4451400, "Class1": 0.03122, "Class2": 0.03871, "Class3": 0.03334, "Class4": 0.66832, "Class5": 0.19814, "Class6": 0.03026 }, "geometry": { "type": "Point", "coordinates": [ 11.292616791727735, 51.886418871551818 ] } },
{ "type": "Feature", "properties": { "Easting (m)": 5750500, "Northing (m)": 4451500, "Class1": 0.02691, "Class2": 0.03314, "Class3": 0.02856, "Class4": 0.77191, "Class5": 0.11349, "Class6": 0.02598 }, "geometry": { "type": "Point", "coordinates": [ 11.294069075244748, 51.886427580587799 ] } },
{ "type": "Feature", "properties": { "Easting (m)": 5750500, "Northing (m)": 4451600, "Class1": 0.02271, "Class2": 0.02891, "Class3": 0.02434, "Class4": 0.76666, "Class5": 0.13515, "Class6": 0.02222 }, "geometry": { "type": "Point", "coordinates": [ 11.295521359495341, 51.886436271699303 ] } },
{ "type": "Feature", "properties": { "Easting (m)": 5750500, "Northing (m)": 4451700, "Class1": 0.04211, "Class2": 0.05306, "Class3": 0.04542, "Class4": 0.55553, "Class5": 0.2622, "Class6": 0.04169 }, "geometry": { "type": "Point", "coordinates": [ 11.296973644478003, 51.886444944886286 ] } },
{ "type": "Feature", "properties": { "Easting (m)": 5750500, "Northing (m)": 4451800, "Class1": 0.04865, "Class2": 0.06257, "Class3": 0.05236, "Class4": 0.4256, "Class5": 0.36243, "Class6": 0.04839 }, "geometry": { "type": "Point", "coordinates": [ 11.298425930191222, 51.886453600148755 ] } },
{ "type": "Feature", "properties": { "Easting (m)": 5750500, "Northing (m)": 4452300, "Class1": 0.09198, "Class2": 0.10542, "Class3": 0.52072, "Class4": 0.10075, "Class5": 0.08941, "Class6": 0.09172 }, "geometry": { "type": "Point", "coordinates": [ 11.305687369662783, 51.886496607592456 ] } },
{ "type": "Feature", "properties": { "Easting (m)": 5750500, "Northing (m)": 4452400, "Class1": 0.08543, "Class2": 0.09336, "Class3": 0.56523, "Class4": 0.09207, "Class5": 0.07878, "Class6": 0.08513 }, "geometry": { "type": "Point", "coordinates": [ 11.307139659727611, 51.886505155307347 ] } },
{ "type": "Feature", "properties": { "Easting (m)": 5750500, "Northing (m)": 4452500, "Class1": 0.08288, "Class2": 0.08948, "Class3": 0.58008, "Class4": 0.09063, "Class5": 0.07489, "Class6": 0.08205 }, "geometry": { "type": "Point", "coordinates": [ 11.308591950512415, 51.886513685097562 ] } },
{ "type": "Feature", "properties": { "Easting (m)": 5750500, "Northing (m)": 4452600, "Class1": 0.09529, "Class2": 0.10244, "Class3": 0.51369, "Class4": 0.11091, "Class5": 0.08482, "Class6": 0.09285 }, "geometry": { "type": "Point", "coordinates": [ 11.310044242015687, 51.886522196963071 ] } },
{ "type": "Feature", "properties": { "Easting (m)": 5750500, "Northing (m)": 4452700, "Class1": 0.08728, "Class2": 0.09456, "Class3": 0.55597, "Class4": 0.09826, "Class5": 0.07892, "Class6": 0.085 }, "geometry": { "type": "Point", "coordinates": [ 11.311496534235918, 51.886530690903875 ] } },
{ "type": "Feature", "properties": { "Easting (m)": 5750500, "Northing (m)": 4452800, "Class1": 0.09128, "Class2": 0.09728, "Class3": 0.53727, "Class4": 0.10432, "Class5": 0.08085, "Class6": 0.089 }, "geometry": { "type": "Point", "coordinates": [ 11.31294882717159, 51.88653916691996 ] } },
{ "type": "Feature", "properties": { "Easting (m)": 5750500, "Northing (m)": 4452900, "Class1": 0.08962, "Class2": 0.09599, "Class3": 0.54511, "Class4": 0.10199, "Class5": 0.07988, "Class6": 0.08739 }, "geometry": { "type": "Point", "coordinates": [ 11.314401120821199, 51.886547625011282 ] } },
{ "type": "Feature", "properties": { "Easting (m)": 5750500, "Northing (m)": 4453000, "Class1": 0.09251, "Class2": 0.09994, "Class3": 0.52765, "Class4": 0.10678, "Class5": 0.08303, "Class6": 0.0901 }, "geometry": { "type": "Point", "coordinates": [ 11.315853415183227, 51.886556065177849 ] } },
{ "type": "Feature", "properties": { "Easting (m)": 5750500, "Northing (m)": 4453100, "Class1": 0.09629, "Class2": 0.10242, "Class3": 0.51034, "Class4": 0.11217, "Class5": 0.08488, "Class6": 0.0939 }, "geometry": { "type": "Point", "coordinates": [ 11.317305710256166, 51.886564487419612 ] } },
{ "type": "Feature", "properties": { "Easting (m)": 5750500, "Northing (m)": 4453200, "Class1": 0.09484, "Class2": 0.101, "Class3": 0.51776, "Class4": 0.11011, "Class5": 0.08371, "Class6": 0.09258 }, "geometry": { "type": "Point", "coordinates": [ 11.318758006038506, 51.886572891736577 ] } },
{ "type": "Feature", "properties": { "Easting (m)": 5750500, "Northing (m)": 4453300, "Class1": 0.09157, "Class2": 0.10107, "Class3": 0.52741, "Class4": 0.10665, "Class5": 0.08375, "Class6": 0.08955 }, "geometry": { "type": "Point", "coordinates": [ 11.320210302528732, 51.886581278128709 ] } },
{ "type": "Feature", "properties": { "Easting (m)": 5750500, "Northing (m)": 4453400, "Class1": 0.0909, "Class2": 0.10445, "Class3": 0.52373, "Class4": 0.10457, "Class5": 0.08704, "Class6": 0.08931 }, "geometry": { "type": "Point", "coordinates": [ 11.321662599725336, 51.886589646595993 ] } },
{ "type": "Feature", "properties": { "Easting (m)": 5750500, "Northing (m)": 4453500, "Class1": 0.09536, "Class2": 0.11288, "Class3": 0.49348, "Class4": 0.11013, "Class5": 0.09446, "Class6": 0.09369 }, "geometry": { "type": "Point", "coordinates": [ 11.323114897626807, 51.886597997138395 ] } },
{ "type": "Feature", "properties": { "Easting (m)": 5750500, "Northing (m)": 4453600, "Class1": 0.10485, "Class2": 0.13053, "Class3": 0.42894, "Class4": 0.12222, "Class5": 0.11046, "Class6": 0.10299 }, "geometry": { "type": "Point", "coordinates": [ 11.32456719623163, 51.886606329755928 ] } },
{ "type": "Feature", "properties": { "Easting (m)": 5750400, "Northing (m)": 4451100, "Class1": 0.02063, "Class2": 0.02504, "Class3": 0.02202, "Class4": 0.8156, "Class5": 0.09674, "Class6": 0.01997 }, "geometry": { "type": "Point", "coordinates": [ 11.288274122853974, 51.885493954010926 ] } },
{ "type": "Feature", "properties": { "Easting (m)": 5750400, "Northing (m)": 4451200, "Class1": 0.01938, "Class2": 0.02339, "Class3": 0.02076, "Class4": 0.82074, "Class5": 0.09693, "Class6": 0.01879 }, "geometry": { "type": "Point", "coordinates": [ 11.289726375202726, 51.885502716543591 ] } },
{ "type": "Feature", "properties": { "Easting (m)": 5750400, "Northing (m)": 4451300, "Class1": 0.02091, "Class2": 0.02531, "Class3": 0.02242, "Class4": 0.79922, "Class5": 0.11186, "Class6": 0.02028 }, "geometry": { "type": "Point", "coordinates": [ 11.29117862828954, 51.885511461152412 ] } },
{ "type": "Feature", "properties": { "Easting (m)": 5750400, "Northing (m)": 4451400, "Class1": 0.02182, "Class2": 0.02666, "Class3": 0.02335, "Class4": 0.79037, "Class5": 0.11667, "Class6": 0.02114 }, "geometry": { "type": "Point", "coordinates": [ 11.292630882112904, 51.885520187837358 ] } },
{ "type": "Feature", "properties": { "Easting (m)": 5750400, "Northing (m)": 4451500, "Class1": 0.02341, "Class2": 0.02847, "Class3": 0.02494, "Class4": 0.80374, "Class5": 0.09681, "Class6": 0.02264 }, "geometry": { "type": "Point", "coordinates": [ 11.294083136671309, 51.885528896598423 ] } },
{ "type": "Feature", "properties": { "Easting (m)": 5750400, "Northing (m)": 4451600, "Class1": 0.01325, "Class2": 0.0163, "Class3": 0.0142, "Class4": 0.88035, "Class5": 0.06301, "Class6": 0.01289 }, "geometry": { "type": "Point", "coordinates": [ 11.295535391963243, 51.885537587435586 ] } },
{ "type": "Feature", "properties": { "Easting (m)": 5750400, "Northing (m)": 4451700, "Class1": 0.03007, "Class2": 0.03655, "Class3": 0.03266, "Class4": 0.7008, "Class5": 0.1702, "Class6": 0.02972 }, "geometry": { "type": "Point", "coordinates": [ 11.296987647987198, 51.885546260348804 ] } },
{ "type": "Feature", "properties": { "Easting (m)": 5750400, "Northing (m)": 4451800, "Class1": 0.03396, "Class2": 0.04078, "Class3": 0.03686, "Class4": 0.66688, "Class5": 0.18792, "Class6": 0.03361 }, "geometry": { "type": "Point", "coordinates": [ 11.298439904741658, 51.885554915338062 ] } },
{ "type": "Feature", "properties": { "Easting (m)": 5750400, "Northing (m)": 4451900, "Class1": 0.01463, "Class2": 0.01757, "Class3": 0.01576, "Class4": 0.86352, "Class5": 0.07419, "Class6": 0.01432 }, "geometry": { "type": "Point", "coordinates": [ 11.299892162225113, 51.885563552403369 ] } },
{ "type": "Feature", "properties": { "Easting (m)": 5750400, "Northing (m)": 4452000, "Class1": 0.01725, "Class2": 0.02024, "Class3": 0.01867, "Class4": 0.84338, "Class5": 0.08352, "Class6": 0.01694 }, "geometry": { "type": "Point", "coordinates": [ 11.301344420436054, 51.88557217154468 ] } },
{ "type": "Feature", "properties": { "Easting (m)": 5750400, "Northing (m)": 4452100, "Class1": 0.08794, "Class2": 0.0997, "Class3": 0.541, "Class4": 0.10127, "Class5": 0.08318, "Class6": 0.08691 }, "geometry": { "type": "Point", "coordinates": [ 11.302796679372968, 51.885580772761976 ] } },
{ "type": "Feature", "properties": { "Easting (m)": 5750400, "Northing (m)": 4452200, "Class1": 0.08599, "Class2": 0.09549, "Class3": 0.55644, "Class4": 0.09712, "Class5": 0.07982, "Class6": 0.08515 }, "geometry": { "type": "Point", "coordinates": [ 11.304248939034345, 51.885589356055242 ] } },
{ "type": "Feature", "properties": { "Easting (m)": 5750400, "Northing (m)": 4452300, "Class1": 0.08505, "Class2": 0.09312, "Class3": 0.56442, "Class4": 0.09545, "Class5": 0.07778, "Class6": 0.08418 }, "geometry": { "type": "Point", "coordinates": [ 11.305701199418671, 51.885597921424456 ] } },
{ "type": "Feature", "properties": { "Easting (m)": 5750400, "Northing (m)": 4452400, "Class1": 0.08384, "Class2": 0.0896, "Class3": 0.57588, "Class4": 0.0926, "Class5": 0.07496, "Class6": 0.08311 }, "geometry": { "type": "Point", "coordinates": [ 11.307153460524438, 51.885606468869597 ] } },
{ "type": "Feature", "properties": { "Easting (m)": 5750400, "Northing (m)": 4452500, "Class1": 0.08388, "Class2": 0.08686, "Class3": 0.58198, "Class4": 0.09156, "Class5": 0.07265, "Class6": 0.08307 }, "geometry": { "type": "Point", "coordinates": [ 11.308605722350135, 51.885614998390636 ] } },
{ "type": "Feature", "properties": { "Easting (m)": 5750400, "Northing (m)": 4452600, "Class1": 0.0886, "Class2": 0.09007, "Class3": 0.56109, "Class4": 0.09781, "Class5": 0.07513, "Class6": 0.0873 }, "geometry": { "type": "Point", "coordinates": [ 11.310057984894248, 51.885623509987553 ] } },
{ "type": "Feature", "properties": { "Easting (m)": 5750400, "Northing (m)": 4452700, "Class1": 0.08713, "Class2": 0.08858, "Class3": 0.56895, "Class4": 0.09576, "Class5": 0.074, "Class6": 0.08558 }, "geometry": { "type": "Point", "coordinates": [ 11.311510248155267, 51.885632003660348 ] } },
{ "type": "Feature", "properties": { "Easting (m)": 5750400, "Northing (m)": 4452800, "Class1": 0.09162, "Class2": 0.09496, "Class3": 0.54098, "Class4": 0.10364, "Class5": 0.07903, "Class6": 0.08977 }, "geometry": { "type": "Point", "coordinates": [ 11.312962512131683, 51.885640479408998 ] } },
{ "type": "Feature", "properties": { "Easting (m)": 5750400, "Northing (m)": 4452900, "Class1": 0.09421, "Class2": 0.10006, "Class3": 0.52159, "Class4": 0.10911, "Class5": 0.08297, "Class6": 0.09206 }, "geometry": { "type": "Point", "coordinates": [ 11.314414776821982, 51.885648937233462 ] } },
{ "type": "Feature", "properties": { "Easting (m)": 5750400, "Northing (m)": 4453000, "Class1": 0.09125, "Class2": 0.09863, "Class3": 0.53404, "Class4": 0.10509, "Class5": 0.08201, "Class6": 0.08897 }, "geometry": { "type": "Point", "coordinates": [ 11.315867042224653, 51.885657377133739 ] } },
{ "type": "Feature", "properties": { "Easting (m)": 5750400, "Northing (m)": 4453100, "Class1": 0.09801, "Class2": 0.10782, "Class3": 0.49263, "Class4": 0.1169, "Class5": 0.08922, "Class6": 0.09543 }, "geometry": { "type": "Point", "coordinates": [ 11.317319308338186, 51.885665799109795 ] } },
{ "type": "Feature", "properties": { "Easting (m)": 5750400, "Northing (m)": 4453200, "Class1": 0.09574, "Class2": 0.11366, "Class3": 0.48878, "Class4": 0.1134, "Class5": 0.09464, "Class6": 0.09379 }, "geometry": { "type": "Point", "coordinates": [ 11.318771575161071, 51.885674203161614 ] } },
{ "type": "Feature", "properties": { "Easting (m)": 5750400, "Northing (m)": 4453300, "Class1": 0.10437, "Class2": 0.12832, "Class3": 0.43672, "Class4": 0.11706, "Class5": 0.10991, "Class6": 0.10361 }, "geometry": { "type": "Point", "coordinates": [ 11.320223842691794, 51.885682589289182 ] } },
{ "type": "Feature", "properties": { "Easting (m)": 5750400, "Northing (m)": 4453400, "Class1": 0.09614, "Class2": 0.11752, "Class3": 0.48618, "Class4": 0.10273, "Class5": 0.10158, "Class6": 0.09585 }, "geometry": { "type": "Point", "coordinates": [ 11.321676110928843, 51.885690957492479 ] } },
{ "type": "Feature", "properties": { "Easting (m)": 5750400, "Northing (m)": 4453500, "Class1": 0.09388, "Class2": 0.11684, "Class3": 0.49543, "Class4": 0.09853, "Class5": 0.1018, "Class6": 0.09353 }, "geometry": { "type": "Point", "coordinates": [ 11.323128379870711, 51.885699307771461 ] } },
{ "type": "Feature", "properties": { "Easting (m)": 5750400, "Northing (m)": 4453600, "Class1": 0.09625, "Class2": 0.1227, "Class3": 0.47664, "Class4": 0.10128, "Class5": 0.10746, "Class6": 0.09566 }, "geometry": { "type": "Point", "coordinates": [ 11.324580649515886, 51.885707640126149 ] } },
{ "type": "Feature", "properties": { "Easting (m)": 5750400, "Northing (m)": 4453700, "Class1": 0.10128, "Class2": 0.13367, "Class3": 0.43957, "Class4": 0.10678, "Class5": 0.1184, "Class6": 0.1003 }, "geometry": { "type": "Point", "coordinates": [ 11.326032919862852, 51.88571595455651 ] } },
{ "type": "Feature", "properties": { "Easting (m)": 5750300, "Northing (m)": 4451100, "Class1": 0.02263, "Class2": 0.02778, "Class3": 0.02416, "Class4": 0.78699, "Class5": 0.11654, "Class6": 0.02191 }, "geometry": { "type": "Point", "coordinates": [ 11.288288299375298, 51.884595270984356 ] } },
{ "type": "Feature", "properties": { "Easting (m)": 5750300, "Northing (m)": 4451200, "Class1": 0.025, "Class2": 0.03077, "Class3": 0.02674, "Class4": 0.7504, "Class5": 0.14287, "Class6": 0.02423 }, "geometry": { "type": "Point", "coordinates": [ 11.289740522767106, 51.884604033240379 ] } },
{ "type": "Feature", "properties": { "Easting (m)": 5750300, "Northing (m)": 4451300, "Class1": 0.02388, "Class2": 0.0293, "Class3": 0.02556, "Class4": 0.76287, "Class5": 0.13524, "Class6": 0.02315 }, "geometry": { "type": "Point", "coordinates": [ 11.291192746896927, 51.884612777573153 ] } },
{ "type": "Feature", "properties": { "Easting (m)": 5750300, "Northing (m)": 4451400, "Class1": 0.02056, "Class2": 0.02506, "Class3": 0.02202, "Class4": 0.80431, "Class5": 0.10811, "Class6": 0.01993 }, "geometry": { "type": "Point", "coordinates": [ 11.292644971763247, 51.884621503982615 ] } },
{ "type": "Feature", "properties": { "Easting (m)": 5750300, "Northing (m)": 4451500, "Class1": 0.01789, "Class2": 0.02141, "Class3": 0.01917, "Class4": 0.84682, "Class5": 0.07738, "Class6": 0.01734 }, "geometry": { "type": "Point", "coordinates": [ 11.294097197364557, 51.884630212468771 ] } },
{ "type": "Feature", "properties": { "Easting (m)": 5750300, "Northing (m)": 4451600, "Class1": 0.01985, "Class2": 0.02333, "Class3": 0.0213, "Class4": 0.84136, "Class5": 0.07489, "Class6": 0.01927 }, "geometry": { "type": "Point", "coordinates": [ 11.295549423699345, 51.884638903031593 ] } },
{ "type": "Feature", "properties": { "Easting (m)": 5750300, "Northing (m)": 4451700, "Class1": 0.01785, "Class2": 0.02122, "Class3": 0.01941, "Class4": 0.8345, "Class5": 0.08947, "Class6": 0.01756 }, "geometry": { "type": "Point", "coordinates": [ 11.2970016507661, 51.88464757567106 ] } },
{ "type": "Feature", "properties": { "Easting (m)": 5750300, "Northing (m)": 4451800, "Class1": 0.02374, "Class2": 0.02721, "Class3": 0.0259, "Class4": 0.79334, "Class5": 0.10641, "Class6": 0.02341 }, "geometry": { "type": "Point", "coordinates": [ 11.298453878563315, 51.884656230387144 ] } },
{ "type": "Feature", "properties": { "Easting (m)": 5750300, "Northing (m)": 4451900, "Class1": 0.02241, "Class2": 0.025, "Class3": 0.02437, "Class4": 0.82218, "Class5": 0.08407, "Class6": 0.02197 }, "geometry": { "type": "Point", "coordinates": [ 11.299906107089472, 51.88466486717985 ] } },
{ "type": "Feature", "properties": { "Easting (m)": 5750300, "Northing (m)": 4452000, "Class1": 0.02163, "Class2": 0.02426, "Class3": 0.02354, "Class4": 0.82458, "Class5": 0.08475, "Class6": 0.02124 }, "geometry": { "type": "Point", "coordinates": [ 11.301358336343064, 51.884673486049124 ] } },
{ "type": "Feature", "properties": { "Easting (m)": 5750300, "Northing (m)": 4452100, "Class1": 0.08889, "Class2": 0.09894, "Class3": 0.53873, "Class4": 0.10347, "Class5": 0.08231, "Class6": 0.08766 }, "geometry": { "type": "Point", "coordinates": [ 11.302810566322579, 51.884682086994971 ] } },
{ "type": "Feature", "properties": { "Easting (m)": 5750300, "Northing (m)": 4452200, "Class1": 0.0871, "Class2": 0.09547, "Class3": 0.55213, "Class4": 0.09955, "Class5": 0.07962, "Class6": 0.08613 }, "geometry": { "type": "Point", "coordinates": [ 11.304262797026507, 51.884690670017356 ] } },
{ "type": "Feature", "properties": { "Easting (m)": 5750300, "Northing (m)": 4452300, "Class1": 0.08644, "Class2": 0.09282, "Class3": 0.56022, "Class4": 0.09758, "Class5": 0.07745, "Class6": 0.08549 }, "geometry": { "type": "Point", "coordinates": [ 11.305715028453335, 51.884699235116258 ] } },
{ "type": "Feature", "properties": { "Easting (m)": 5750300, "Northing (m)": 4452400, "Class1": 0.0865, "Class2": 0.09134, "Class3": 0.56355, "Class4": 0.09684, "Class5": 0.07624, "Class6": 0.08553 }, "geometry": { "type": "Point", "coordinates": [ 11.307167260601553, 51.88470778229167 ] } },
{ "type": "Feature", "properties": { "Easting (m)": 5750300, "Northing (m)": 4452500, "Class1": 0.08747, "Class2": 0.09058, "Class3": 0.56269, "Class4": 0.09715, "Class5": 0.07565, "Class6": 0.08646 }, "geometry": { "type": "Point", "coordinates": [ 11.308619493469651, 51.884716311543542 ] } },
{ "type": "Feature", "properties": { "Easting (m)": 5750300, "Northing (m)": 4452600, "Class1": 0.08946, "Class2": 0.09135, "Class3": 0.55539, "Class4": 0.09916, "Class5": 0.07631, "Class6": 0.08834 }, "geometry": { "type": "Point", "coordinates": [ 11.310071727056116, 51.884724822871902 ] } },
{ "type": "Feature", "properties": { "Easting (m)": 5750300, "Northing (m)": 4452700, "Class1": 0.09256, "Class2": 0.09492, "Class3": 0.53815, "Class4": 0.10426, "Class5": 0.07909, "Class6": 0.09102 }, "geometry": { "type": "Point", "coordinates": [ 11.311523961359438, 51.884733316276694 ] } },
{ "type": "Feature", "properties": { "Easting (m)": 5750300, "Northing (m)": 4452800, "Class1": 0.09081, "Class2": 0.0974, "Class3": 0.53701, "Class4": 0.1048, "Class5": 0.08086, "Class6": 0.08913 }, "geometry": { "type": "Point", "coordinates": [ 11.312976196378104, 51.884741791757911 ] } },
{ "type": "Feature", "properties": { "Easting (m)": 5750300, "Northing (m)": 4452900, "Class1": 0.08981, "Class2": 0.09988, "Class3": 0.53496, "Class4": 0.10438, "Class5": 0.08287, "Class6": 0.0881 }, "geometry": { "type": "Point", "coordinates": [ 11.314428432110608, 51.884750249315523 ] } },
{ "type": "Feature", "properties": { "Easting (m)": 5750300, "Northing (m)": 4453000, "Class1": 0.10182, "Class2": 0.11695, "Class3": 0.46077, "Class4": 0.12485, "Class5": 0.09674, "Class6": 0.09886 }, "geometry": { "type": "Point", "coordinates": [ 11.315880668555433, 51.884758688949518 ] } },
{ "type": "Feature", "properties": { "Easting (m)": 5750300, "Northing (m)": 4453100, "Class1": 0.10689, "Class2": 0.13572, "Class3": 0.41267, "Class4": 0.12239, "Class5": 0.11647, "Class6": 0.10586 }, "geometry": { "type": "Point", "coordinates": [ 11.317332905711073, 51.884767110659872 ] } },
{ "type": "Feature", "properties": { "Easting (m)": 5750300, "Northing (m)": 4453200, "Class1": 0.09153, "Class2": 0.11218, "Class3": 0.51154, "Class4": 0.09561, "Class5": 0.09763, "Class6": 0.09151 }, "geometry": { "type": "Point", "coordinates": [ 11.318785143576012, 51.884775514446567 ] } },
{ "type": "Feature", "properties": { "Easting (m)": 5750300, "Northing (m)": 4453300, "Class1": 0.08636, "Class2": 0.10454, "Class3": 0.54375, "Class4": 0.08689, "Class5": 0.09183, "Class6": 0.08663 }, "geometry": { "type": "Point", "coordinates": [ 11.320237382148742, 51.884783900309579 ] } },
{ "type": "Feature", "properties": { "Easting (m)": 5750300, "Northing (m)": 4453400, "Class1": 0.08583, "Class2": 0.10391, "Class3": 0.54707, "Class4": 0.08563, "Class5": 0.09149, "Class6": 0.08607 }, "geometry": { "type": "Point", "coordinates": [ 11.321689621427749, 51.884792268248887 ] } },
{ "type": "Feature", "properties": { "Easting (m)": 5750300, "Northing (m)": 4453500, "Class1": 0.08931, "Class2": 0.11099, "Class3": 0.52261, "Class4": 0.08979, "Class5": 0.09806, "Class6": 0.08923 }, "geometry": { "type": "Point", "coordinates": [ 11.323141861411527, 51.884800618264492 ] } },
{ "type": "Feature", "properties": { "Easting (m)": 5750300, "Northing (m)": 4453600, "Class1": 0.09532, "Class2": 0.12277, "Class3": 0.48099, "Class4": 0.09668, "Class5": 0.10938, "Class6": 0.09486 }, "geometry": { "type": "Point", "coordinates": [ 11.32459410209856, 51.884808950356351 ] } },
{ "type": "Feature", "properties": { "Easting (m)": 5750300, "Northing (m)": 4453700, "Class1": 0.10303, "Class2": 0.13751, "Class3": 0.42819, "Class4": 0.10421, "Class5": 0.12483, "Class6": 0.10222 }, "geometry": { "type": "Point", "coordinates": [ 11.32604634348734, 51.884817264524443 ] } },
{ "type": "Feature", "properties": { "Easting (m)": 5750200, "Northing (m)": 4451200, "Class1": 0.0307, "Class2": 0.03835, "Class3": 0.03276, "Class4": 0.67744, "Class5": 0.19101, "Class6": 0.02973 }, "geometry": { "type": "Point", "coordinates": [ 11.289754669593687, 51.883705349796877 ] } },
{ "type": "Feature", "properties": { "Easting (m)": 5750200, "Northing (m)": 4451300, "Class1": 0.03249, "Class2": 0.04042, "Class3": 0.03475, "Class4": 0.64624, "Class5": 0.21459, "Class6": 0.03151 }, "geometry": { "type": "Point", "coordinates": [ 11.291206864768025, 51.883714093853598 ] } },
{ "type": "Feature", "properties": { "Easting (m)": 5750200, "Northing (m)": 4451400, "Class1": 0.0261, "Class2": 0.03188, "Class3": 0.02805, "Class4": 0.72907, "Class5": 0.15954, "Class6": 0.02536 }, "geometry": { "type": "Point", "coordinates": [ 11.292659060678814, 51.883722819987597 ] } },
{ "type": "Feature", "properties": { "Easting (m)": 5750200, "Northing (m)": 4451500, "Class1": 0.0167, "Class2": 0.02001, "Class3": 0.01797, "Class4": 0.84713, "Class5": 0.08197, "Class6": 0.01622 }, "geometry": { "type": "Point", "coordinates": [ 11.294111257324538, 51.883731528198865 ] } },
{ "type": "Feature", "properties": { "Easting (m)": 5750200, "Northing (m)": 4451600, "Class1": 0.01735, "Class2": 0.0204, "Class3": 0.01868, "Class4": 0.85709, "Class5": 0.06961, "Class6": 0.01686 }, "geometry": { "type": "Point", "coordinates": [ 11.295563454703691, 51.883740218487354 ] } },
{ "type": "Feature", "properties": { "Easting (m)": 5750200, "Northing (m)": 4451700, "Class1": 0.01174, "Class2": 0.01386, "Class3": 0.01273, "Class4": 0.89756, "Class5": 0.05261, "Class6": 0.0115 }, "geometry": { "type": "Point", "coordinates": [ 11.297015652814761, 51.883748890853077 ] } },
{ "type": "Feature", "properties": { "Easting (m)": 5750200, "Northing (m)": 4451800, "Class1": 0.01953, "Class2": 0.02303, "Class3": 0.02128, "Class4": 0.82157, "Class5": 0.09534, "Class6": 0.01924 }, "geometry": { "type": "Point", "coordinates": [ 11.298467851656238, 51.883757545296 ] } },
{ "type": "Feature", "properties": { "Easting (m)": 5750200, "Northing (m)": 4451900, "Class1": 0.01757, "Class2": 0.02137, "Class3": 0.01904, "Class4": 0.82984, "Class5": 0.09491, "Class6": 0.01727 }, "geometry": { "type": "Point", "coordinates": [ 11.299920051226609, 51.8837661818161 ] } },
{ "type": "Feature", "properties": { "Easting (m)": 5750200, "Northing (m)": 4452000, "Class1": 0.02479, "Class2": 0.03111, "Class3": 0.02671, "Class4": 0.74368, "Class5": 0.14936, "Class6": 0.02436 }, "geometry": { "type": "Point", "coordinates": [ 11.301372251524361, 51.883774800413363 ] } },
{ "type": "Feature", "properties": { "Easting (m)": 5750200, "Northing (m)": 4452100, "Class1": 0.02909, "Class2": 0.03626, "Class3": 0.03138, "Class4": 0.69872, "Class5": 0.1759, "Class6": 0.02865 }, "geometry": { "type": "Point", "coordinates": [ 11.302824452547991, 51.883783401087769 ] } },
{ "type": "Feature", "properties": { "Easting (m)": 5750200, "Northing (m)": 4452200, "Class1": 0.09588, "Class2": 0.1171, "Class3": 0.48076, "Class4": 0.11307, "Class5": 0.09838, "Class6": 0.09481 }, "geometry": { "type": "Point", "coordinates": [ 11.304276654295981, 51.883791983839274 ] } },
{ "type": "Feature", "properties": { "Easting (m)": 5750200, "Northing (m)": 4452300, "Class1": 0.09519, "Class2": 0.11548, "Class3": 0.48651, "Class4": 0.11166, "Class5": 0.09701, "Class6": 0.09415 }, "geometry": { "type": "Point", "coordinates": [ 11.305728856766821, 51.883800548667892 ] } },
{ "type": "Feature", "properties": { "Easting (m)": 5750200, "Northing (m)": 4452400, "Class1": 0.09476, "Class2": 0.11459, "Class3": 0.48916, "Class4": 0.11205, "Class5": 0.09594, "Class6": 0.0935 }, "geometry": { "type": "Point", "coordinates": [ 11.307181059959001, 51.883809095573582 ] } },
{ "type": "Feature", "properties": { "Easting (m)": 5750200, "Northing (m)": 4452500, "Class1": 0.09514, "Class2": 0.11464, "Class3": 0.48726, "Class4": 0.11387, "Class5": 0.09558, "Class6": 0.09352 }, "geometry": { "type": "Point", "coordinates": [ 11.308633263871013, 51.883817624556322 ] } },
{ "type": "Feature", "properties": { "Easting (m)": 5750200, "Northing (m)": 4452600, "Class1": 0.09768, "Class2": 0.12008, "Class3": 0.46975, "Class4": 0.11511, "Class5": 0.10097, "Class6": 0.09642 }, "geometry": { "type": "Point", "coordinates": [ 11.310085468501338, 51.883826135616104 ] } },
{ "type": "Feature", "properties": { "Easting (m)": 5750200, "Northing (m)": 4452700, "Class1": 0.09979, "Class2": 0.1256, "Class3": 0.45601, "Class4": 0.1109, "Class5": 0.10827, "Class6": 0.09942 }, "geometry": { "type": "Point", "coordinates": [ 11.311537673848475, 51.883834628752908 ] } },
{ "type": "Feature", "properties": { "Easting (m)": 5750200, "Northing (m)": 4452800, "Class1": 0.0922, "Class2": 0.11746, "Class3": 0.49834, "Class4": 0.09679, "Class5": 0.10308, "Class6": 0.09213 }, "geometry": { "type": "Point", "coordinates": [ 11.312989879910907, 51.883843103966697 ] } },
{ "type": "Feature", "properties": { "Easting (m)": 5750200, "Northing (m)": 4452900, "Class1": 0.09427, "Class2": 0.1215, "Class3": 0.48384, "Class4": 0.09977, "Class5": 0.10662, "Class6": 0.094 }, "geometry": { "type": "Point", "coordinates": [ 11.314442086687125, 51.883851561257465 ] } },
{ "type": "Feature", "properties": { "Easting (m)": 5750200, "Northing (m)": 4453000, "Class1": 0.09187, "Class2": 0.11653, "Class3": 0.50186, "Class4": 0.09561, "Class5": 0.10238, "Class6": 0.09175 }, "geometry": { "type": "Point", "coordinates": [ 11.315894294175614, 51.883860000625198 ] } },
{ "type": "Feature", "properties": { "Easting (m)": 5750200, "Northing (m)": 4453100, "Class1": 0.08638, "Class2": 0.10612, "Class3": 0.54048, "Class4": 0.08659, "Class5": 0.09375, "Class6": 0.08668 }, "geometry": { "type": "Point", "coordinates": [ 11.317346502374869, 51.88386842206986 ] } },
{ "type": "Feature", "properties": { "Easting (m)": 5750200, "Northing (m)": 4453200, "Class1": 0.08521, "Class2": 0.10243, "Class3": 0.55153, "Class4": 0.08513, "Class5": 0.09009, "Class6": 0.0856 }, "geometry": { "type": "Point", "coordinates": [ 11.318798711283376, 51.883876825591429 ] } },
{ "type": "Feature", "properties": { "Easting (m)": 5750200, "Northing (m)": 4453300, "Class1": 0.08509, "Class2": 0.10141, "Class3": 0.55426, "Class4": 0.08478, "Class5": 0.08903, "Class6": 0.08543 }, "geometry": { "type": "Point", "coordinates": [ 11.320250920899623, 51.883885211189913 ] } },
{ "type": "Feature", "properties": { "Easting (m)": 5750200, "Northing (m)": 4453400, "Class1": 0.08498, "Class2": 0.10273, "Class3": 0.55251, "Class4": 0.08375, "Class5": 0.0908, "Class6": 0.08523 }, "geometry": { "type": "Point", "coordinates": [ 11.321703131222103, 51.883893578865255 ] } },
{ "type": "Feature", "properties": { "Easting (m)": 5750200, "Northing (m)": 4453500, "Class1": 0.08833, "Class2": 0.10976, "Class3": 0.52919, "Class4": 0.08585, "Class5": 0.09841, "Class6": 0.08846 }, "geometry": { "type": "Point", "coordinates": [ 11.323155342249301, 51.883901928617462 ] } },
{ "type": "Feature", "properties": { "Easting (m)": 5750200, "Northing (m)": 4453600, "Class1": 0.09457, "Class2": 0.12024, "Class3": 0.49024, "Class4": 0.0906, "Class5": 0.10974, "Class6": 0.09461 }, "geometry": { "type": "Point", "coordinates": [ 11.324607553979705, 51.883910260446505 ] } },
{ "type": "Feature", "properties": { "Easting (m)": 5750100, "Northing (m)": 4451100, "Class1": 0.01991, "Class2": 0.02461, "Class3": 0.02122, "Class4": 0.82827, "Class5": 0.0867, "Class6": 0.01929 }, "geometry": { "type": "Point", "coordinates": [ 11.288316650200068, 51.882797904510248 ] } },
{ "type": "Feature", "properties": { "Easting (m)": 5750100, "Northing (m)": 4451200, "Class1": 0.0321, "Class2": 0.04065, "Class3": 0.03411, "Class4": 0.67337, "Class5": 0.18875, "Class6": 0.03103 }, "geometry": { "type": "Point", "coordinates": [ 11.289768815682525, 51.882806666213064 ] } },
{ "type": "Feature", "properties": { "Easting (m)": 5750100, "Northing (m)": 4451300, "Class1": 0.04531, "Class2": 0.05711, "Class3": 0.04836, "Class4": 0.45699, "Class5": 0.34819, "Class6": 0.04404 }, "geometry": { "type": "Point", "coordinates": [ 11.291220981902889, 51.882815409993739 ] } },
{ "type": "Feature", "properties": { "Easting (m)": 5750100, "Northing (m)": 4451400, "Class1": 0.04468, "Class2": 0.05533, "Class3": 0.04797, "Class4": 0.46427, "Class5": 0.34419, "Class6": 0.04356 }, "geometry": { "type": "Point", "coordinates": [ 11.292673148859654, 51.882824135852289 ] } },
{ "type": "Feature", "properties": { "Easting (m)": 5750100, "Northing (m)": 4451500, "Class1": 0.03647, "Class2": 0.04577, "Class3": 0.03906, "Class4": 0.5828, "Class5": 0.26047, "Class6": 0.03542 }, "geometry": { "type": "Point", "coordinates": [ 11.294125316551305, 51.882832843788655 ] } },
{ "type": "Feature", "properties": { "Easting (m)": 5750100, "Northing (m)": 4451600, "Class1": 0.02417, "Class2": 0.02997, "Class3": 0.02591, "Class4": 0.75543, "Class5": 0.14108, "Class6": 0.02344 }, "geometry": { "type": "Point", "coordinates": [ 11.295577484976334, 51.882841533802861 ] } },
{ "type": "Feature", "properties": { "Easting (m)": 5750100, "Northing (m)": 4451700, "Class1": 0.01508, "Class2": 0.01812, "Class3": 0.01621, "Class4": 0.87393, "Class5": 0.06199, "Class6": 0.01466 }, "geometry": { "type": "Point", "coordinates": [ 11.29702965413323, 51.88285020589484 ] } },
{ "type": "Feature", "properties": { "Easting (m)": 5750100, "Northing (m)": 4451800, "Class1": 0.02654, "Class2": 0.03224, "Class3": 0.0289, "Class4": 0.73877, "Class5": 0.14732, "Class6": 0.02622 }, "geometry": { "type": "Point", "coordinates": [ 11.298481824020479, 51.882858860064609 ] } },
{ "type": "Feature", "properties": { "Easting (m)": 5750100, "Northing (m)": 4451900, "Class1": 0.03245, "Class2": 0.03954, "Class3": 0.03523, "Class4": 0.67489, "Class5": 0.18578, "Class6": 0.0321 }, "geometry": { "type": "Point", "coordinates": [ 11.299933994636575, 51.882867496312123 ] } },
{ "type": "Feature", "properties": { "Easting (m)": 5750100, "Northing (m)": 4452000, "Class1": 0.02347, "Class2": 0.02912, "Class3": 0.0253, "Class4": 0.76163, "Class5": 0.13742, "Class6": 0.02306 }, "geometry": { "type": "Point", "coordinates": [ 11.301386165980004, 51.882876114637362 ] } },
{ "type": "Feature", "properties": { "Easting (m)": 5750100, "Northing (m)": 4452100, "Class1": 0.027, "Class2": 0.03348, "Class3": 0.02913, "Class4": 0.72344, "Class5": 0.16038, "Class6": 0.02658 }, "geometry": { "type": "Point", "coordinates": [ 11.302838338049254, 51.88288471504034 ] } },
{ "type": "Feature", "properties": { "Easting (m)": 5750100, "Northing (m)": 4452200, "Class1": 0.04041, "Class2": 0.04991, "Class3": 0.04366, "Class4": 0.58427, "Class5": 0.24173, "Class6": 0.04002 }, "geometry": { "type": "Point", "coordinates": [ 11.304290510842815, 51.882893297520994 ] } },
{ "type": "Feature", "properties": { "Easting (m)": 5750100, "Northing (m)": 4452300, "Class1": 0.10279, "Class2": 0.12672, "Class3": 0.4433, "Class4": 0.1161, "Class5": 0.10861, "Class6": 0.10249 }, "geometry": { "type": "Point", "coordinates": [ 11.305742684359183, 51.882901862079315 ] } },
{ "type": "Feature", "properties": { "Easting (m)": 5750100, "Northing (m)": 4452400, "Class1": 0.09256, "Class2": 0.11519, "Class3": 0.50091, "Class4": 0.09846, "Class5": 0.10023, "Class6": 0.09266 }, "geometry": { "type": "Point", "coordinates": [ 11.307194858596837, 51.882910408715304 ] } },
{ "type": "Feature", "properties": { "Easting (m)": 5750100, "Northing (m)": 4452500, "Class1": 0.08448, "Class2": 0.10285, "Class3": 0.55261, "Class4": 0.08331, "Class5": 0.09154, "Class6": 0.08523 }, "geometry": { "type": "Point", "coordinates": [ 11.308647033554269, 51.882918937428911 ] } },
{ "type": "Feature", "properties": { "Easting (m)": 5750100, "Northing (m)": 4452600, "Class1": 0.08242, "Class2": 0.0965, "Class3": 0.57303, "Class4": 0.07749, "Class5": 0.08691, "Class6": 0.08365 }, "geometry": { "type": "Point", "coordinates": [ 11.310099209229971, 51.882927448220137 ] } },
{ "type": "Feature", "properties": { "Easting (m)": 5750100, "Northing (m)": 4452700, "Class1": 0.08207, "Class2": 0.09475, "Class3": 0.57842, "Class4": 0.0756, "Class5": 0.08576, "Class6": 0.0834 }, "geometry": { "type": "Point", "coordinates": [ 11.311551385622431, 51.882935941088959 ] } },
{ "type": "Feature", "properties": { "Easting (m)": 5750100, "Northing (m)": 4452800, "Class1": 0.08534, "Class2": 0.10082, "Class3": 0.55713, "Class4": 0.07787, "Class5": 0.09229, "Class6": 0.08656 }, "geometry": { "type": "Point", "coordinates": [ 11.313003562730138, 51.88294441603535 ] } },
{ "type": "Feature", "properties": { "Easting (m)": 5750100, "Northing (m)": 4452900, "Class1": 0.09253, "Class2": 0.11421, "Class3": 0.50881, "Class4": 0.08533, "Class5": 0.10572, "Class6": 0.0934 }, "geometry": { "type": "Point", "coordinates": [ 11.31445574055158, 51.882952873059288 ] } },
{ "type": "Feature", "properties": { "Easting (m)": 5750100, "Northing (m)": 4453000, "Class1": 0.08732, "Class2": 0.10831, "Class3": 0.53325, "Class4": 0.08773, "Class5": 0.09584, "Class6": 0.08755 }, "geometry": { "type": "Point", "coordinates": [ 11.315907919085248, 51.882961312160766 ] } },
{ "type": "Feature", "properties": { "Easting (m)": 5750100, "Northing (m)": 4453100, "Class1": 0.0855, "Class2": 0.10252, "Class3": 0.55049, "Class4": 0.08559, "Class5": 0.09004, "Class6": 0.08586 }, "geometry": { "type": "Point", "coordinates": [ 11.31736009832963, 51.882969733339728 ] } },
{ "type": "Feature", "properties": { "Easting (m)": 5750100, "Northing (m)": 4453200, "Class1": 0.08528, "Class2": 0.10338, "Class3": 0.54985, "Class4": 0.08464, "Class5": 0.09127, "Class6": 0.08558 }, "geometry": { "type": "Point", "coordinates": [ 11.318812278283215, 51.882978136596201 ] } },
{ "type": "Feature", "properties": { "Easting (m)": 5750100, "Northing (m)": 4453300, "Class1": 0.08776, "Class2": 0.10537, "Class3": 0.53796, "Class4": 0.08895, "Class5": 0.09208, "Class6": 0.08789 }, "geometry": { "type": "Point", "coordinates": [ 11.320264458944491, 51.882986521930157 ] } },
{ "type": "Feature", "properties": { "Easting (m)": 5750100, "Northing (m)": 4453400, "Class1": 0.08873, "Class2": 0.10731, "Class3": 0.53138, "Class4": 0.09005, "Class5": 0.09382, "Class6": 0.08871 }, "geometry": { "type": "Point", "coordinates": [ 11.32171664031195, 51.882994889341539 ] } },
{ "type": "Feature", "properties": { "Easting (m)": 5750100, "Northing (m)": 4453500, "Class1": 0.08992, "Class2": 0.1122, "Class3": 0.51947, "Class4": 0.08848, "Class5": 0.10011, "Class6": 0.08982 }, "geometry": { "type": "Point", "coordinates": [ 11.32316882238408, 51.883003238830369 ] } },
{ "type": "Feature", "properties": { "Easting (m)": 5750100, "Northing (m)": 4453600, "Class1": 0.09529, "Class2": 0.12035, "Class3": 0.48855, "Class4": 0.09007, "Class5": 0.11037, "Class6": 0.09536 }, "geometry": { "type": "Point", "coordinates": [ 11.324621005159367, 51.883011570396604 ] } },
{ "type": "Feature", "properties": { "Easting (m)": 5750000, "Northing (m)": 4451100, "Class1": 0.02206, "Class2": 0.0282, "Class3": 0.02346, "Class4": 0.79477, "Class5": 0.1101, "Class6": 0.0214 }, "geometry": { "type": "Point", "coordinates": [ 11.288330824503618, 51.881899221062739 ] } },
{ "type": "Feature", "properties": { "Easting (m)": 5750000, "Northing (m)": 4451200, "Class1": 0.03269, "Class2": 0.0404, "Class3": 0.03459, "Class4": 0.73577, "Class5": 0.12501, "Class6": 0.03153 }, "geometry": { "type": "Point", "coordinates": [ 11.289782961033664, 51.88190798248894 ] } },
{ "type": "Feature", "properties": { "Easting (m)": 5750000, "Northing (m)": 4451300, "Class1": 0.05165, "Class2": 0.06605, "Class3": 0.05487, "Class4": 0.37892, "Class5": 0.39829, "Class6": 0.05021 }, "geometry": { "type": "Point", "coordinates": [ 11.29123509830157, 51.881916725993598 ] } },
{ "type": "Feature", "properties": { "Easting (m)": 5750000, "Northing (m)": 4451400, "Class1": 0.04973, "Class2": 0.0622, "Class3": 0.05333, "Class4": 0.33819, "Class5": 0.44788, "Class6": 0.04867 }, "geometry": { "type": "Point", "coordinates": [ 11.29268723630582, 51.881925451576691 ] } },
{ "type": "Feature", "properties": { "Easting (m)": 5750000, "Northing (m)": 4451500, "Class1": 0.04892, "Class2": 0.06275, "Class3": 0.05223, "Class4": 0.32968, "Class5": 0.45864, "Class6": 0.04777 }, "geometry": { "type": "Point", "coordinates": [ 11.29413937504491, 51.881934159238185 ] } },
{ "type": "Feature", "properties": { "Easting (m)": 5750000, "Northing (m)": 4451600, "Class1": 0.04973, "Class2": 0.06245, "Class3": 0.05322, "Class4": 0.39248, "Class5": 0.39363, "Class6": 0.04849 }, "geometry": { "type": "Point", "coordinates": [ 11.295591514517323, 51.881942848978078 ] } },
{ "type": "Feature", "properties": { "Easting (m)": 5750000, "Northing (m)": 4451700, "Class1": 0.02381, "Class2": 0.02965, "Class3": 0.02553, "Class4": 0.75821, "Class5": 0.13971, "Class6": 0.02309 }, "geometry": { "type": "Point", "coordinates": [ 11.297043654721556, 51.881951520796342 ] } },
{ "type": "Feature", "properties": { "Easting (m)": 5750000, "Northing (m)": 4451800, "Class1": 0.01642, "Class2": 0.01982, "Class3": 0.01787, "Class4": 0.84465, "Class5": 0.08508, "Class6": 0.01616 }, "geometry": { "type": "Point", "coordinates": [ 11.298495795656089, 51.881960174692964 ] } },
{ "type": "Feature", "properties": { "Easting (m)": 5750000, "Northing (m)": 4451900, "Class1": 0.02252, "Class2": 0.02595, "Class3": 0.02463, "Class4": 0.80488, "Class5": 0.09981, "Class6": 0.02221 }, "geometry": { "type": "Point", "coordinates": [ 11.29994793731942, 51.881968810667914 ] } },
{ "type": "Feature", "properties": { "Easting (m)": 5750000, "Northing (m)": 4452000, "Class1": 0.0221, "Class2": 0.02501, "Class3": 0.02414, "Class4": 0.81784, "Class5": 0.08917, "Class6": 0.02174 }, "geometry": { "type": "Point", "coordinates": [ 11.301400079710033, 51.881977428721164 ] } },
{ "type": "Feature", "properties": { "Easting (m)": 5750000, "Northing (m)": 4452100, "Class1": 0.02151, "Class2": 0.02457, "Class3": 0.02348, "Class4": 0.81699, "Class5": 0.09227, "Class6": 0.02118 }, "geometry": { "type": "Point", "coordinates": [ 11.302852222826418, 51.881986028852708 ] } },
{ "type": "Feature", "properties": { "Easting (m)": 5750000, "Northing (m)": 4452200, "Class1": 0.02668, "Class2": 0.03056, "Class3": 0.02915, "Class4": 0.76653, "Class5": 0.12072, "Class6": 0.02636 }, "geometry": { "type": "Point", "coordinates": [ 11.304304366667067, 51.881994611062517 ] } },
{ "type": "Feature", "properties": { "Easting (m)": 5750000, "Northing (m)": 4452300, "Class1": 0.03307, "Class2": 0.03762, "Class3": 0.03615, "Class4": 0.71026, "Class5": 0.15014, "Class6": 0.03276 }, "geometry": { "type": "Point", "coordinates": [ 11.305756511230465, 51.882003175350576 ] } },
{ "type": "Feature", "properties": { "Easting (m)": 5750000, "Northing (m)": 4452400, "Class1": 0.08815, "Class2": 0.0998, "Class3": 0.54174, "Class4": 0.09856, "Class5": 0.08401, "Class6": 0.08774 }, "geometry": { "type": "Point", "coordinates": [ 11.307208656515103, 51.882011721716857 ] } },
{ "type": "Feature", "properties": { "Easting (m)": 5750000, "Northing (m)": 4452500, "Class1": 0.09292, "Class2": 0.10569, "Class3": 0.51782, "Class4": 0.10057, "Class5": 0.09002, "Class6": 0.09298 }, "geometry": { "type": "Point", "coordinates": [ 11.308660802519471, 51.882020250161354 ] } },
{ "type": "Feature", "properties": { "Easting (m)": 5750000, "Northing (m)": 4452600, "Class1": 0.09517, "Class2": 0.10936, "Class3": 0.50602, "Class4": 0.09936, "Class5": 0.09446, "Class6": 0.09562 }, "geometry": { "type": "Point", "coordinates": [ 11.310112949242059, 51.88202876068403 ] } },
{ "type": "Feature", "properties": { "Easting (m)": 5750000, "Northing (m)": 4452700, "Class1": 0.08562, "Class2": 0.10196, "Class3": 0.55111, "Class4": 0.0859, "Class5": 0.08937, "Class6": 0.08603 }, "geometry": { "type": "Point", "coordinates": [ 11.311565096681354, 51.882037253284871 ] } },
{ "type": "Feature", "properties": { "Easting (m)": 5750000, "Northing (m)": 4452800, "Class1": 0.09067, "Class2": 0.11286, "Class3": 0.51668, "Class4": 0.08532, "Class5": 0.10327, "Class6": 0.09119 }, "geometry": { "type": "Point", "coordinates": [ 11.31301724483585, 51.882045727963863 ] } },
{ "type": "Feature", "properties": { "Easting (m)": 5750000, "Northing (m)": 4452900, "Class1": 0.08286, "Class2": 0.1011, "Class3": 0.56341, "Class4": 0.07787, "Class5": 0.09192, "Class6": 0.08283 }, "geometry": { "type": "Point", "coordinates": [ 11.314469393704027, 51.882054184720978 ] } },
{ "type": "Feature", "properties": { "Easting (m)": 5750000, "Northing (m)": 4453000, "Class1": 0.09239, "Class2": 0.11893, "Class3": 0.4967, "Class4": 0.09364, "Class5": 0.10606, "Class6": 0.09228 }, "geometry": { "type": "Point", "coordinates": [ 11.31592154328438, 51.882062623556209 ] } },
{ "type": "Feature", "properties": { "Easting (m)": 5750000, "Northing (m)": 4453100, "Class1": 0.09546, "Class2": 0.11409, "Class3": 0.49542, "Class4": 0.10119, "Class5": 0.09847, "Class6": 0.09537 }, "geometry": { "type": "Point", "coordinates": [ 11.3173736935754, 51.882071044469512 ] } },
{ "type": "Feature", "properties": { "Easting (m)": 5750000, "Northing (m)": 4453200, "Class1": 0.10183, "Class2": 0.12476, "Class3": 0.45339, "Class4": 0.11161, "Class5": 0.10726, "Class6": 0.10116 }, "geometry": { "type": "Point", "coordinates": [ 11.318825844575574, 51.882079447460875 ] } },
{ "type": "Feature", "properties": { "Easting (m)": 5750000, "Northing (m)": 4453300, "Class1": 0.10142, "Class2": 0.12181, "Class3": 0.45993, "Class4": 0.11234, "Class5": 0.10392, "Class6": 0.10058 }, "geometry": { "type": "Point", "coordinates": [ 11.320277996283393, 51.882087832530317 ] } },
{ "type": "Feature", "properties": { "Easting (m)": 5750000, "Northing (m)": 4453400, "Class1": 0.0938, "Class2": 0.10935, "Class3": 0.50704, "Class4": 0.10547, "Class5": 0.09188, "Class6": 0.09246 }, "geometry": { "type": "Point", "coordinates": [ 11.321730148697341, 51.882096199677761 ] } },
{ "type": "Feature", "properties": { "Easting (m)": 5750000, "Northing (m)": 4453500, "Class1": 0.09245, "Class2": 0.10544, "Class3": 0.51759, "Class4": 0.10635, "Class5": 0.0877, "Class6": 0.09047 }, "geometry": { "type": "Point", "coordinates": [ 11.323182301815914, 51.8821045489032 ] } },
{ "type": "Feature", "properties": { "Easting (m)": 5750000, "Northing (m)": 4453600, "Class1": 0.09856, "Class2": 0.11735, "Class3": 0.47515, "Class4": 0.11418, "Class5": 0.09824, "Class6": 0.09651 }, "geometry": { "type": "Point", "coordinates": [ 11.324634455637595, 51.882112880206648 ] } },
{ "type": "Feature", "properties": { "Easting (m)": 5750000, "Northing (m)": 4453700, "Class1": 0.10168, "Class2": 0.13243, "Class3": 0.4411, "Class4": 0.10756, "Class5": 0.11664, "Class6": 0.10058 }, "geometry": { "type": "Point", "coordinates": [ 11.326086610160878, 51.882121193588063 ] } },
{ "type": "Feature", "properties": { "Easting (m)": 5749900, "Northing (m)": 4451000, "Class1": 0.02464, "Class2": 0.03095, "Class3": 0.0266, "Class4": 0.74462, "Class5": 0.14896, "Class6": 0.02423 }, "geometry": { "type": "Point", "coordinates": [ 11.286892891228183, 51.880991758404328 ] } },
{ "type": "Feature", "properties": { "Easting (m)": 5749900, "Northing (m)": 4451100, "Class1": 0.01934, "Class2": 0.02377, "Class3": 0.02063, "Class4": 0.8351, "Class5": 0.08242, "Class6": 0.01874 }, "geometry": { "type": "Point", "coordinates": [ 11.288344998068011, 51.881000537474904 ] } },
{ "type": "Feature", "properties": { "Easting (m)": 5749900, "Northing (m)": 4451200, "Class1": 0.01851, "Class2": 0.02299, "Class3": 0.01974, "Class4": 0.83805, "Class5": 0.08277, "Class6": 0.01794 }, "geometry": { "type": "Point", "coordinates": [ 11.289797105647157, 51.881009298624505 ] } },
{ "type": "Feature", "properties": { "Easting (m)": 5749900, "Northing (m)": 4451300, "Class1": 0.02666, "Class2": 0.03332, "Class3": 0.02833, "Class4": 0.75669, "Class5": 0.12924, "Class6": 0.02575 }, "geometry": { "type": "Point", "coordinates": [ 11.291249213964111, 51.881018041853167 ] } },
{ "type": "Feature", "properties": { "Easting (m)": 5749900, "Northing (m)": 4451400, "Class1": 0.05104, "Class2": 0.06384, "Class3": 0.05457, "Class4": 0.38045, "Class5": 0.40033, "Class6": 0.04977 }, "geometry": { "type": "Point", "coordinates": [ 11.292701323017363, 51.881026767160819 ] } },
{ "type": "Feature", "properties": { "Easting (m)": 5749900, "Northing (m)": 4451500, "Class1": 0.04298, "Class2": 0.05612, "Class3": 0.04589, "Class4": 0.2954, "Class5": 0.51757, "Class6": 0.04203 }, "geometry": { "type": "Point", "coordinates": [ 11.294153432805398, 51.881035474547453 ] } },
{ "type": "Feature", "properties": { "Easting (m)": 5749900, "Northing (m)": 4451600, "Class1": 0.04236, "Class2": 0.05405, "Class3": 0.04553, "Class4": 0.29944, "Class5": 0.51707, "Class6": 0.04156 }, "geometry": { "type": "Point", "coordinates": [ 11.295605543326712, 51.881044164013055 ] } },
{ "type": "Feature", "properties": { "Easting (m)": 5749900, "Northing (m)": 4451700, "Class1": 0.05172, "Class2": 0.06393, "Class3": 0.05566, "Class4": 0.37481, "Class5": 0.40328, "Class6": 0.0506 }, "geometry": { "type": "Point", "coordinates": [ 11.29705765457979, 51.881052835557611 ] } },
{ "type": "Feature", "properties": { "Easting (m)": 5749900, "Northing (m)": 4451800, "Class1": 0.01774, "Class2": 0.0213, "Class3": 0.01906, "Class4": 0.85455, "Class5": 0.07013, "Class6": 0.01722 }, "geometry": { "type": "Point", "coordinates": [ 11.298509766563122, 51.881061489181093 ] } },
{ "type": "Feature", "properties": { "Easting (m)": 5749900, "Northing (m)": 4451900, "Class1": 0.01382, "Class2": 0.01624, "Class3": 0.01505, "Class4": 0.87945, "Class5": 0.06189, "Class6": 0.01356 }, "geometry": { "type": "Point", "coordinates": [ 11.299961879275196, 51.881070124883472 ] } },
{ "type": "Feature", "properties": { "Easting (m)": 5749900, "Northing (m)": 4452000, "Class1": 0.01808, "Class2": 0.02093, "Class3": 0.01974, "Class4": 0.84496, "Class5": 0.07851, "Class6": 0.01778 }, "geometry": { "type": "Point", "coordinates": [ 11.301413992714505, 51.881078742664734 ] } },
{ "type": "Feature", "properties": { "Easting (m)": 5749900, "Northing (m)": 4452100, "Class1": 0.02175, "Class2": 0.02497, "Class3": 0.02378, "Class4": 0.81375, "Class5": 0.09431, "Class6": 0.02143 }, "geometry": { "type": "Point", "coordinates": [ 11.302866106879536, 51.881087342524872 ] } },
{ "type": "Feature", "properties": { "Easting (m)": 5749900, "Northing (m)": 4452200, "Class1": 0.02632, "Class2": 0.02998, "Class3": 0.02881, "Class4": 0.77493, "Class5": 0.11395, "Class6": 0.026 }, "geometry": { "type": "Point", "coordinates": [ 11.30431822176878, 51.88109592446385 ] } },
{ "type": "Feature", "properties": { "Easting (m)": 5749900, "Northing (m)": 4452300, "Class1": 0.03275, "Class2": 0.03698, "Class3": 0.0359, "Class4": 0.72075, "Class5": 0.14119, "Class6": 0.03244 }, "geometry": { "type": "Point", "coordinates": [ 11.305770337380723, 51.881104488481633 ] } },
{ "type": "Feature", "properties": { "Easting (m)": 5749900, "Northing (m)": 4452400, "Class1": 0.04059, "Class2": 0.04488, "Class3": 0.04456, "Class4": 0.66433, "Class5": 0.16531, "Class6": 0.04032 }, "geometry": { "type": "Point", "coordinates": [ 11.307222453713857, 51.881113034578242 ] } },
{ "type": "Feature", "properties": { "Easting (m)": 5749900, "Northing (m)": 4452500, "Class1": 0.08556, "Class2": 0.09143, "Class3": 0.56746, "Class4": 0.09308, "Class5": 0.07706, "Class6": 0.0854 }, "geometry": { "type": "Point", "coordinates": [ 11.308674570766671, 51.881121562753613 ] } },
{ "type": "Feature", "properties": { "Easting (m)": 5749900, "Northing (m)": 4452600, "Class1": 0.08464, "Class2": 0.08862, "Class3": 0.57724, "Class4": 0.09, "Class5": 0.07488, "Class6": 0.08462 }, "geometry": { "type": "Point", "coordinates": [ 11.310126688537654, 51.88113007300776 ] } },
{ "type": "Feature", "properties": { "Easting (m)": 5749900, "Northing (m)": 4452700, "Class1": 0.08223, "Class2": 0.08662, "Class3": 0.58842, "Class4": 0.08802, "Class5": 0.07285, "Class6": 0.08185 }, "geometry": { "type": "Point", "coordinates": [ 11.311578807025295, 51.881138565340635 ] } },
{ "type": "Feature", "properties": { "Easting (m)": 5749900, "Northing (m)": 4452800, "Class1": 0.08721, "Class2": 0.09734, "Class3": 0.54973, "Class4": 0.09884, "Class5": 0.08107, "Class6": 0.08582 }, "geometry": { "type": "Point", "coordinates": [ 11.313030926228084, 51.881147039752257 ] } },
{ "type": "Feature", "properties": { "Easting (m)": 5749900, "Northing (m)": 4452900, "Class1": 0.10414, "Class2": 0.13576, "Class3": 0.42782, "Class4": 0.10847, "Class5": 0.12198, "Class6": 0.10182 }, "geometry": { "type": "Point", "coordinates": [ 11.314483046144511, 51.881155496242563 ] } },
{ "type": "Feature", "properties": { "Easting (m)": 5749900, "Northing (m)": 4453000, "Class1": 0.09705, "Class2": 0.1269, "Class3": 0.46788, "Class4": 0.09588, "Class5": 0.11541, "Class6": 0.09688 }, "geometry": { "type": "Point", "coordinates": [ 11.315935166773064, 51.881163934811539 ] } },
{ "type": "Feature", "properties": { "Easting (m)": 5749900, "Northing (m)": 4453100, "Class1": 0.09825, "Class2": 0.12212, "Class3": 0.47013, "Class4": 0.10622, "Class5": 0.10556, "Class6": 0.09772 }, "geometry": { "type": "Point", "coordinates": [ 11.317387288112233, 51.881172355459192 ] } },
{ "type": "Feature", "properties": { "Easting (m)": 5749900, "Northing (m)": 4453200, "Class1": 0.10046, "Class2": 0.12238, "Class3": 0.45949, "Class4": 0.11522, "Class5": 0.10342, "Class6": 0.09904 }, "geometry": { "type": "Point", "coordinates": [ 11.318839410160507, 51.881180758185486 ] } },
{ "type": "Feature", "properties": { "Easting (m)": 5749900, "Northing (m)": 4453300, "Class1": 0.09558, "Class2": 0.11325, "Class3": 0.49254, "Class4": 0.10963, "Class5": 0.09498, "Class6": 0.09403 }, "geometry": { "type": "Point", "coordinates": [ 11.320291532916375, 51.881189142990394 ] } },
{ "type": "Feature", "properties": { "Easting (m)": 5749900, "Northing (m)": 4453400, "Class1": 0.09408, "Class2": 0.10884, "Class3": 0.50489, "Class4": 0.10965, "Class5": 0.09051, "Class6": 0.09203 }, "geometry": { "type": "Point", "coordinates": [ 11.321743656378327, 51.881197509873907 ] } },
{ "type": "Feature", "properties": { "Easting (m)": 5749900, "Northing (m)": 4453500, "Class1": 0.09233, "Class2": 0.10415, "Class3": 0.51958, "Class4": 0.10731, "Class5": 0.08639, "Class6": 0.09024 }, "geometry": { "type": "Point", "coordinates": [ 11.323195780544852, 51.881205858835997 ] } },
{ "type": "Feature", "properties": { "Easting (m)": 5749900, "Northing (m)": 4453600, "Class1": 0.08787, "Class2": 0.09759, "Class3": 0.54773, "Class4": 0.09938, "Class5": 0.08118, "Class6": 0.08625 }, "geometry": { "type": "Point", "coordinates": [ 11.324647905414439, 51.881214189876651 ] } },
{ "type": "Feature", "properties": { "Easting (m)": 5749900, "Northing (m)": 4453700, "Class1": 0.08962, "Class2": 0.09732, "Class3": 0.54274, "Class4": 0.10204, "Class5": 0.08069, "Class6": 0.0876 }, "geometry": { "type": "Point", "coordinates": [ 11.326100030985575, 51.881222502995854 ] } },
{ "type": "Feature", "properties": { "Easting (m)": 5749900, "Northing (m)": 4453800, "Class1": 0.09322, "Class2": 0.09845, "Class3": 0.52994, "Class4": 0.10602, "Class5": 0.08172, "Class6": 0.09065 }, "geometry": { "type": "Point", "coordinates": [ 11.327552157256756, 51.881230798193577 ] } },
{ "type": "Feature", "properties": { "Easting (m)": 5749900, "Northing (m)": 4453900, "Class1": 0.087, "Class2": 0.09371, "Class3": 0.55949, "Class4": 0.09694, "Class5": 0.07825, "Class6": 0.0846 }, "geometry": { "type": "Point", "coordinates": [ 11.329004284226466, 51.881239075469793 ] } },
{ "type": "Feature", "properties": { "Easting (m)": 5749900, "Northing (m)": 4454000, "Class1": 0.09166, "Class2": 0.10332, "Class3": 0.52658, "Class4": 0.10271, "Class5": 0.0869, "Class6": 0.08883 }, "geometry": { "type": "Point", "coordinates": [ 11.330456411893195, 51.881247334824494 ] } },
{ "type": "Feature", "properties": { "Easting (m)": 5749800, "Northing (m)": 4450900, "Class1": 0.02116, "Class2": 0.0252, "Class3": 0.02312, "Class4": 0.80334, "Class5": 0.1063, "Class6": 0.02088 }, "geometry": { "type": "Point", "coordinates": [ 11.285455015853094, 51.880084278239551 ] } },
{ "type": "Feature", "properties": { "Easting (m)": 5749800, "Northing (m)": 4451000, "Class1": 0.01622, "Class2": 0.01896, "Class3": 0.01768, "Class4": 0.85765, "Class5": 0.07354, "Class6": 0.01594 }, "geometry": { "type": "Point", "coordinates": [ 11.286907093002807, 51.880093074953322 ] } },
{ "type": "Feature", "properties": { "Easting (m)": 5749800, "Northing (m)": 4451100, "Class1": 0.01243, "Class2": 0.01458, "Class3": 0.01346, "Class4": 0.89466, "Class5": 0.05273, "Class6": 0.01214 }, "geometry": { "type": "Point", "coordinates": [ 11.288359170893298, 51.880101853746744 ] } },
{ "type": "Feature", "properties": { "Easting (m)": 5749800, "Northing (m)": 4451200, "Class1": 0.01087, "Class2": 0.01336, "Class3": 0.0117, "Class4": 0.89945, "Class5": 0.054, "Class6": 0.01061 }, "geometry": { "type": "Point", "coordinates": [ 11.289811249523057, 51.880110614619781 ] } },
{ "type": "Feature", "properties": { "Easting (m)": 5749800, "Northing (m)": 4451300, "Class1": 0.02009, "Class2": 0.02509, "Class3": 0.02141, "Class4": 0.82407, "Class5": 0.08987, "Class6": 0.01947 }, "geometry": { "type": "Point", "coordinates": [ 11.291263328890571, 51.880119357572418 ] } },
{ "type": "Feature", "properties": { "Easting (m)": 5749800, "Northing (m)": 4451400, "Class1": 0.04133, "Class2": 0.05242, "Class3": 0.0441, "Class4": 0.51632, "Class5": 0.30572, "Class6": 0.04011 }, "geometry": { "type": "Point", "coordinates": [ 11.292715408994331, 51.880128082604649 ] } },
{ "type": "Feature", "properties": { "Easting (m)": 5749800, "Northing (m)": 4451500, "Class1": 0.04484, "Class2": 0.05685, "Class3": 0.04787, "Class4": 0.4613, "Class5": 0.34556, "Class6": 0.04358 }, "geometry": { "type": "Point", "coordinates": [ 11.294167489832827, 51.880136789716438 ] } },
{ "type": "Feature", "properties": { "Easting (m)": 5749800, "Northing (m)": 4451600, "Class1": 0.04556, "Class2": 0.05648, "Class3": 0.04893, "Class4": 0.45044, "Class5": 0.35415, "Class6": 0.04443 }, "geometry": { "type": "Point", "coordinates": [ 11.295619571404547, 51.880145478907764 ] } },
{ "type": "Feature", "properties": { "Easting (m)": 5749800, "Northing (m)": 4451700, "Class1": 0.05053, "Class2": 0.0613, "Class3": 0.05459, "Class4": 0.40284, "Class5": 0.38123, "Class6": 0.04951 }, "geometry": { "type": "Point", "coordinates": [ 11.297071653707983, 51.880154150178612 ] } },
{ "type": "Feature", "properties": { "Easting (m)": 5749800, "Northing (m)": 4451800, "Class1": 0.03705, "Class2": 0.04598, "Class3": 0.03998, "Class4": 0.56782, "Class5": 0.27305, "Class6": 0.03612 }, "geometry": { "type": "Point", "coordinates": [ 11.298523736741622, 51.880162803528968 ] } },
{ "type": "Feature", "properties": { "Easting (m)": 5749800, "Northing (m)": 4451900, "Class1": 0.01432, "Class2": 0.01702, "Class3": 0.01548, "Class4": 0.88156, "Class5": 0.05767, "Class6": 0.01395 }, "geometry": { "type": "Point", "coordinates": [ 11.299975820503953, 51.880171438958811 ] } },
{ "type": "Feature", "properties": { "Easting (m)": 5749800, "Northing (m)": 4452000, "Class1": 0.0141, "Class2": 0.0166, "Class3": 0.01537, "Class4": 0.8766, "Class5": 0.06349, "Class6": 0.01384 }, "geometry": { "type": "Point", "coordinates": [ 11.301427904993467, 51.880180056468092 ] } },
{ "type": "Feature", "properties": { "Easting (m)": 5749800, "Northing (m)": 4452100, "Class1": 0.01796, "Class2": 0.021, "Class3": 0.01962, "Class4": 0.84196, "Class5": 0.08178, "Class6": 0.01768 }, "geometry": { "type": "Point", "coordinates": [ 11.302879990208655, 51.880188656056816 ] } },
{ "type": "Feature", "properties": { "Easting (m)": 5749800, "Northing (m)": 4452200, "Class1": 0.02283, "Class2": 0.02652, "Class3": 0.02499, "Class4": 0.79865, "Class5": 0.10448, "Class6": 0.02254 }, "geometry": { "type": "Point", "coordinates": [ 11.304332076148004, 51.880197237724971 ] } },
{ "type": "Feature", "properties": { "Easting (m)": 5749800, "Northing (m)": 4452300, "Class1": 0.02981, "Class2": 0.03421, "Class3": 0.03267, "Class4": 0.7391, "Class5": 0.1347, "Class6": 0.02951 }, "geometry": { "type": "Point", "coordinates": [ 11.305784162810005, 51.880205801472513 ] } },
{ "type": "Feature", "properties": { "Easting (m)": 5749800, "Northing (m)": 4452400, "Class1": 0.03472, "Class2": 0.03938, "Class3": 0.03807, "Class4": 0.70034, "Class5": 0.15307, "Class6": 0.03443 }, "geometry": { "type": "Point", "coordinates": [ 11.307236250193144, 51.880214347299436 ] } },
{ "type": "Feature", "properties": { "Easting (m)": 5749800, "Northing (m)": 4452500, "Class1": 0.04246, "Class2": 0.04721, "Class3": 0.04664, "Class4": 0.6447, "Class5": 0.17675, "Class6": 0.04224 }, "geometry": { "type": "Point", "coordinates": [ 11.308688338295914, 51.88022287520571 ] } },
{ "type": "Feature", "properties": { "Easting (m)": 5749800, "Northing (m)": 4452600, "Class1": 0.05143, "Class2": 0.05527, "Class3": 0.05658, "Class4": 0.5942, "Class5": 0.19122, "Class6": 0.05129 }, "geometry": { "type": "Point", "coordinates": [ 11.310140427116805, 51.88023138519133 ] } },
{ "type": "Feature", "properties": { "Easting (m)": 5749800, "Northing (m)": 4452700, "Class1": 0.08454, "Class2": 0.0884, "Class3": 0.57751, "Class4": 0.09061, "Class5": 0.07454, "Class6": 0.0844 }, "geometry": { "type": "Point", "coordinates": [ 11.311592516654303, 51.880239877256265 ] } },
{ "type": "Feature", "properties": { "Easting (m)": 5749800, "Northing (m)": 4452800, "Class1": 0.08359, "Class2": 0.08896, "Class3": 0.57954, "Class4": 0.08955, "Class5": 0.07499, "Class6": 0.08337 }, "geometry": { "type": "Point", "coordinates": [ 11.3130446069069, 51.880248351400489 ] } },
{ "type": "Feature", "properties": { "Easting (m)": 5749800, "Northing (m)": 4452900, "Class1": 0.0963, "Class2": 0.11292, "Class3": 0.49313, "Class4": 0.10587, "Class5": 0.09601, "Class6": 0.09577 }, "geometry": { "type": "Point", "coordinates": [ 11.314496697873086, 51.880256807624001 ] } },
{ "type": "Feature", "properties": { "Easting (m)": 5749800, "Northing (m)": 4453000, "Class1": 0.09283, "Class2": 0.11882, "Class3": 0.49704, "Class4": 0.0912, "Class5": 0.10729, "Class6": 0.09283 }, "geometry": { "type": "Point", "coordinates": [ 11.315948789551346, 51.880265245926772 ] } },
{ "type": "Feature", "properties": { "Easting (m)": 5749800, "Northing (m)": 4453100, "Class1": 0.09359, "Class2": 0.12, "Class3": 0.49256, "Class4": 0.09167, "Class5": 0.10861, "Class6": 0.09357 }, "geometry": { "type": "Point", "coordinates": [ 11.317400881940173, 51.88027366630876 ] } },
{ "type": "Feature", "properties": { "Easting (m)": 5749800, "Northing (m)": 4453200, "Class1": 0.09641, "Class2": 0.12518, "Class3": 0.47182, "Class4": 0.09983, "Class5": 0.11092, "Class6": 0.09585 }, "geometry": { "type": "Point", "coordinates": [ 11.318852975038059, 51.880282068769986 ] } },
{ "type": "Feature", "properties": { "Easting (m)": 5749800, "Northing (m)": 4453300, "Class1": 0.09895, "Class2": 0.12536, "Class3": 0.46201, "Class4": 0.1066, "Class5": 0.10887, "Class6": 0.09821 }, "geometry": { "type": "Point", "coordinates": [ 11.320305068843489, 51.880290453310394 ] } },
{ "type": "Feature", "properties": { "Easting (m)": 5749800, "Northing (m)": 4453400, "Class1": 0.10299, "Class2": 0.13391, "Class3": 0.43212, "Class4": 0.11239, "Class5": 0.11673, "Class6": 0.10186 }, "geometry": { "type": "Point", "coordinates": [ 11.321757163354953, 51.880298819929983 ] } },
{ "type": "Feature", "properties": { "Easting (m)": 5749800, "Northing (m)": 4453500, "Class1": 0.10934, "Class2": 0.13198, "Class3": 0.40735, "Class4": 0.13588, "Class5": 0.10979, "Class6": 0.10566 }, "geometry": { "type": "Point", "coordinates": [ 11.323209258570943, 51.880307168628725 ] } },
{ "type": "Feature", "properties": { "Easting (m)": 5749800, "Northing (m)": 4453600, "Class1": 0.09522, "Class2": 0.10538, "Class3": 0.5077, "Class4": 0.11174, "Class5": 0.08723, "Class6": 0.09273 }, "geometry": { "type": "Point", "coordinates": [ 11.324661354489946, 51.880315499406599 ] } },
{ "type": "Feature", "properties": { "Easting (m)": 5749800, "Northing (m)": 4453700, "Class1": 0.09108, "Class2": 0.09352, "Class3": 0.54656, "Class4": 0.10201, "Class5": 0.07777, "Class6": 0.08906 }, "geometry": { "type": "Point", "coordinates": [ 11.326113451110452, 51.880323812263597 ] } },
{ "type": "Feature", "properties": { "Easting (m)": 5749800, "Northing (m)": 4453800, "Class1": 0.08754, "Class2": 0.08754, "Class3": 0.57061, "Class4": 0.09521, "Class5": 0.07312, "Class6": 0.08597 }, "geometry": { "type": "Point", "coordinates": [ 11.327565548430949, 51.880332107199706 ] } },
{ "type": "Feature", "properties": { "Easting (m)": 5749800, "Northing (m)": 4453900, "Class1": 0.09241, "Class2": 0.09253, "Class3": 0.54514, "Class4": 0.10215, "Class5": 0.0771, "Class6": 0.09067 }, "geometry": { "type": "Point", "coordinates": [ 11.32901764644993, 51.880340384214882 ] } },
{ "type": "Feature", "properties": { "Easting (m)": 5749800, "Northing (m)": 4454000, "Class1": 0.09118, "Class2": 0.09353, "Class3": 0.54606, "Class4": 0.1022, "Class5": 0.07773, "Class6": 0.0893 }, "geometry": { "type": "Point", "coordinates": [ 11.33046974516588, 51.880348643309105 ] } },
{ "type": "Feature", "properties": { "Easting (m)": 5749800, "Northing (m)": 4454100, "Class1": 0.09348, "Class2": 0.10136, "Class3": 0.52174, "Class4": 0.10834, "Class5": 0.08393, "Class6": 0.09114 }, "geometry": { "type": "Point", "coordinates": [ 11.33192184457673, 51.880356884482616 ] } },
{ "type": "Feature", "properties": { "Easting (m)": 5749800, "Northing (m)": 4454200, "Class1": 0.10171, "Class2": 0.1196, "Class3": 0.46136, "Class4": 0.11846, "Class5": 0.1007, "Class6": 0.09817 }, "geometry": { "type": "Point", "coordinates": [ 11.333373943929361, 51.880365108050668 ] } },
{ "type": "Feature", "properties": { "Easting (m)": 5749700, "Northing (m)": 4450800, "Class1": 0.02115, "Class2": 0.02515, "Class3": 0.02317, "Class4": 0.80599, "Class5": 0.10365, "Class6": 0.02089 }, "geometry": { "type": "Point", "coordinates": [ 11.284017198375226, 51.87917678057012 ] } },
{ "type": "Feature", "properties": { "Easting (m)": 5749700, "Northing (m)": 4450900, "Class1": 0.01818, "Class2": 0.02126, "Class3": 0.01989, "Class4": 0.84103, "Class5": 0.08173, "Class6": 0.0179 }, "geometry": { "type": "Point", "coordinates": [ 11.285469245834928, 51.879185594925929 ] } },
{ "type": "Feature", "properties": { "Easting (m)": 5749700, "Northing (m)": 4451000, "Class1": 0.01806, "Class2": 0.02089, "Class3": 0.01974, "Class4": 0.84695, "Class5": 0.07661, "Class6": 0.01776 }, "geometry": { "type": "Point", "coordinates": [ 11.286921294036867, 51.879194391361985 ] } },
{ "type": "Feature", "properties": { "Easting (m)": 5749700, "Northing (m)": 4451100, "Class1": 0.01708, "Class2": 0.01984, "Class3": 0.01865, "Class4": 0.85347, "Class5": 0.07417, "Class6": 0.01679 }, "geometry": { "type": "Point", "coordinates": [ 11.288373342979533, 51.879203169878259 ] } },
{ "type": "Feature", "properties": { "Easting (m)": 5749700, "Northing (m)": 4451200, "Class1": 0.01503, "Class2": 0.01785, "Class3": 0.01637, "Class4": 0.8635, "Class5": 0.07248, "Class6": 0.01478 }, "geometry": { "type": "Point", "coordinates": [ 11.289825392661411, 51.879211930474725 ] } },
{ "type": "Feature", "properties": { "Easting (m)": 5749700, "Northing (m)": 4451300, "Class1": 0.01025, "Class2": 0.01236, "Class3": 0.01106, "Class4": 0.9087, "Class5": 0.04762, "Class6": 0.01 }, "geometry": { "type": "Point", "coordinates": [ 11.291277443080999, 51.879220673151387 ] } },
{ "type": "Feature", "properties": { "Easting (m)": 5749700, "Northing (m)": 4451400, "Class1": 0.0166, "Class2": 0.01996, "Class3": 0.01785, "Class4": 0.84991, "Class5": 0.07956, "Class6": 0.01612 }, "geometry": { "type": "Point", "coordinates": [ 11.292729494236779, 51.879229397908198 ] } },
{ "type": "Feature", "properties": { "Easting (m)": 5749700, "Northing (m)": 4451500, "Class1": 0.02203, "Class2": 0.02616, "Class3": 0.02386, "Class4": 0.7843, "Class5": 0.12218, "Class6": 0.02147 }, "geometry": { "type": "Point", "coordinates": [ 11.294181546127243, 51.879238104745141 ] } },
{ "type": "Feature", "properties": { "Easting (m)": 5749700, "Northing (m)": 4451600, "Class1": 0.02276, "Class2": 0.02655, "Class3": 0.02477, "Class4": 0.78547, "Class5": 0.11821, "Class6": 0.02224 }, "geometry": { "type": "Point", "coordinates": [ 11.295633598750882, 51.879246793662205 ] } },
{ "type": "Feature", "properties": { "Easting (m)": 5749700, "Northing (m)": 4451700, "Class1": 0.02106, "Class2": 0.02506, "Class3": 0.02285, "Class4": 0.79482, "Class5": 0.11566, "Class6": 0.02054 }, "geometry": { "type": "Point", "coordinates": [ 11.297085652106185, 51.879255464659366 ] } },
{ "type": "Feature", "properties": { "Easting (m)": 5749700, "Northing (m)": 4451800, "Class1": 0.03933, "Class2": 0.04855, "Class3": 0.04246, "Class4": 0.53772, "Class5": 0.29357, "Class6": 0.03837 }, "geometry": { "type": "Point", "coordinates": [ 11.298537706191642, 51.879264117736604 ] } },
{ "type": "Feature", "properties": { "Easting (m)": 5749700, "Northing (m)": 4451900, "Class1": 0.02844, "Class2": 0.03553, "Class3": 0.03065, "Class4": 0.68789, "Class5": 0.18982, "Class6": 0.02766 }, "geometry": { "type": "Point", "coordinates": [ 11.29998976100574, 51.879272752893904 ] } },
{ "type": "Feature", "properties": { "Easting (m)": 5749700, "Northing (m)": 4452000, "Class1": 0.00895, "Class2": 0.01088, "Class3": 0.0097, "Class4": 0.91952, "Class5": 0.04221, "Class6": 0.00875 }, "geometry": { "type": "Point", "coordinates": [ 11.301441816546971, 51.879281370131217 ] } },
{ "type": "Feature", "properties": { "Easting (m)": 5749700, "Northing (m)": 4452100, "Class1": 0.01611, "Class2": 0.01944, "Class3": 0.01757, "Class4": 0.8487, "Class5": 0.08232, "Class6": 0.01586 }, "geometry": { "type": "Point", "coordinates": [ 11.302893872813826, 51.879289969448564 ] } },
{ "type": "Feature", "properties": { "Easting (m)": 5749700, "Northing (m)": 4452200, "Class1": 0.02134, "Class2": 0.02568, "Class3": 0.02329, "Class4": 0.79702, "Class5": 0.11162, "Class6": 0.02106 }, "geometry": { "type": "Point", "coordinates": [ 11.304345929804791, 51.879298550845888 ] } },
{ "type": "Feature", "properties": { "Easting (m)": 5749700, "Northing (m)": 4452300, "Class1": 0.02837, "Class2": 0.03378, "Class3": 0.03102, "Class4": 0.73211, "Class5": 0.14664, "Class6": 0.02808 }, "geometry": { "type": "Point", "coordinates": [ 11.305797987518357, 51.87930711432319 ] } },
{ "type": "Feature", "properties": { "Easting (m)": 5749700, "Northing (m)": 4452400, "Class1": 0.03667, "Class2": 0.04318, "Class3": 0.04014, "Class4": 0.65794, "Class5": 0.18565, "Class6": 0.03642 }, "geometry": { "type": "Point", "coordinates": [ 11.307250045953014, 51.879315659880454 ] } },
{ "type": "Feature", "properties": { "Easting (m)": 5749700, "Northing (m)": 4452500, "Class1": 0.04278, "Class2": 0.04994, "Class3": 0.0468, "Class4": 0.60517, "Class5": 0.21273, "Class6": 0.04258 }, "geometry": { "type": "Point", "coordinates": [ 11.308702105107251, 51.879324187517646 ] } },
{ "type": "Feature", "properties": { "Easting (m)": 5749700, "Northing (m)": 4452600, "Class1": 0.04703, "Class2": 0.05422, "Class3": 0.05145, "Class4": 0.57513, "Class5": 0.22528, "Class6": 0.04689 }, "geometry": { "type": "Point", "coordinates": [ 11.310154164979558, 51.879332697234751 ] } },
{ "type": "Feature", "properties": { "Easting (m)": 5749700, "Northing (m)": 4452700, "Class1": 0.09106, "Class2": 0.10215, "Class3": 0.53007, "Class4": 0.09862, "Class5": 0.08688, "Class6": 0.09122 }, "geometry": { "type": "Point", "coordinates": [ 11.311606225568426, 51.879341189031734 ] } },
{ "type": "Feature", "properties": { "Easting (m)": 5749700, "Northing (m)": 4452800, "Class1": 0.0946, "Class2": 0.10371, "Class3": 0.51863, "Class4": 0.09867, "Class5": 0.0891, "Class6": 0.09529 }, "geometry": { "type": "Point", "coordinates": [ 11.313058286872339, 51.879349662908602 ] } },
{ "type": "Feature", "properties": { "Easting (m)": 5749700, "Northing (m)": 4452900, "Class1": 0.09482, "Class2": 0.10503, "Class3": 0.51723, "Class4": 0.09643, "Class5": 0.09092, "Class6": 0.09557 }, "geometry": { "type": "Point", "coordinates": [ 11.314510348889794, 51.879358118865326 ] } },
{ "type": "Feature", "properties": { "Easting (m)": 5749700, "Northing (m)": 4453000, "Class1": 0.08365, "Class2": 0.10096, "Class3": 0.56073, "Class4": 0.08038, "Class5": 0.09018, "Class6": 0.0841 }, "geometry": { "type": "Point", "coordinates": [ 11.315962411619275, 51.879366556901871 ] } },
{ "type": "Feature", "properties": { "Easting (m)": 5749700, "Northing (m)": 4453100, "Class1": 0.09069, "Class2": 0.1107, "Class3": 0.52219, "Class4": 0.0828, "Class5": 0.10229, "Class6": 0.09132 }, "geometry": { "type": "Point", "coordinates": [ 11.317414475059273, 51.87937497701823 ] } },
{ "type": "Feature", "properties": { "Easting (m)": 5749700, "Northing (m)": 4453200, "Class1": 0.09529, "Class2": 0.12005, "Class3": 0.48902, "Class4": 0.0892, "Class5": 0.1108, "Class6": 0.09564 }, "geometry": { "type": "Point", "coordinates": [ 11.31886653920828, 51.879383379214389 ] } },
{ "type": "Feature", "properties": { "Easting (m)": 5749700, "Northing (m)": 4453300, "Class1": 0.0933, "Class2": 0.11938, "Class3": 0.49421, "Class4": 0.09326, "Class5": 0.1068, "Class6": 0.09306 }, "geometry": { "type": "Point", "coordinates": [ 11.320318604064783, 51.879391763490304 ] } },
{ "type": "Feature", "properties": { "Easting (m)": 5749700, "Northing (m)": 4453400, "Class1": 0.10139, "Class2": 0.13456, "Class3": 0.43881, "Class4": 0.10342, "Class5": 0.12122, "Class6": 0.1006 }, "geometry": { "type": "Point", "coordinates": [ 11.32177066962727, 51.879400129845983 ] } },
{ "type": "Feature", "properties": { "Easting (m)": 5749700, "Northing (m)": 4453500, "Class1": 0.09969, "Class2": 0.117, "Class3": 0.48022, "Class4": 0.10325, "Class5": 0.10283, "Class6": 0.09701 }, "geometry": { "type": "Point", "coordinates": [ 11.323222735894234, 51.879408478281391 ] } },
{ "type": "Feature", "properties": { "Easting (m)": 5749700, "Northing (m)": 4453600, "Class1": 0.0774, "Class2": 0.08319, "Class3": 0.61092, "Class4": 0.0825, "Class5": 0.07031, "Class6": 0.07567 }, "geometry": { "type": "Point", "coordinates": [ 11.324674802864164, 51.879416808796513 ] } },
{ "type": "Feature", "properties": { "Easting (m)": 5749700, "Northing (m)": 4453700, "Class1": 0.07374, "Class2": 0.07298, "Class3": 0.64327, "Class4": 0.07539, "Class5": 0.06179, "Class6": 0.07282 }, "geometry": { "type": "Point", "coordinates": [ 11.326126870535548, 51.879425121391314 ] } },
{ "type": "Feature", "properties": { "Easting (m)": 5749700, "Northing (m)": 4453800, "Class1": 0.08895, "Class2": 0.08694, "Class3": 0.56838, "Class4": 0.09475, "Class5": 0.07308, "Class6": 0.08791 }, "geometry": { "type": "Point", "coordinates": [ 11.327578938906875, 51.879433416065794 ] } },
{ "type": "Feature", "properties": { "Easting (m)": 5749700, "Northing (m)": 4453900, "Class1": 0.09065, "Class2": 0.08887, "Class3": 0.55892, "Class4": 0.09745, "Class5": 0.0745, "Class6": 0.08961 }, "geometry": { "type": "Point", "coordinates": [ 11.329031007976635, 51.879441692819938 ] } },
{ "type": "Feature", "properties": { "Easting (m)": 5749700, "Northing (m)": 4454000, "Class1": 0.08875, "Class2": 0.08811, "Class3": 0.56574, "Class4": 0.09591, "Class5": 0.07377, "Class6": 0.08773 }, "geometry": { "type": "Point", "coordinates": [ 11.330483077743319, 51.879449951653697 ] } },
{ "type": "Feature", "properties": { "Easting (m)": 5749700, "Northing (m)": 4454100, "Class1": 0.08137, "Class2": 0.08377, "Class3": 0.59682, "Class4": 0.08708, "Class5": 0.07022, "Class6": 0.08074 }, "geometry": { "type": "Point", "coordinates": [ 11.331935148197926, 51.879458192570148 ] } },
{ "type": "Feature", "properties": { "Easting (m)": 5749700, "Northing (m)": 4454200, "Class1": 0.08783, "Class2": 0.09655, "Class3": 0.54954, "Class4": 0.09976, "Class5": 0.08019, "Class6": 0.08613 }, "geometry": { "type": "Point", "coordinates": [ 11.333387218597512, 51.879466415873033 ] } },
{ "type": "Feature", "properties": { "Easting (m)": 5749700, "Northing (m)": 4454300, "Class1": 0.09127, "Class2": 0.10454, "Class3": 0.52601, "Class4": 0.10102, "Class5": 0.0886, "Class6": 0.08855 }, "geometry": { "type": "Point", "coordinates": [ 11.334839289689556, 51.879474621255582 ] } },
{ "type": "Feature", "properties": { "Easting (m)": 5749600, "Northing (m)": 4450700, "Class1": 0.0167, "Class2": 0.02033, "Class3": 0.01828, "Class4": 0.84199, "Class5": 0.08623, "Class6": 0.01647 }, "geometry": { "type": "Point", "coordinates": [ 11.282579438791458, 51.878269265397755 ] } },
{ "type": "Feature", "properties": { "Easting (m)": 5749600, "Northing (m)": 4450800, "Class1": 0.01677, "Class2": 0.01996, "Class3": 0.01837, "Class4": 0.84931, "Class5": 0.07907, "Class6": 0.01652 }, "geometry": { "type": "Point", "coordinates": [ 11.284031456561252, 51.878278097394436 ] } },
{ "type": "Feature", "properties": { "Easting (m)": 5749600, "Northing (m)": 4450900, "Class1": 0.01695, "Class2": 0.01995, "Class3": 0.01857, "Class4": 0.85164, "Class5": 0.07619, "Class6": 0.01669 }, "geometry": { "type": "Point", "coordinates": [ 11.28548347507474, 51.878286911471974 ] } },
{ "type": "Feature", "properties": { "Easting (m)": 5749600, "Northing (m)": 4451000, "Class1": 0.01577, "Class2": 0.01853, "Class3": 0.01724, "Class4": 0.86276, "Class5": 0.0702, "Class6": 0.01551 }, "geometry": { "type": "Point", "coordinates": [ 11.286935494330415, 51.878295707630329 ] } },
{ "type": "Feature", "properties": { "Easting (m)": 5749600, "Northing (m)": 4451100, "Class1": 0.01687, "Class2": 0.01983, "Class3": 0.01845, "Class4": 0.8516, "Class5": 0.07664, "Class6": 0.01661 }, "geometry": { "type": "Point", "coordinates": [ 11.288387514326763, 51.878304485869471 ] } },
{ "type": "Feature", "properties": { "Easting (m)": 5749600, "Northing (m)": 4451200, "Class1": 0.01938, "Class2": 0.02247, "Class3": 0.02121, "Class4": 0.8333, "Class5": 0.08455, "Class6": 0.01909 }, "geometry": { "type": "Point", "coordinates": [ 11.289839535062274, 51.878313246189386 ] } },
{ "type": "Feature", "properties": { "Easting (m)": 5749600, "Northing (m)": 4451300, "Class1": 0.02097, "Class2": 0.02378, "Class3": 0.02289, "Class4": 0.83159, "Class5": 0.08021, "Class6": 0.02058 }, "geometry": { "type": "Point", "coordinates": [ 11.291291556535441, 51.878321988590066 ] } },
{ "type": "Feature", "properties": { "Easting (m)": 5749600, "Northing (m)": 4451400, "Class1": 0.02509, "Class2": 0.02809, "Class3": 0.02732, "Class4": 0.80533, "Class5": 0.08963, "Class6": 0.02454 }, "geometry": { "type": "Point", "coordinates": [ 11.292743578744755, 51.87833071307147 ] } },
{ "type": "Feature", "properties": { "Easting (m)": 5749600, "Northing (m)": 4451500, "Class1": 0.02371, "Class2": 0.02692, "Class3": 0.02591, "Class4": 0.79636, "Class5": 0.10388, "Class6": 0.02322 }, "geometry": { "type": "Point", "coordinates": [ 11.294195601688699, 51.878339419633591 ] } },
{ "type": "Feature", "properties": { "Easting (m)": 5749600, "Northing (m)": 4451600, "Class1": 0.02394, "Class2": 0.02745, "Class3": 0.02618, "Class4": 0.78732, "Class5": 0.11166, "Class6": 0.02345 }, "geometry": { "type": "Point", "coordinates": [ 11.295647625365767, 51.878348108276391 ] } },
{ "type": "Feature", "properties": { "Easting (m)": 5749600, "Northing (m)": 4451700, "Class1": 0.01864, "Class2": 0.02164, "Class3": 0.02023, "Class4": 0.84995, "Class5": 0.07137, "Class6": 0.01818 }, "geometry": { "type": "Point", "coordinates": [ 11.29709964977445, 51.878356778999873 ] } },
{ "type": "Feature", "properties": { "Easting (m)": 5749600, "Northing (m)": 4451800, "Class1": 0.01491, "Class2": 0.01794, "Class3": 0.01608, "Class4": 0.86832, "Class5": 0.06826, "Class6": 0.01449 }, "geometry": { "type": "Point", "coordinates": [ 11.298551674913231, 51.878365431804006 ] } },
{ "type": "Feature", "properties": { "Easting (m)": 5749600, "Northing (m)": 4451900, "Class1": 0.03516, "Class2": 0.04318, "Class3": 0.03809, "Class4": 0.59903, "Class5": 0.25021, "Class6": 0.03433 }, "geometry": { "type": "Point", "coordinates": [ 11.300003700780609, 51.878374066688764 ] } },
{ "type": "Feature", "properties": { "Easting (m)": 5749600, "Northing (m)": 4452000, "Class1": 0.01922, "Class2": 0.02335, "Class3": 0.02064, "Class4": 0.84235, "Class5": 0.0758, "Class6": 0.01864 }, "geometry": { "type": "Point", "coordinates": [ 11.301455727375069, 51.878382683654138 ] } },
{ "type": "Feature", "properties": { "Easting (m)": 5749600, "Northing (m)": 4452100, "Class1": 0.01784, "Class2": 0.02206, "Class3": 0.01942, "Class4": 0.8233, "Class5": 0.0998, "Class6": 0.01757 }, "geometry": { "type": "Point", "coordinates": [ 11.302907754695099, 51.8783912827001 ] } },
{ "type": "Feature", "properties": { "Easting (m)": 5749600, "Northing (m)": 4452200, "Class1": 0.02669, "Class2": 0.03285, "Class3": 0.0291, "Class4": 0.73242, "Class5": 0.15256, "Class6": 0.02638 }, "geometry": { "type": "Point", "coordinates": [ 11.304359782739191, 51.878399863826623 ] } },
{ "type": "Feature", "properties": { "Easting (m)": 5749600, "Northing (m)": 4452300, "Class1": 0.03464, "Class2": 0.04253, "Class3": 0.03777, "Class4": 0.65121, "Class5": 0.1995, "Class6": 0.03435 }, "geometry": { "type": "Point", "coordinates": [ 11.305811811505833, 51.878408427033712 ] } },
{ "type": "Feature", "properties": { "Easting (m)": 5749600, "Northing (m)": 4452400, "Class1": 0.04174, "Class2": 0.05032, "Class3": 0.04561, "Class4": 0.59339, "Class5": 0.2274, "Class6": 0.04153 }, "geometry": { "type": "Point", "coordinates": [ 11.307263840993519, 51.878416972321304 ] } },
{ "type": "Feature", "properties": { "Easting (m)": 5749600, "Northing (m)": 4452500, "Class1": 0.04416, "Class2": 0.05218, "Class3": 0.04827, "Class4": 0.58398, "Class5": 0.22743, "Class6": 0.04398 }, "geometry": { "type": "Point", "coordinates": [ 11.308715871200732, 51.878425499689413 ] } },
{ "type": "Feature", "properties": { "Easting (m)": 5749600, "Northing (m)": 4452600, "Class1": 0.04784, "Class2": 0.05556, "Class3": 0.0523, "Class4": 0.5622, "Class5": 0.23438, "Class6": 0.04771 }, "geometry": { "type": "Point", "coordinates": [ 11.310167902125967, 51.878434009138019 ] } },
{ "type": "Feature", "properties": { "Easting (m)": 5749600, "Northing (m)": 4452700, "Class1": 0.09609, "Class2": 0.10793, "Class3": 0.50446, "Class4": 0.10209, "Class5": 0.0927, "Class6": 0.09673 }, "geometry": { "type": "Point", "coordinates": [ 11.311619933767712, 51.878442500667084 ] } },
{ "type": "Feature", "properties": { "Easting (m)": 5749600, "Northing (m)": 4452800, "Class1": 0.0983, "Class2": 0.10743, "Class3": 0.50152, "Class4": 0.10009, "Class5": 0.09322, "Class6": 0.09944 }, "geometry": { "type": "Point", "coordinates": [ 11.313071966124456, 51.878450974276596 ] } },
{ "type": "Feature", "properties": { "Easting (m)": 5749600, "Northing (m)": 4452900, "Class1": 0.09381, "Class2": 0.10156, "Class3": 0.5282, "Class4": 0.0931, "Class5": 0.08839, "Class6": 0.09495 }, "geometry": { "type": "Point", "coordinates": [ 11.314523999194687, 51.878459429966533 ] } },
{ "type": "Feature", "properties": { "Easting (m)": 5749600, "Northing (m)": 4453000, "Class1": 0.08163, "Class2": 0.09431, "Class3": 0.57987, "Class4": 0.07904, "Class5": 0.08299, "Class6": 0.08216 }, "geometry": { "type": "Point", "coordinates": [ 11.3159760329769, 51.878467867736873 ] } },
{ "type": "Feature", "properties": { "Easting (m)": 5749600, "Northing (m)": 4453100, "Class1": 0.08281, "Class2": 0.09843, "Class3": 0.57035, "Class4": 0.07501, "Class5": 0.09019, "Class6": 0.08322 }, "geometry": { "type": "Point", "coordinates": [ 11.317428067469582, 51.87847628758761 ] } },
{ "type": "Feature", "properties": { "Easting (m)": 5749600, "Northing (m)": 4453200, "Class1": 0.08693, "Class2": 0.10575, "Class3": 0.54323, "Class4": 0.0799, "Class5": 0.09701, "Class6": 0.08717 }, "geometry": { "type": "Point", "coordinates": [ 11.318880102671217, 51.8784846895187 ] } },
{ "type": "Feature", "properties": { "Easting (m)": 5749600, "Northing (m)": 4453300, "Class1": 0.09717, "Class2": 0.12398, "Class3": 0.47546, "Class4": 0.09183, "Class5": 0.11444, "Class6": 0.09711 }, "geometry": { "type": "Point", "coordinates": [ 11.320332138580303, 51.878493073530159 ] } },
{ "type": "Feature", "properties": { "Easting (m)": 5749600, "Northing (m)": 4453400, "Class1": 0.10097, "Class2": 0.13245, "Class3": 0.4458, "Class4": 0.1001, "Class5": 0.12092, "Class6": 0.09976 }, "geometry": { "type": "Point", "coordinates": [ 11.321784175195328, 51.878501439621914 ] } },
{ "type": "Feature", "properties": { "Easting (m)": 5749600, "Northing (m)": 4453500, "Class1": 0.09234, "Class2": 0.10685, "Class3": 0.52402, "Class4": 0.09171, "Class5": 0.09466, "Class6": 0.09042 }, "geometry": { "type": "Point", "coordinates": [ 11.323236212514777, 51.878509787794002 ] } },
{ "type": "Feature", "properties": { "Easting (m)": 5749600, "Northing (m)": 4453600, "Class1": 0.07772, "Class2": 0.08151, "Class3": 0.61827, "Class4": 0.0741, "Class5": 0.07161, "Class6": 0.07679 }, "geometry": { "type": "Point", "coordinates": [ 11.324688250537143, 51.878518118046351 ] } },
{ "type": "Feature", "properties": { "Easting (m)": 5749600, "Northing (m)": 4453700, "Class1": 0.07407, "Class2": 0.07601, "Class3": 0.63847, "Class4": 0.0717, "Class5": 0.06623, "Class6": 0.07353 }, "geometry": { "type": "Point", "coordinates": [ 11.326140289260913, 51.87852643037899 ] } },
{ "type": "Feature", "properties": { "Easting (m)": 5749600, "Northing (m)": 4453800, "Class1": 0.08154, "Class2": 0.08622, "Class3": 0.58997, "Class4": 0.08958, "Class5": 0.07247, "Class6": 0.08022 }, "geometry": { "type": "Point", "coordinates": [ 11.327592328684581, 51.878534724791869 ] } },
{ "type": "Feature", "properties": { "Easting (m)": 5749600, "Northing (m)": 4453900, "Class1": 0.094, "Class2": 0.0948, "Class3": 0.53461, "Class4": 0.10475, "Class5": 0.07922, "Class6": 0.09262 }, "geometry": { "type": "Point", "coordinates": [ 11.329044368806635, 51.878543001284967 ] } },
{ "type": "Feature", "properties": { "Easting (m)": 5749600, "Northing (m)": 4454000, "Class1": 0.09258, "Class2": 0.09216, "Class3": 0.54523, "Class4": 0.10101, "Class5": 0.07733, "Class6": 0.09169 }, "geometry": { "type": "Point", "coordinates": [ 11.330496409625562, 51.878551259858298 ] } },
{ "type": "Feature", "properties": { "Easting (m)": 5749600, "Northing (m)": 4454100, "Class1": 0.08548, "Class2": 0.08561, "Class3": 0.58192, "Class4": 0.089, "Class5": 0.07245, "Class6": 0.08553 }, "geometry": { "type": "Point", "coordinates": [ 11.331948451125369, 51.878559500517589 ] } },
{ "type": "Feature", "properties": { "Easting (m)": 5749600, "Northing (m)": 4454200, "Class1": 0.08121, "Class2": 0.08254, "Class3": 0.60035, "Class4": 0.08582, "Class5": 0.06934, "Class6": 0.08073 }, "geometry": { "type": "Point", "coordinates": [ 11.33340049257342, 51.8785677235553 ] } },
{ "type": "Feature", "properties": { "Easting (m)": 5749600, "Northing (m)": 4454300, "Class1": 0.09352, "Class2": 0.09747, "Class3": 0.53001, "Class4": 0.1067, "Class5": 0.08089, "Class6": 0.09141 }, "geometry": { "type": "Point", "coordinates": [ 11.334852534713884, 51.87857592867325 ] } },
{ "type": "Feature", "properties": { "Easting (m)": 5749600, "Northing (m)": 4454400, "Class1": 0.0919, "Class2": 0.10024, "Class3": 0.52951, "Class4": 0.10562, "Class5": 0.08339, "Class6": 0.08936 }, "geometry": { "type": "Point", "coordinates": [ 11.336304577545246, 51.878584115871469 ] } },
{ "type": "Feature", "properties": { "Easting (m)": 5749500, "Northing (m)": 4450600, "Class1": 0.01167, "Class2": 0.01495, "Class3": 0.01265, "Class4": 0.88264, "Class5": 0.06664, "Class6": 0.01144 }, "geometry": { "type": "Point", "coordinates": [ 11.281141737098668, 51.877361732724133 ] } },
{ "type": "Feature", "properties": { "Easting (m)": 5749500, "Northing (m)": 4450700, "Class1": 0.01213, "Class2": 0.01518, "Class3": 0.01321, "Class4": 0.8809, "Class5": 0.06665, "Class6": 0.01192 }, "geometry": { "type": "Point", "coordinates": [ 11.282593725178655, 51.877370582360548 ] } },
{ "type": "Feature", "properties": { "Easting (m)": 5749500, "Northing (m)": 4450800, "Class1": 0.01235, "Class2": 0.0152, "Class3": 0.01348, "Class4": 0.88242, "Class5": 0.06439, "Class6": 0.01215 }, "geometry": { "type": "Point", "coordinates": [ 11.284045714003796, 51.877379414078405 ] } },
{ "type": "Feature", "properties": { "Easting (m)": 5749500, "Northing (m)": 4450900, "Class1": 0.01301, "Class2": 0.01582, "Class3": 0.01421, "Class4": 0.87879, "Class5": 0.06538, "Class6": 0.0128 }, "geometry": { "type": "Point", "coordinates": [ 11.285497703572581, 51.877388227877667 ] } },
{ "type": "Feature", "properties": { "Easting (m)": 5749500, "Northing (m)": 4451000, "Class1": 0.01307, "Class2": 0.01569, "Class3": 0.01428, "Class4": 0.88169, "Class5": 0.06242, "Class6": 0.01285 }, "geometry": { "type": "Point", "coordinates": [ 11.2869496938835, 51.87739702375832 ] } },
{ "type": "Feature", "properties": { "Easting (m)": 5749500, "Northing (m)": 4451100, "Class1": 0.01455, "Class2": 0.01718, "Class3": 0.01591, "Class4": 0.87301, "Class5": 0.06505, "Class6": 0.0143 }, "geometry": { "type": "Point", "coordinates": [ 11.288401684935041, 51.877405801720357 ] } },
{ "type": "Feature", "properties": { "Easting (m)": 5749500, "Northing (m)": 4451200, "Class1": 0.01855, "Class2": 0.02141, "Class3": 0.0203, "Class4": 0.84606, "Class5": 0.07544, "Class6": 0.01823 }, "geometry": { "type": "Point", "coordinates": [ 11.289853676725697, 51.877414561763729 ] } },
{ "type": "Feature", "properties": { "Easting (m)": 5749500, "Northing (m)": 4451300, "Class1": 0.02449, "Class2": 0.02763, "Class3": 0.02679, "Class4": 0.80811, "Class5": 0.08894, "Class6": 0.02404 }, "geometry": { "type": "Point", "coordinates": [ 11.291305669253957, 51.877423303888428 ] } },
{ "type": "Feature", "properties": { "Easting (m)": 5749500, "Northing (m)": 4451400, "Class1": 0.02976, "Class2": 0.03315, "Class3": 0.03249, "Class4": 0.77652, "Class5": 0.09893, "Class6": 0.02915 }, "geometry": { "type": "Point", "coordinates": [ 11.292757662518309, 51.877432028094439 ] } },
{ "type": "Feature", "properties": { "Easting (m)": 5749500, "Northing (m)": 4451500, "Class1": 0.02244, "Class2": 0.02551, "Class3": 0.02453, "Class4": 0.81509, "Class5": 0.09046, "Class6": 0.02197 }, "geometry": { "type": "Point", "coordinates": [ 11.294209656517245, 51.877440734381736 ] } },
{ "type": "Feature", "properties": { "Easting (m)": 5749500, "Northing (m)": 4451600, "Class1": 0.01911, "Class2": 0.02224, "Class3": 0.02085, "Class4": 0.83087, "Class5": 0.08824, "Class6": 0.01868 }, "geometry": { "type": "Point", "coordinates": [ 11.295661651249251, 51.877449422750303 ] } },
{ "type": "Feature", "properties": { "Easting (m)": 5749500, "Northing (m)": 4451700, "Class1": 0.01663, "Class2": 0.01957, "Class3": 0.01802, "Class4": 0.86551, "Class5": 0.06405, "Class6": 0.01621 }, "geometry": { "type": "Point", "coordinates": [ 11.297113646712821, 51.877458093200126 ] } },
{ "type": "Feature", "properties": { "Easting (m)": 5749500, "Northing (m)": 4451800, "Class1": 0.01561, "Class2": 0.01846, "Class3": 0.01689, "Class4": 0.87261, "Class5": 0.06122, "Class6": 0.01521 }, "geometry": { "type": "Point", "coordinates": [ 11.298565642906444, 51.877466745731155 ] } },
{ "type": "Feature", "properties": { "Easting (m)": 5749500, "Northing (m)": 4451900, "Class1": 0.02039, "Class2": 0.02455, "Class3": 0.02215, "Class4": 0.79845, "Class5": 0.11459, "Class6": 0.01989 }, "geometry": { "type": "Point", "coordinates": [ 11.30001763982861, 51.877475380343398 ] } },
{ "type": "Feature", "properties": { "Easting (m)": 5749500, "Northing (m)": 4452000, "Class1": 0.01794, "Class2": 0.02189, "Class3": 0.01929, "Class4": 0.84911, "Class5": 0.07438, "Class6": 0.0174 }, "geometry": { "type": "Point", "coordinates": [ 11.301469637477807, 51.877483997036826 ] } },
{ "type": "Feature", "properties": { "Easting (m)": 5749500, "Northing (m)": 4452100, "Class1": 0.03029, "Class2": 0.03884, "Class3": 0.03288, "Class4": 0.67426, "Class5": 0.19381, "Class6": 0.02992 }, "geometry": { "type": "Point", "coordinates": [ 11.302921635852524, 51.877492595811411 ] } },
{ "type": "Feature", "properties": { "Easting (m)": 5749500, "Northing (m)": 4452200, "Class1": 0.04284, "Class2": 0.05436, "Class3": 0.0466, "Class4": 0.54815, "Class5": 0.26548, "Class6": 0.04258 }, "geometry": { "type": "Point", "coordinates": [ 11.304373634951254, 51.87750117666716 ] } },
{ "type": "Feature", "properties": { "Easting (m)": 5749500, "Northing (m)": 4452300, "Class1": 0.04572, "Class2": 0.05756, "Class3": 0.04971, "Class4": 0.52478, "Class5": 0.27673, "Class6": 0.04549 }, "geometry": { "type": "Point", "coordinates": [ 11.305825634772484, 51.877509739604015 ] } },
{ "type": "Feature", "properties": { "Easting (m)": 5749500, "Northing (m)": 4452400, "Class1": 0.04482, "Class2": 0.05535, "Class3": 0.04882, "Class4": 0.54643, "Class5": 0.25996, "Class6": 0.04461 }, "geometry": { "type": "Point", "coordinates": [ 11.307277635314705, 51.877518284621964 ] } },
{ "type": "Feature", "properties": { "Easting (m)": 5749500, "Northing (m)": 4452500, "Class1": 0.0426, "Class2": 0.05127, "Class3": 0.04649, "Class4": 0.58519, "Class5": 0.23207, "Class6": 0.04239 }, "geometry": { "type": "Point", "coordinates": [ 11.308729636576407, 51.877526811721012 ] } },
{ "type": "Feature", "properties": { "Easting (m)": 5749500, "Northing (m)": 4452600, "Class1": 0.0482, "Class2": 0.05649, "Class3": 0.05274, "Class4": 0.55422, "Class5": 0.24026, "Class6": 0.04809 }, "geometry": { "type": "Point", "coordinates": [ 11.310181638556083, 51.877535320901117 ] } },
{ "type": "Feature", "properties": { "Easting (m)": 5749500, "Northing (m)": 4452700, "Class1": 0.06419, "Class2": 0.0715, "Class3": 0.07053, "Class4": 0.46721, "Class5": 0.26204, "Class6": 0.06453 }, "geometry": { "type": "Point", "coordinates": [ 11.311633641252214, 51.877543812162259 ] } },
{ "type": "Feature", "properties": { "Easting (m)": 5749500, "Northing (m)": 4452800, "Class1": 0.09306, "Class2": 0.09903, "Class3": 0.53356, "Class4": 0.09539, "Class5": 0.0851, "Class6": 0.09387 }, "geometry": { "type": "Point", "coordinates": [ 11.313085644663298, 51.877552285504429 ] } },
{ "type": "Feature", "properties": { "Easting (m)": 5749500, "Northing (m)": 4452900, "Class1": 0.0929, "Class2": 0.09744, "Class3": 0.53844, "Class4": 0.09359, "Class5": 0.08387, "Class6": 0.09376 }, "geometry": { "type": "Point", "coordinates": [ 11.31453764878782, 51.877560740927599 ] } },
{ "type": "Feature", "properties": { "Easting (m)": 5749500, "Northing (m)": 4453000, "Class1": 0.09295, "Class2": 0.10158, "Class3": 0.52965, "Class4": 0.09564, "Class5": 0.08703, "Class6": 0.09314 }, "geometry": { "type": "Point", "coordinates": [ 11.315989653624273, 51.877569178431749 ] } },
{ "type": "Feature", "properties": { "Easting (m)": 5749500, "Northing (m)": 4453100, "Class1": 0.09944, "Class2": 0.12771, "Class3": 0.4614, "Class4": 0.09453, "Class5": 0.11784, "Class6": 0.09909 }, "geometry": { "type": "Point", "coordinates": [ 11.317441659171145, 51.877577598016863 ] } },
{ "type": "Feature", "properties": { "Easting (m)": 5749500, "Northing (m)": 4453200, "Class1": 0.08081, "Class2": 0.09681, "Class3": 0.57892, "Class4": 0.07553, "Class5": 0.08753, "Class6": 0.0804 }, "geometry": { "type": "Point", "coordinates": [ 11.318893665426925, 51.877585999682921 ] } },
{ "type": "Feature", "properties": { "Easting (m)": 5749500, "Northing (m)": 4453300, "Class1": 0.08522, "Class2": 0.10115, "Class3": 0.55677, "Class4": 0.08268, "Class5": 0.09025, "Class6": 0.08393 }, "geometry": { "type": "Point", "coordinates": [ 11.320345672390104, 51.877594383429894 ] } },
{ "type": "Feature", "properties": { "Easting (m)": 5749500, "Northing (m)": 4453400, "Class1": 0.08849, "Class2": 0.10049, "Class3": 0.54526, "Class4": 0.09312, "Class5": 0.08649, "Class6": 0.08615 }, "geometry": { "type": "Point", "coordinates": [ 11.32179768005917, 51.877602749257761 ] } },
{ "type": "Feature", "properties": { "Easting (m)": 5749500, "Northing (m)": 4453500, "Class1": 0.07773, "Class2": 0.08406, "Class3": 0.60897, "Class4": 0.08202, "Class5": 0.07131, "Class6": 0.07592 }, "geometry": { "type": "Point", "coordinates": [ 11.323249688432616, 51.877611097166529 ] } },
{ "type": "Feature", "properties": { "Easting (m)": 5749500, "Northing (m)": 4453600, "Class1": 0.07594, "Class2": 0.07974, "Class3": 0.62653, "Class4": 0.07311, "Class5": 0.06974, "Class6": 0.07495 }, "geometry": { "type": "Point", "coordinates": [ 11.32470169750893, 51.877619427156148 ] } },
{ "type": "Feature", "properties": { "Easting (m)": 5749500, "Northing (m)": 4453700, "Class1": 0.07902, "Class2": 0.08192, "Class3": 0.61465, "Class4": 0.07267, "Class5": 0.07301, "Class6": 0.07873 }, "geometry": { "type": "Point", "coordinates": [ 11.326153707286601, 51.877627739226625 ] } },
{ "type": "Feature", "properties": { "Easting (m)": 5749500, "Northing (m)": 4453800, "Class1": 0.08572, "Class2": 0.09274, "Class3": 0.5719, "Class4": 0.08249, "Class5": 0.08229, "Class6": 0.08486 }, "geometry": { "type": "Point", "coordinates": [ 11.327605717764119, 51.877636033377897 ] } },
{ "type": "Feature", "properties": { "Easting (m)": 5749500, "Northing (m)": 4453900, "Class1": 0.07694, "Class2": 0.08303, "Class3": 0.6116, "Class4": 0.08221, "Class5": 0.07051, "Class6": 0.07571 }, "geometry": { "type": "Point", "coordinates": [ 11.329057728939972, 51.877644309609998 ] } },
{ "type": "Feature", "properties": { "Easting (m)": 5749500, "Northing (m)": 4454000, "Class1": 0.09243, "Class2": 0.09598, "Class3": 0.53556, "Class4": 0.10482, "Class5": 0.08018, "Class6": 0.09103 }, "geometry": { "type": "Point", "coordinates": [ 11.330509740812653, 51.877652567922866 ] } },
{ "type": "Feature", "properties": { "Easting (m)": 5749500, "Northing (m)": 4454100, "Class1": 0.08768, "Class2": 0.09099, "Class3": 0.56321, "Class4": 0.09304, "Class5": 0.07715, "Class6": 0.08793 }, "geometry": { "type": "Point", "coordinates": [ 11.331961753359105, 51.877660808324904 ] } },
{ "type": "Feature", "properties": { "Easting (m)": 5749500, "Northing (m)": 4454200, "Class1": 0.08383, "Class2": 0.08541, "Class3": 0.58681, "Class4": 0.08807, "Class5": 0.07213, "Class6": 0.08375 }, "geometry": { "type": "Point", "coordinates": [ 11.333413765857133, 51.877669031097462 ] } },
{ "type": "Feature", "properties": { "Easting (m)": 5749500, "Northing (m)": 4454300, "Class1": 0.08557, "Class2": 0.08808, "Class3": 0.57422, "Class4": 0.09404, "Class5": 0.07354, "Class6": 0.08454 }, "geometry": { "type": "Point", "coordinates": [ 11.334865779047522, 51.877677235950856 ] } },
{ "type": "Feature", "properties": { "Easting (m)": 5749500, "Northing (m)": 4454400, "Class1": 0.08788, "Class2": 0.09372, "Class3": 0.55467, "Class4": 0.09966, "Class5": 0.07782, "Class6": 0.08626 }, "geometry": { "type": "Point", "coordinates": [ 11.336317792928766, 51.877685422885044 ] } },
{ "type": "Feature", "properties": { "Easting (m)": 5749500, "Northing (m)": 4454500, "Class1": 0.08436, "Class2": 0.09254, "Class3": 0.56937, "Class4": 0.09385, "Class5": 0.07763, "Class6": 0.08225 }, "geometry": { "type": "Point", "coordinates": [ 11.337769807499349, 51.877693591900027 ] } },
{ "type": "Feature", "properties": { "Easting (m)": 5749400, "Northing (m)": 4450600, "Class1": 0.01449, "Class2": 0.01898, "Class3": 0.0156, "Class4": 0.85558, "Class5": 0.08122, "Class6": 0.01414 }, "geometry": { "type": "Point", "coordinates": [ 11.281156051684013, 51.876463049825986 ] } },
{ "type": "Feature", "properties": { "Easting (m)": 5749400, "Northing (m)": 4450700, "Class1": 0.01201, "Class2": 0.01544, "Class3": 0.01301, "Class4": 0.87875, "Class5": 0.06903, "Class6": 0.01176 }, "geometry": { "type": "Point", "coordinates": [ 11.282608010820907, 51.876471899182995 ] } },
{ "type": "Feature", "properties": { "Easting (m)": 5749400, "Northing (m)": 4450800, "Class1": 0.01282, "Class2": 0.01624, "Class3": 0.01394, "Class4": 0.8713, "Class5": 0.07309, "Class6": 0.01259 }, "geometry": { "type": "Point", "coordinates": [ 11.284059970702906, 51.876480730622013 ] } },
{ "type": "Feature", "properties": { "Easting (m)": 5749400, "Northing (m)": 4450900, "Class1": 0.01162, "Class2": 0.01452, "Class3": 0.01265, "Class4": 0.8864, "Class5": 0.0634, "Class6": 0.01141 }, "geometry": { "type": "Point", "coordinates": [ 11.2855119313285, 51.876489544143013 ] } },
{ "type": "Feature", "properties": { "Easting (m)": 5749400, "Northing (m)": 4451000, "Class1": 0.00933, "Class2": 0.01139, "Class3": 0.01016, "Class4": 0.91444, "Class5": 0.04553, "Class6": 0.00915 }, "geometry": { "type": "Point", "coordinates": [ 11.286963892696173, 51.876498339745986 ] } },
{ "type": "Feature", "properties": { "Easting (m)": 5749400, "Northing (m)": 4451100, "Class1": 0.01206, "Class2": 0.01434, "Class3": 0.01315, "Class4": 0.89649, "Class5": 0.05215, "Class6": 0.01182 }, "geometry": { "type": "Point", "coordinates": [ 11.28841585480442, 51.876507117430897 ] } },
{ "type": "Feature", "properties": { "Easting (m)": 5749400, "Northing (m)": 4451200, "Class1": 0.01603, "Class2": 0.01871, "Class3": 0.0175, "Class4": 0.86772, "Class5": 0.06433, "Class6": 0.01571 }, "geometry": { "type": "Point", "coordinates": [ 11.28986781765173, 51.876515877197747 ] } },
{ "type": "Feature", "properties": { "Easting (m)": 5749400, "Northing (m)": 4451300, "Class1": 0.01797, "Class2": 0.02082, "Class3": 0.01961, "Class4": 0.85458, "Class5": 0.06942, "Class6": 0.0176 }, "geometry": { "type": "Point", "coordinates": [ 11.291319781236592, 51.876524619046499 ] } },
{ "type": "Feature", "properties": { "Easting (m)": 5749400, "Northing (m)": 4451400, "Class1": 0.01967, "Class2": 0.02272, "Class3": 0.02142, "Class4": 0.84389, "Class5": 0.07307, "Class6": 0.01923 }, "geometry": { "type": "Point", "coordinates": [ 11.292771745557493, 51.876533342977119 ] } },
{ "type": "Feature", "properties": { "Easting (m)": 5749400, "Northing (m)": 4451500, "Class1": 0.01795, "Class2": 0.02088, "Class3": 0.01953, "Class4": 0.85305, "Class5": 0.07108, "Class6": 0.01752 }, "geometry": { "type": "Point", "coordinates": [ 11.294223710612931, 51.876542048989613 ] } },
{ "type": "Feature", "properties": { "Easting (m)": 5749400, "Northing (m)": 4451600, "Class1": 0.01491, "Class2": 0.01767, "Class3": 0.01621, "Class4": 0.871, "Class5": 0.06567, "Class6": 0.01454 }, "geometry": { "type": "Point", "coordinates": [ 11.295675676401387, 51.876550737083953 ] } },
{ "type": "Feature", "properties": { "Easting (m)": 5749400, "Northing (m)": 4451700, "Class1": 0.01333, "Class2": 0.01599, "Class3": 0.01444, "Class4": 0.88869, "Class5": 0.05456, "Class6": 0.013 }, "geometry": { "type": "Point", "coordinates": [ 11.297127642921355, 51.876559407260103 ] } },
{ "type": "Feature", "properties": { "Easting (m)": 5749400, "Northing (m)": 4451800, "Class1": 0.0131, "Class2": 0.01571, "Class3": 0.01418, "Class4": 0.89038, "Class5": 0.05387, "Class6": 0.01277 }, "geometry": { "type": "Point", "coordinates": [ 11.298579610171327, 51.87656805951805 ] } },
{ "type": "Feature", "properties": { "Easting (m)": 5749400, "Northing (m)": 4451900, "Class1": 0.01452, "Class2": 0.01755, "Class3": 0.01573, "Class4": 0.86645, "Class5": 0.07162, "Class6": 0.01413 }, "geometry": { "type": "Point", "coordinates": [ 11.300031578149792, 51.876576693857793 ] } },
{ "type": "Feature", "properties": { "Easting (m)": 5749400, "Northing (m)": 4452000, "Class1": 0.01186, "Class2": 0.01512, "Class3": 0.01277, "Class4": 0.88778, "Class5": 0.06092, "Class6": 0.01156 }, "geometry": { "type": "Point", "coordinates": [ 11.301483546855236, 51.876585310279289 ] } },
{ "type": "Feature", "properties": { "Easting (m)": 5749400, "Northing (m)": 4452100, "Class1": 0.04749, "Class2": 0.0615, "Class3": 0.05154, "Class4": 0.49085, "Class5": 0.30137, "Class6": 0.04725 }, "geometry": { "type": "Point", "coordinates": [ 11.302935516286153, 51.876593908782525 ] } },
{ "type": "Feature", "properties": { "Easting (m)": 5749400, "Northing (m)": 4452200, "Class1": 0.05149, "Class2": 0.06593, "Class3": 0.05596, "Class4": 0.44694, "Class5": 0.32827, "Class6": 0.0514 }, "geometry": { "type": "Point", "coordinates": [ 11.30438748644103, 51.876602489367478 ] } },
{ "type": "Feature", "properties": { "Easting (m)": 5749400, "Northing (m)": 4452300, "Class1": 0.05053, "Class2": 0.06449, "Class3": 0.05492, "Class4": 0.43722, "Class5": 0.34236, "Class6": 0.05047 }, "geometry": { "type": "Point", "coordinates": [ 11.305839457318358, 51.876611052034121 ] } },
{ "type": "Feature", "properties": { "Easting (m)": 5749400, "Northing (m)": 4452400, "Class1": 0.0499, "Class2": 0.06353, "Class3": 0.05423, "Class4": 0.42934, "Class5": 0.35315, "Class6": 0.04985 }, "geometry": { "type": "Point", "coordinates": [ 11.307291428916626, 51.876619596782447 ] } },
{ "type": "Feature", "properties": { "Easting (m)": 5749400, "Northing (m)": 4452500, "Class1": 0.05143, "Class2": 0.06455, "Class3": 0.05594, "Class4": 0.42692, "Class5": 0.34972, "Class6": 0.05144 }, "geometry": { "type": "Point", "coordinates": [ 11.308743401234329, 51.876628123612434 ] } },
{ "type": "Feature", "properties": { "Easting (m)": 5749400, "Northing (m)": 4452600, "Class1": 0.05728, "Class2": 0.06958, "Class3": 0.06242, "Class4": 0.43125, "Class5": 0.32205, "Class6": 0.05742 }, "geometry": { "type": "Point", "coordinates": [ 11.310195374269949, 51.876636632524054 ] } },
{ "type": "Feature", "properties": { "Easting (m)": 5749400, "Northing (m)": 4452700, "Class1": 0.09261, "Class2": 0.10568, "Class3": 0.51767, "Class4": 0.1014, "Class5": 0.08991, "Class6": 0.09274 }, "geometry": { "type": "Point", "coordinates": [ 11.311647348021982, 51.876645123517292 ] } },
{ "type": "Feature", "properties": { "Easting (m)": 5749400, "Northing (m)": 4452800, "Class1": 0.08757, "Class2": 0.09275, "Class3": 0.56032, "Class4": 0.0927, "Class5": 0.07879, "Class6": 0.08788 }, "geometry": { "type": "Point", "coordinates": [ 11.313099322488915, 51.876653596592135 ] } },
{ "type": "Feature", "properties": { "Easting (m)": 5749400, "Northing (m)": 4452900, "Class1": 0.08684, "Class2": 0.08761, "Class3": 0.57503, "Class4": 0.08853, "Class5": 0.07466, "Class6": 0.08732 }, "geometry": { "type": "Point", "coordinates": [ 11.314551297669237, 51.876662051748546 ] } },
{ "type": "Feature", "properties": { "Easting (m)": 5749400, "Northing (m)": 4453000, "Class1": 0.08236, "Class2": 0.08226, "Class3": 0.59911, "Class4": 0.08419, "Class5": 0.06967, "Class6": 0.08241 }, "geometry": { "type": "Point", "coordinates": [ 11.31600327356144, 51.876670488986512 ] } },
{ "type": "Feature", "properties": { "Easting (m)": 5749400, "Northing (m)": 4453100, "Class1": 0.08146, "Class2": 0.08252, "Class3": 0.59951, "Class4": 0.08728, "Class5": 0.06888, "Class6": 0.08035 }, "geometry": { "type": "Point", "coordinates": [ 11.317455250164013, 51.876678908306012 ] } },
{ "type": "Feature", "properties": { "Easting (m)": 5749400, "Northing (m)": 4453200, "Class1": 0.07687, "Class2": 0.07842, "Class3": 0.62218, "Class4": 0.08144, "Class5": 0.0658, "Class6": 0.07529 }, "geometry": { "type": "Point", "coordinates": [ 11.318907227475446, 51.876687309707044 ] } },
{ "type": "Feature", "properties": { "Easting (m)": 5749400, "Northing (m)": 4453300, "Class1": 0.07208, "Class2": 0.0722, "Class3": 0.6497, "Class4": 0.07411, "Class5": 0.06098, "Class6": 0.07093 }, "geometry": { "type": "Point", "coordinates": [ 11.320359205494229, 51.876695693189561 ] } },
{ "type": "Feature", "properties": { "Easting (m)": 5749400, "Northing (m)": 4453400, "Class1": 0.07566, "Class2": 0.07484, "Class3": 0.63356, "Class4": 0.07815, "Class5": 0.06316, "Class6": 0.07462 }, "geometry": { "type": "Point", "coordinates": [ 11.321811184218852, 51.876704058753553 ] } },
{ "type": "Feature", "properties": { "Easting (m)": 5749400, "Northing (m)": 4453500, "Class1": 0.07959, "Class2": 0.07867, "Class3": 0.61371, "Class4": 0.08314, "Class5": 0.06632, "Class6": 0.07858 }, "geometry": { "type": "Point", "coordinates": [ 11.323263163647804, 51.876712406399001 ] } },
{ "type": "Feature", "properties": { "Easting (m)": 5749400, "Northing (m)": 4453600, "Class1": 0.07882, "Class2": 0.07863, "Class3": 0.61582, "Class4": 0.08266, "Class5": 0.06629, "Class6": 0.07779 }, "geometry": { "type": "Point", "coordinates": [ 11.324715143779574, 51.876720736125897 ] } },
{ "type": "Feature", "properties": { "Easting (m)": 5749400, "Northing (m)": 4453700, "Class1": 0.07069, "Class2": 0.07145, "Class3": 0.65586, "Class4": 0.07091, "Class5": 0.06113, "Class6": 0.06995 }, "geometry": { "type": "Point", "coordinates": [ 11.326167124612654, 51.876729047934198 ] } },
{ "type": "Feature", "properties": { "Easting (m)": 5749400, "Northing (m)": 4453800, "Class1": 0.07421, "Class2": 0.07807, "Class3": 0.63223, "Class4": 0.07462, "Class5": 0.06742, "Class6": 0.07345 }, "geometry": { "type": "Point", "coordinates": [ 11.327619106145534, 51.876737341823898 ] } },
{ "type": "Feature", "properties": { "Easting (m)": 5749400, "Northing (m)": 4453900, "Class1": 0.07835, "Class2": 0.08479, "Class3": 0.60666, "Class4": 0.07908, "Class5": 0.07368, "Class6": 0.07745 }, "geometry": { "type": "Point", "coordinates": [ 11.329071088376701, 51.876745617794988 ] } },
{ "type": "Feature", "properties": { "Easting (m)": 5749400, "Northing (m)": 4454000, "Class1": 0.0816, "Class2": 0.09154, "Class3": 0.57915, "Class4": 0.08979, "Class5": 0.07775, "Class6": 0.08017 }, "geometry": { "type": "Point", "coordinates": [ 11.330523071304645, 51.87675387584742 ] } },
{ "type": "Feature", "properties": { "Easting (m)": 5749400, "Northing (m)": 4454100, "Class1": 0.08758, "Class2": 0.09492, "Class3": 0.5542, "Class4": 0.09537, "Class5": 0.08028, "Class6": 0.08765 }, "geometry": { "type": "Point", "coordinates": [ 11.331975054899182, 51.876762115992122 ] } },
{ "type": "Feature", "properties": { "Easting (m)": 5749400, "Northing (m)": 4454200, "Class1": 0.08461, "Class2": 0.08823, "Class3": 0.57798, "Class4": 0.09012, "Class5": 0.0745, "Class6": 0.08455 }, "geometry": { "type": "Point", "coordinates": [ 11.333427038448697, 51.876770338499533 ] } },
{ "type": "Feature", "properties": { "Easting (m)": 5749400, "Northing (m)": 4454300, "Class1": 0.08609, "Class2": 0.0893, "Class3": 0.56977, "Class4": 0.09477, "Class5": 0.07474, "Class6": 0.08534 }, "geometry": { "type": "Point", "coordinates": [ 11.334879022690528, 51.876778543088335 ] } },
{ "type": "Feature", "properties": { "Easting (m)": 5749400, "Northing (m)": 4454400, "Class1": 0.08497, "Class2": 0.08652, "Class3": 0.57977, "Class4": 0.09221, "Class5": 0.0724, "Class6": 0.08414 }, "geometry": { "type": "Point", "coordinates": [ 11.336331007623162, 51.876786729758535 ] } },
{ "type": "Feature", "properties": { "Easting (m)": 5749400, "Northing (m)": 4454500, "Class1": 0.09074, "Class2": 0.09199, "Class3": 0.55061, "Class4": 0.10068, "Class5": 0.07678, "Class6": 0.0892 }, "geometry": { "type": "Point", "coordinates": [ 11.337782993245087, 51.876794898510084 ] } },
{ "type": "Feature", "properties": { "Easting (m)": 5749400, "Northing (m)": 4454600, "Class1": 0.08954, "Class2": 0.0933, "Class3": 0.5508, "Class4": 0.1009, "Class5": 0.07773, "Class6": 0.08773 }, "geometry": { "type": "Point", "coordinates": [ 11.339234979554801, 51.876803049343003 ] } },
{ "type": "Feature", "properties": { "Easting (m)": 5749400, "Northing (m)": 4454700, "Class1": 0.08793, "Class2": 0.09573, "Class3": 0.5505, "Class4": 0.10018, "Class5": 0.07985, "Class6": 0.0858 }, "geometry": { "type": "Point", "coordinates": [ 11.340686966550782, 51.876811182257242 ] } },
{ "type": "Feature", "properties": { "Easting (m)": 5749400, "Northing (m)": 4454800, "Class1": 0.09259, "Class2": 0.10732, "Class3": 0.51346, "Class4": 0.10642, "Class5": 0.09029, "Class6": 0.08992 }, "geometry": { "type": "Point", "coordinates": [ 11.34213895423153, 51.876819297252787 ] } },
{ "type": "Feature", "properties": { "Easting (m)": 5749300, "Northing (m)": 4450600, "Class1": 0.02485, "Class2": 0.03225, "Class3": 0.02652, "Class4": 0.78208, "Class5": 0.11024, "Class6": 0.02406 }, "geometry": { "type": "Point", "coordinates": [ 11.281170365522955, 51.875564366787458 ] } },
{ "type": "Feature", "properties": { "Easting (m)": 5749300, "Northing (m)": 4450700, "Class1": 0.01227, "Class2": 0.01592, "Class3": 0.01323, "Class4": 0.88014, "Class5": 0.06648, "Class6": 0.01197 }, "geometry": { "type": "Point", "coordinates": [ 11.282622295718273, 51.875573215865082 ] } },
{ "type": "Feature", "properties": { "Easting (m)": 5749300, "Northing (m)": 4450800, "Class1": 0.0127, "Class2": 0.01631, "Class3": 0.01378, "Class4": 0.8709, "Class5": 0.07385, "Class6": 0.01246 }, "geometry": { "type": "Point", "coordinates": [ 11.284074226658639, 51.875582047025269 ] } },
{ "type": "Feature", "properties": { "Easting (m)": 5749300, "Northing (m)": 4450900, "Class1": 0.00874, "Class2": 0.01097, "Class3": 0.00949, "Class4": 0.91616, "Class5": 0.04607, "Class6": 0.00856 }, "geometry": { "type": "Point", "coordinates": [ 11.285526158342547, 51.875590860268019 ] } },
{ "type": "Feature", "properties": { "Easting (m)": 5749300, "Northing (m)": 4451000, "Class1": 0.00933, "Class2": 0.01136, "Class3": 0.01013, "Class4": 0.91825, "Class5": 0.04182, "Class6": 0.00912 }, "geometry": { "type": "Point", "coordinates": [ 11.286978090768487, 51.875599655593327 ] } },
{ "type": "Feature", "properties": { "Easting (m)": 5749300, "Northing (m)": 4451100, "Class1": 0.01334, "Class2": 0.01589, "Class3": 0.01451, "Class4": 0.88877, "Class5": 0.05445, "Class6": 0.01303 }, "geometry": { "type": "Point", "coordinates": [ 11.288430023934948, 51.875608433001155 ] } },
{ "type": "Feature", "properties": { "Easting (m)": 5749300, "Northing (m)": 4451200, "Class1": 0.01416, "Class2": 0.01675, "Class3": 0.01543, "Class4": 0.88248, "Class5": 0.05734, "Class6": 0.01385 }, "geometry": { "type": "Point", "coordinates": [ 11.289881957840421, 51.875617192491468 ] } },
{ "type": "Feature", "properties": { "Easting (m)": 5749300, "Northing (m)": 4451300, "Class1": 0.0137, "Class2": 0.01621, "Class3": 0.01494, "Class4": 0.88539, "Class5": 0.05635, "Class6": 0.01341 }, "geometry": { "type": "Point", "coordinates": [ 11.291333892483394, 51.87562593406426 ] } },
{ "type": "Feature", "properties": { "Easting (m)": 5749300, "Northing (m)": 4451400, "Class1": 0.01587, "Class2": 0.01865, "Class3": 0.01728, "Class4": 0.87046, "Class5": 0.06224, "Class6": 0.01551 }, "geometry": { "type": "Point", "coordinates": [ 11.29278582786236, 51.87563465771953 ] } },
{ "type": "Feature", "properties": { "Easting (m)": 5749300, "Northing (m)": 4451500, "Class1": 0.01929, "Class2": 0.0225, "Class3": 0.02097, "Class4": 0.84569, "Class5": 0.07273, "Class6": 0.01882 }, "geometry": { "type": "Point", "coordinates": [ 11.294237763975808, 51.875643363457222 ] } },
{ "type": "Feature", "properties": { "Easting (m)": 5749300, "Northing (m)": 4451600, "Class1": 0.0174, "Class2": 0.02047, "Class3": 0.0189, "Class4": 0.85814, "Class5": 0.06812, "Class6": 0.01697 }, "geometry": { "type": "Point", "coordinates": [ 11.295689700822225, 51.875652051277328 ] } },
{ "type": "Feature", "properties": { "Easting (m)": 5749300, "Northing (m)": 4451700, "Class1": 0.01164, "Class2": 0.01399, "Class3": 0.01264, "Class4": 0.90128, "Class5": 0.04909, "Class6": 0.01136 }, "geometry": { "type": "Point", "coordinates": [ 11.297141638400102, 51.875660721179841 ] } },
{ "type": "Feature", "properties": { "Easting (m)": 5749300, "Northing (m)": 4451800, "Class1": 0.01276, "Class2": 0.01534, "Class3": 0.01383, "Class4": 0.89285, "Class5": 0.05277, "Class6": 0.01245 }, "geometry": { "type": "Point", "coordinates": [ 11.298593576707933, 51.875669373164719 ] } },
{ "type": "Feature", "properties": { "Easting (m)": 5749300, "Northing (m)": 4451900, "Class1": 0.01882, "Class2": 0.02285, "Class3": 0.02027, "Class4": 0.84613, "Class5": 0.07365, "Class6": 0.01828 }, "geometry": { "type": "Point", "coordinates": [ 11.300045515744204, 51.875678007231961 ] } },
{ "type": "Feature", "properties": { "Easting (m)": 5749300, "Northing (m)": 4452000, "Class1": 0.04054, "Class2": 0.0539, "Class3": 0.04382, "Class4": 0.54498, "Class5": 0.27664, "Class6": 0.04011 }, "geometry": { "type": "Point", "coordinates": [ 11.301497455507407, 51.875686623381533 ] } },
{ "type": "Feature", "properties": { "Easting (m)": 5749300, "Northing (m)": 4452100, "Class1": 0.05041, "Class2": 0.06511, "Class3": 0.05481, "Class4": 0.44557, "Class5": 0.33378, "Class6": 0.05031 }, "geometry": { "type": "Point", "coordinates": [ 11.302949395996031, 51.875695221613412 ] } },
{ "type": "Feature", "properties": { "Easting (m)": 5749300, "Northing (m)": 4452200, "Class1": 0.05115, "Class2": 0.06544, "Class3": 0.05563, "Class4": 0.44338, "Class5": 0.33332, "Class6": 0.05108 }, "geometry": { "type": "Point", "coordinates": [ 11.304401337208565, 51.875703801927592 ] } },
{ "type": "Feature", "properties": { "Easting (m)": 5749300, "Northing (m)": 4452300, "Class1": 0.05139, "Class2": 0.06509, "Class3": 0.05593, "Class4": 0.4354, "Class5": 0.34082, "Class6": 0.05137 }, "geometry": { "type": "Point", "coordinates": [ 11.305853279143504, 51.875712364324045 ] } },
{ "type": "Feature", "properties": { "Easting (m)": 5749300, "Northing (m)": 4452400, "Class1": 0.04987, "Class2": 0.06333, "Class3": 0.05418, "Class4": 0.4268, "Class5": 0.356, "Class6": 0.04982 }, "geometry": { "type": "Point", "coordinates": [ 11.30730522179933, 51.875720908802755 ] } },
{ "type": "Feature", "properties": { "Easting (m)": 5749300, "Northing (m)": 4452500, "Class1": 0.05275, "Class2": 0.06615, "Class3": 0.05723, "Class4": 0.43988, "Class5": 0.33132, "Class6": 0.05268 }, "geometry": { "type": "Point", "coordinates": [ 11.308757165174539, 51.875729435363688 ] } },
{ "type": "Feature", "properties": { "Easting (m)": 5749300, "Northing (m)": 4452600, "Class1": 0.04994, "Class2": 0.06086, "Class3": 0.05423, "Class4": 0.50583, "Class5": 0.27937, "Class6": 0.04977 }, "geometry": { "type": "Point", "coordinates": [ 11.310209109267619, 51.875737944006843 ] } },
{ "type": "Feature", "properties": { "Easting (m)": 5749300, "Northing (m)": 4452700, "Class1": 0.09088, "Class2": 0.10662, "Class3": 0.51758, "Class4": 0.1058, "Class5": 0.08921, "Class6": 0.0899 }, "geometry": { "type": "Point", "coordinates": [ 11.31166105407706, 51.875746434732186 ] } },
{ "type": "Feature", "properties": { "Easting (m)": 5749300, "Northing (m)": 4452800, "Class1": 0.08644, "Class2": 0.09497, "Class3": 0.55675, "Class4": 0.09577, "Class5": 0.07991, "Class6": 0.08616 }, "geometry": { "type": "Point", "coordinates": [ 11.313112999601353, 51.875754907539687 ] } },
{ "type": "Feature", "properties": { "Easting (m)": 5749300, "Northing (m)": 4452900, "Class1": 0.08609, "Class2": 0.08882, "Class3": 0.57284, "Class4": 0.09075, "Class5": 0.07524, "Class6": 0.08625 }, "geometry": { "type": "Point", "coordinates": [ 11.314564945838988, 51.875763362429353 ] } },
{ "type": "Feature", "properties": { "Easting (m)": 5749300, "Northing (m)": 4453000, "Class1": 0.08655, "Class2": 0.08549, "Class3": 0.57926, "Class4": 0.0898, "Class5": 0.07235, "Class6": 0.08656 }, "geometry": { "type": "Point", "coordinates": [ 11.316016892788452, 51.875771799401157 ] } },
{ "type": "Feature", "properties": { "Easting (m)": 5749300, "Northing (m)": 4453100, "Class1": 0.08986, "Class2": 0.0859, "Class3": 0.56929, "Class4": 0.09288, "Class5": 0.07257, "Class6": 0.0895 }, "geometry": { "type": "Point", "coordinates": [ 11.317468840448237, 51.875780218455063 ] } },
{ "type": "Feature", "properties": { "Easting (m)": 5749300, "Northing (m)": 4453200, "Class1": 0.09012, "Class2": 0.08469, "Class3": 0.57186, "Class4": 0.09219, "Class5": 0.07168, "Class6": 0.08947 }, "geometry": { "type": "Point", "coordinates": [ 11.318920788816834, 51.875788619591063 ] } },
{ "type": "Feature", "properties": { "Easting (m)": 5749300, "Northing (m)": 4453300, "Class1": 0.08595, "Class2": 0.08185, "Class3": 0.58983, "Class4": 0.08741, "Class5": 0.06951, "Class6": 0.08545 }, "geometry": { "type": "Point", "coordinates": [ 11.320372737892731, 51.875797002809129 ] } },
{ "type": "Feature", "properties": { "Easting (m)": 5749300, "Northing (m)": 4453400, "Class1": 0.08694, "Class2": 0.08383, "Class3": 0.58193, "Class4": 0.09001, "Class5": 0.07098, "Class6": 0.08631 }, "geometry": { "type": "Point", "coordinates": [ 11.321824687674418, 51.875805368109248 ] } },
{ "type": "Feature", "properties": { "Easting (m)": 5749300, "Northing (m)": 4453500, "Class1": 0.087, "Class2": 0.08538, "Class3": 0.57752, "Class4": 0.09181, "Class5": 0.07208, "Class6": 0.08621 }, "geometry": { "type": "Point", "coordinates": [ 11.323276638160387, 51.875813715491411 ] } },
{ "type": "Feature", "properties": { "Easting (m)": 5749300, "Northing (m)": 4453600, "Class1": 0.08694, "Class2": 0.0859, "Class3": 0.57627, "Class4": 0.09229, "Class5": 0.07247, "Class6": 0.08613 }, "geometry": { "type": "Point", "coordinates": [ 11.324728589349125, 51.875822044955576 ] } },
{ "type": "Feature", "properties": { "Easting (m)": 5749300, "Northing (m)": 4453700, "Class1": 0.08401, "Class2": 0.08447, "Class3": 0.58749, "Class4": 0.08963, "Class5": 0.07126, "Class6": 0.08313 }, "geometry": { "type": "Point", "coordinates": [ 11.326180541239124, 51.875830356501744 ] } },
{ "type": "Feature", "properties": { "Easting (m)": 5749300, "Northing (m)": 4453800, "Class1": 0.07993, "Class2": 0.08457, "Class3": 0.5985, "Class4": 0.08702, "Class5": 0.07128, "Class6": 0.0787 }, "geometry": { "type": "Point", "coordinates": [ 11.327632493828874, 51.875838650129879 ] } },
{ "type": "Feature", "properties": { "Easting (m)": 5749300, "Northing (m)": 4453900, "Class1": 0.0777, "Class2": 0.08503, "Class3": 0.6066, "Class4": 0.08098, "Class5": 0.07311, "Class6": 0.07658 }, "geometry": { "type": "Point", "coordinates": [ 11.329084447116866, 51.875846925839959 ] } },
{ "type": "Feature", "properties": { "Easting (m)": 5749300, "Northing (m)": 4454000, "Class1": 0.08013, "Class2": 0.08874, "Class3": 0.59209, "Class4": 0.08325, "Class5": 0.07673, "Class6": 0.07906 }, "geometry": { "type": "Point", "coordinates": [ 11.330536401101584, 51.87585518363197 ] } },
{ "type": "Feature", "properties": { "Easting (m)": 5749300, "Northing (m)": 4454100, "Class1": 0.08861, "Class2": 0.09988, "Class3": 0.53757, "Class4": 0.1026, "Class5": 0.08348, "Class6": 0.08787 }, "geometry": { "type": "Point", "coordinates": [ 11.331988355745652, 51.875863423519228 ] } },
{ "type": "Feature", "properties": { "Easting (m)": 5749300, "Northing (m)": 4454200, "Class1": 0.08588, "Class2": 0.09061, "Class3": 0.56821, "Class4": 0.0932, "Class5": 0.07636, "Class6": 0.08574 }, "geometry": { "type": "Point", "coordinates": [ 11.333440310348163, 51.875871645761499 ] } },
{ "type": "Feature", "properties": { "Easting (m)": 5749300, "Northing (m)": 4454300, "Class1": 0.08806, "Class2": 0.0916, "Class3": 0.55852, "Class4": 0.09791, "Class5": 0.07665, "Class6": 0.08727 }, "geometry": { "type": "Point", "coordinates": [ 11.334892265642941, 51.875879850085745 ] } },
{ "type": "Feature", "properties": { "Easting (m)": 5749300, "Northing (m)": 4454400, "Class1": 0.0892, "Class2": 0.09127, "Class3": 0.55627, "Class4": 0.09844, "Class5": 0.07643, "Class6": 0.08838 }, "geometry": { "type": "Point", "coordinates": [ 11.336344221628476, 51.875888036491958 ] } },
{ "type": "Feature", "properties": { "Easting (m)": 5749300, "Northing (m)": 4454500, "Class1": 0.09445, "Class2": 0.09469, "Class3": 0.53367, "Class4": 0.10458, "Class5": 0.0793, "Class6": 0.09331 }, "geometry": { "type": "Point", "coordinates": [ 11.337796178303257, 51.875896204980101 ] } },
{ "type": "Feature", "properties": { "Easting (m)": 5749300, "Northing (m)": 4454600, "Class1": 0.09296, "Class2": 0.09381, "Class3": 0.5398, "Class4": 0.10314, "Class5": 0.07848, "Class6": 0.0918 }, "geometry": { "type": "Point", "coordinates": [ 11.339248135665775, 51.875904355550176 ] } },
{ "type": "Feature", "properties": { "Easting (m)": 5749300, "Northing (m)": 4454700, "Class1": 0.08866, "Class2": 0.0929, "Class3": 0.55367, "Class4": 0.09994, "Class5": 0.07741, "Class6": 0.08742 }, "geometry": { "type": "Point", "coordinates": [ 11.340700093714517, 51.875912488202147 ] } },
{ "type": "Feature", "properties": { "Easting (m)": 5749300, "Northing (m)": 4454800, "Class1": 0.0914, "Class2": 0.10459, "Class3": 0.5198, "Class4": 0.10771, "Class5": 0.08682, "Class6": 0.08968 }, "geometry": { "type": "Point", "coordinates": [ 11.342152052447975, 51.875920602936006 ] } },
{ "type": "Feature", "properties": { "Easting (m)": 5749300, "Northing (m)": 4454900, "Class1": 0.10303, "Class2": 0.1325, "Class3": 0.43205, "Class4": 0.11592, "Class5": 0.1143, "Class6": 0.10219 }, "geometry": { "type": "Point", "coordinates": [ 11.343604011864636, 51.875928699751725 ] } },
{ "type": "Feature", "properties": { "Easting (m)": 5749200, "Northing (m)": 4450500, "Class1": 0.04148, "Class2": 0.05826, "Class3": 0.04415, "Class4": 0.26906, "Class5": 0.54654, "Class6": 0.04051 }, "geometry": { "type": "Point", "coordinates": [ 11.279732778106812, 51.874656816893506 ] } },
{ "type": "Feature", "properties": { "Easting (m)": 5749200, "Northing (m)": 4450600, "Class1": 0.03431, "Class2": 0.04556, "Class3": 0.03665, "Class4": 0.62795, "Class5": 0.22231, "Class6": 0.03322 }, "geometry": { "type": "Point", "coordinates": [ 11.281184678615549, 51.874665683608548 ] } },
{ "type": "Feature", "properties": { "Easting (m)": 5749200, "Northing (m)": 4450700, "Class1": 0.01997, "Class2": 0.02601, "Class3": 0.02138, "Class4": 0.81858, "Class5": 0.09468, "Class6": 0.01938 }, "geometry": { "type": "Point", "coordinates": [ 11.282636579870797, 51.874674532406786 ] } },
{ "type": "Feature", "properties": { "Easting (m)": 5749200, "Northing (m)": 4450800, "Class1": 0.01344, "Class2": 0.01753, "Class3": 0.01452, "Class4": 0.86334, "Class5": 0.07803, "Class6": 0.01314 }, "geometry": { "type": "Point", "coordinates": [ 11.284088481871043, 51.874683363288163 ] } },
{ "type": "Feature", "properties": { "Easting (m)": 5749200, "Northing (m)": 4450900, "Class1": 0.00935, "Class2": 0.0117, "Class3": 0.01012, "Class4": 0.9158, "Class5": 0.04391, "Class6": 0.00912 }, "geometry": { "type": "Point", "coordinates": [ 11.285540384614778, 51.874692176252687 ] } },
{ "type": "Feature", "properties": { "Easting (m)": 5749200, "Northing (m)": 4451000, "Class1": 0.01412, "Class2": 0.01708, "Class3": 0.0153, "Class4": 0.8824, "Class5": 0.05734, "Class6": 0.01376 }, "geometry": { "type": "Point", "coordinates": [ 11.286992288100494, 51.874700971300328 ] } },
{ "type": "Feature", "properties": { "Easting (m)": 5749200, "Northing (m)": 4451100, "Class1": 0.01484, "Class2": 0.0178, "Class3": 0.01612, "Class4": 0.87759, "Class5": 0.05916, "Class6": 0.01448 }, "geometry": { "type": "Point", "coordinates": [ 11.288444192326679, 51.874709748431052 ] } },
{ "type": "Feature", "properties": { "Easting (m)": 5749200, "Northing (m)": 4451200, "Class1": 0.01164, "Class2": 0.01405, "Class3": 0.01266, "Class4": 0.90116, "Class5": 0.04912, "Class6": 0.01137 }, "geometry": { "type": "Point", "coordinates": [ 11.289896097291825, 51.874718507644872 ] } },
{ "type": "Feature", "properties": { "Easting (m)": 5749200, "Northing (m)": 4451300, "Class1": 0.00986, "Class2": 0.01196, "Class3": 0.01073, "Class4": 0.91425, "Class5": 0.04357, "Class6": 0.00964 }, "geometry": { "type": "Point", "coordinates": [ 11.29134800299442, 51.874727248941731 ] } },
{ "type": "Feature", "properties": { "Easting (m)": 5749200, "Northing (m)": 4451400, "Class1": 0.01395, "Class2": 0.01668, "Class3": 0.01516, "Class4": 0.88429, "Class5": 0.0563, "Class6": 0.01362 }, "geometry": { "type": "Point", "coordinates": [ 11.292799909432956, 51.874735972321631 ] } },
{ "type": "Feature", "properties": { "Easting (m)": 5749200, "Northing (m)": 4451500, "Class1": 0.01863, "Class2": 0.02202, "Class3": 0.02023, "Class4": 0.85046, "Class5": 0.0705, "Class6": 0.01816 }, "geometry": { "type": "Point", "coordinates": [ 11.294251816605925, 51.874744677784534 ] } },
{ "type": "Feature", "properties": { "Easting (m)": 5749200, "Northing (m)": 4451600, "Class1": 0.01645, "Class2": 0.01969, "Class3": 0.01784, "Class4": 0.86591, "Class5": 0.0641, "Class6": 0.01603 }, "geometry": { "type": "Point", "coordinates": [ 11.295703724511812, 51.874753365330434 ] } },
{ "type": "Feature", "properties": { "Easting (m)": 5749200, "Northing (m)": 4451700, "Class1": 0.00805, "Class2": 0.00996, "Class3": 0.00873, "Class4": 0.9269, "Class5": 0.03849, "Class6": 0.00787 }, "geometry": { "type": "Point", "coordinates": [ 11.29715563314911, 51.874762034959311 ] } },
{ "type": "Feature", "properties": { "Easting (m)": 5749200, "Northing (m)": 4451800, "Class1": 0.00919, "Class2": 0.01164, "Class3": 0.00994, "Class4": 0.91249, "Class5": 0.04776, "Class6": 0.00898 }, "geometry": { "type": "Point", "coordinates": [ 11.298607542516311, 51.874770686671134 ] } },
{ "type": "Feature", "properties": { "Easting (m)": 5749200, "Northing (m)": 4451900, "Class1": 0.04023, "Class2": 0.05423, "Class3": 0.04338, "Class4": 0.54335, "Class5": 0.27908, "Class6": 0.03974 }, "geometry": { "type": "Point", "coordinates": [ 11.300059452611899, 51.874779320465876 ] } },
{ "type": "Feature", "properties": { "Easting (m)": 5749200, "Northing (m)": 4452000, "Class1": 0.04523, "Class2": 0.05992, "Class3": 0.04916, "Class4": 0.41843, "Class5": 0.38215, "Class6": 0.04511 }, "geometry": { "type": "Point", "coordinates": [ 11.301511363434372, 51.874787936343544 ] } },
{ "type": "Feature", "properties": { "Easting (m)": 5749200, "Northing (m)": 4452100, "Class1": 0.04733, "Class2": 0.0618, "Class3": 0.05146, "Class4": 0.42828, "Class5": 0.36389, "Class6": 0.04724 }, "geometry": { "type": "Point", "coordinates": [ 11.302963274982213, 51.874796534304082 ] } },
{ "type": "Feature", "properties": { "Easting (m)": 5749200, "Northing (m)": 4452200, "Class1": 0.05145, "Class2": 0.06581, "Class3": 0.05593, "Class4": 0.44572, "Class5": 0.32972, "Class6": 0.05137 }, "geometry": { "type": "Point", "coordinates": [ 11.304415187253918, 51.874805114347517 ] } },
{ "type": "Feature", "properties": { "Easting (m)": 5749200, "Northing (m)": 4452300, "Class1": 0.05249, "Class2": 0.06609, "Class3": 0.05704, "Class4": 0.46476, "Class5": 0.30723, "Class6": 0.05238 }, "geometry": { "type": "Point", "coordinates": [ 11.305867100247971, 51.874813676473778 ] } },
{ "type": "Feature", "properties": { "Easting (m)": 5749200, "Northing (m)": 4452400, "Class1": 0.04342, "Class2": 0.05443, "Class3": 0.04712, "Class4": 0.54793, "Class5": 0.26398, "Class6": 0.04313 }, "geometry": { "type": "Point", "coordinates": [ 11.307319013962866, 51.874822220682873 ] } },
{ "type": "Feature", "properties": { "Easting (m)": 5749200, "Northing (m)": 4452500, "Class1": 0.09521, "Class2": 0.11615, "Class3": 0.48427, "Class4": 0.11236, "Class5": 0.09766, "Class6": 0.09435 }, "geometry": { "type": "Point", "coordinates": [ 11.308770928397095, 51.874830746974773 ] } },
{ "type": "Feature", "properties": { "Easting (m)": 5749200, "Northing (m)": 4452600, "Class1": 0.09175, "Class2": 0.1086, "Class3": 0.50977, "Class4": 0.10851, "Class5": 0.0907, "Class6": 0.09067 }, "geometry": { "type": "Point", "coordinates": [ 11.310222843549143, 51.874839255349457 ] } },
{ "type": "Feature", "properties": { "Easting (m)": 5749200, "Northing (m)": 4452700, "Class1": 0.09167, "Class2": 0.10629, "Class3": 0.51404, "Class4": 0.10948, "Class5": 0.08831, "Class6": 0.09021 }, "geometry": { "type": "Point", "coordinates": [ 11.311674759417505, 51.874847745806903 ] } },
{ "type": "Feature", "properties": { "Easting (m)": 5749200, "Northing (m)": 4452800, "Class1": 0.08821, "Class2": 0.10009, "Class3": 0.53889, "Class4": 0.10194, "Class5": 0.08357, "Class6": 0.08731 }, "geometry": { "type": "Point", "coordinates": [ 11.313126676000667, 51.874856218347119 ] } },
{ "type": "Feature", "properties": { "Easting (m)": 5749200, "Northing (m)": 4452900, "Class1": 0.08571, "Class2": 0.09168, "Class3": 0.56542, "Class4": 0.09516, "Class5": 0.07685, "Class6": 0.08518 }, "geometry": { "type": "Point", "coordinates": [ 11.314578593297121, 51.874864672970055 ] } },
{ "type": "Feature", "properties": { "Easting (m)": 5749200, "Northing (m)": 4453000, "Class1": 0.08838, "Class2": 0.08972, "Class3": 0.56268, "Class4": 0.09591, "Class5": 0.07541, "Class6": 0.08789 }, "geometry": { "type": "Point", "coordinates": [ 11.316030511305357, 51.874873109675676 ] } },
{ "type": "Feature", "properties": { "Easting (m)": 5749200, "Northing (m)": 4453100, "Class1": 0.09297, "Class2": 0.09132, "Class3": 0.54673, "Class4": 0.09964, "Class5": 0.07693, "Class6": 0.09241 }, "geometry": { "type": "Point", "coordinates": [ 11.317482430023864, 51.874881528463995 ] } },
{ "type": "Feature", "properties": { "Easting (m)": 5749200, "Northing (m)": 4453200, "Class1": 0.09356, "Class2": 0.09077, "Class3": 0.54681, "Class4": 0.09929, "Class5": 0.07668, "Class6": 0.09289 }, "geometry": { "type": "Point", "coordinates": [ 11.318934349451135, 51.874889929334991 ] } },
{ "type": "Feature", "properties": { "Easting (m)": 5749200, "Northing (m)": 4453300, "Class1": 0.0884, "Class2": 0.08666, "Class3": 0.57081, "Class4": 0.09296, "Class5": 0.07338, "Class6": 0.0878 }, "geometry": { "type": "Point", "coordinates": [ 11.320386269585654, 51.874898312288622 ] } },
{ "type": "Feature", "properties": { "Easting (m)": 5749200, "Northing (m)": 4453400, "Class1": 0.09091, "Class2": 0.09061, "Class3": 0.5537, "Class4": 0.09836, "Class5": 0.07634, "Class6": 0.09008 }, "geometry": { "type": "Point", "coordinates": [ 11.321838190425916, 51.87490667732488 ] } },
{ "type": "Feature", "properties": { "Easting (m)": 5749200, "Northing (m)": 4453500, "Class1": 0.09073, "Class2": 0.09149, "Class3": 0.55175, "Class4": 0.09945, "Class5": 0.07686, "Class6": 0.08972 }, "geometry": { "type": "Point", "coordinates": [ 11.323290111970413, 51.874915024443759 ] } },
{ "type": "Feature", "properties": { "Easting (m)": 5749200, "Northing (m)": 4453600, "Class1": 0.08695, "Class2": 0.08921, "Class3": 0.56756, "Class4": 0.09539, "Class5": 0.075, "Class6": 0.0859 }, "geometry": { "type": "Point", "coordinates": [ 11.324742034217632, 51.874923353645215 ] } },
{ "type": "Feature", "properties": { "Easting (m)": 5749200, "Northing (m)": 4453700, "Class1": 0.0952, "Class2": 0.10054, "Class3": 0.51635, "Class4": 0.11052, "Class5": 0.08378, "Class6": 0.09361 }, "geometry": { "type": "Point", "coordinates": [ 11.326193957166058, 51.874931664929228 ] } },
{ "type": "Feature", "properties": { "Easting (m)": 5749200, "Northing (m)": 4453800, "Class1": 0.09341, "Class2": 0.1012, "Class3": 0.52024, "Class4": 0.10951, "Class5": 0.08416, "Class6": 0.09148 }, "geometry": { "type": "Point", "coordinates": [ 11.32764588081419, 51.874939958295798 ] } },
{ "type": "Feature", "properties": { "Easting (m)": 5749200, "Northing (m)": 4453900, "Class1": 0.08001, "Class2": 0.08796, "Class3": 0.59128, "Class4": 0.08752, "Class5": 0.07453, "Class6": 0.0787 }, "geometry": { "type": "Point", "coordinates": [ 11.329097805160513, 51.874948233744895 ] } },
{ "type": "Feature", "properties": { "Easting (m)": 5749200, "Northing (m)": 4454000, "Class1": 0.08194, "Class2": 0.09259, "Class3": 0.57751, "Class4": 0.08779, "Class5": 0.07954, "Class6": 0.08063 }, "geometry": { "type": "Point", "coordinates": [ 11.330549730203519, 51.874956491276521 ] } },
{ "type": "Feature", "properties": { "Easting (m)": 5749200, "Northing (m)": 4454100, "Class1": 0.09643, "Class2": 0.11028, "Class3": 0.4901, "Class4": 0.11746, "Class5": 0.09162, "Class6": 0.09411 }, "geometry": { "type": "Point", "coordinates": [ 11.332001655898559, 51.874964730906221 ] } },
{ "type": "Feature", "properties": { "Easting (m)": 5749200, "Northing (m)": 4454200, "Class1": 0.0882, "Class2": 0.0952, "Class3": 0.54939, "Class4": 0.0999, "Class5": 0.07971, "Class6": 0.0876 }, "geometry": { "type": "Point", "coordinates": [ 11.333453581555576, 51.874972952883361 ] } },
{ "type": "Feature", "properties": { "Easting (m)": 5749200, "Northing (m)": 4454300, "Class1": 0.08906, "Class2": 0.09313, "Class3": 0.55196, "Class4": 0.09944, "Class5": 0.07802, "Class6": 0.08839 }, "geometry": { "type": "Point", "coordinates": [ 11.334905507904814, 51.874981156943051 ] } },
{ "type": "Feature", "properties": { "Easting (m)": 5749200, "Northing (m)": 4454400, "Class1": 0.0461, "Class2": 0.0482, "Class3": 0.05058, "Class4": 0.66919, "Class5": 0.14041, "Class6": 0.04552 }, "geometry": { "type": "Point", "coordinates": [ 11.336357434944759, 51.874989343085282 ] } },
{ "type": "Feature", "properties": { "Easting (m)": 5749200, "Northing (m)": 4454500, "Class1": 0.09553, "Class2": 0.09771, "Class3": 0.5228, "Class4": 0.10803, "Class5": 0.08168, "Class6": 0.09425 }, "geometry": { "type": "Point", "coordinates": [ 11.337809362673905, 51.874997511310028 ] } },
{ "type": "Feature", "properties": { "Easting (m)": 5749200, "Northing (m)": 4454600, "Class1": 0.09243, "Class2": 0.09575, "Class3": 0.53601, "Class4": 0.10432, "Class5": 0.08007, "Class6": 0.09142 }, "geometry": { "type": "Point", "coordinates": [ 11.33926129109074, 51.875005661617273 ] } },
{ "type": "Feature", "properties": { "Easting (m)": 5749200, "Northing (m)": 4454700, "Class1": 0.08554, "Class2": 0.09117, "Class3": 0.56741, "Class4": 0.09411, "Class5": 0.07659, "Class6": 0.08518 }, "geometry": { "type": "Point", "coordinates": [ 11.34071322019375, 51.875013794007003 ] } },
{ "type": "Feature", "properties": { "Easting (m)": 5749200, "Northing (m)": 4454800, "Class1": 0.08733, "Class2": 0.09713, "Class3": 0.55092, "Class4": 0.09551, "Class5": 0.08201, "Class6": 0.08709 }, "geometry": { "type": "Point", "coordinates": [ 11.34216514998143, 51.875021908479184 ] } },
{ "type": "Feature", "properties": { "Easting (m)": 5749200, "Northing (m)": 4454900, "Class1": 0.09984, "Class2": 0.11867, "Class3": 0.47061, "Class4": 0.10959, "Class5": 0.10162, "Class6": 0.09967 }, "geometry": { "type": "Point", "coordinates": [ 11.343617080452267, 51.8750300050338 ] } },
{ "type": "Feature", "properties": { "Easting (m)": 5749200, "Northing (m)": 4455000, "Class1": 0.09657, "Class2": 0.12547, "Class3": 0.46905, "Class4": 0.10269, "Class5": 0.11015, "Class6": 0.09605 }, "geometry": { "type": "Point", "coordinates": [ 11.345069011604751, 51.875038083670844 ] } },
{ "type": "Feature", "properties": { "Easting (m)": 5749100, "Northing (m)": 4450400, "Class1": 0.01736, "Class2": 0.02414, "Class3": 0.01875, "Class4": 0.11822, "Class5": 0.80439, "Class6": 0.01715 }, "geometry": { "type": "Point", "coordinates": [ 11.278295248569359, 51.873749249502836 ] } },
{ "type": "Feature", "properties": { "Easting (m)": 5749100, "Northing (m)": 4450500, "Class1": 0.04071, "Class2": 0.05494, "Class3": 0.04373, "Class4": 0.29189, "Class5": 0.52886, "Class6": 0.03987 }, "geometry": { "type": "Point", "coordinates": [ 11.279747119391621, 51.87375813385416 ] } },
{ "type": "Feature", "properties": { "Easting (m)": 5749100, "Northing (m)": 4450600, "Class1": 0.04693, "Class2": 0.06253, "Class3": 0.05018, "Class4": 0.41518, "Class5": 0.37956, "Class6": 0.04564 }, "geometry": { "type": "Point", "coordinates": [ 11.281198990961849, 51.873767000289263 ] } },
{ "type": "Feature", "properties": { "Easting (m)": 5749100, "Northing (m)": 4450700, "Class1": 0.03369, "Class2": 0.0438, "Class3": 0.03581, "Class4": 0.71398, "Class5": 0.14019, "Class6": 0.03253 }, "geometry": { "type": "Point", "coordinates": [ 11.282650863278535, 51.873775848808116 ] } },
{ "type": "Feature", "properties": { "Easting (m)": 5749100, "Northing (m)": 4450800, "Class1": 0.01854, "Class2": 0.02431, "Class3": 0.01987, "Class4": 0.82614, "Class5": 0.09313, "Class6": 0.01801 }, "geometry": { "type": "Point", "coordinates": [ 11.28410273634017, 51.873784679410704 ] } },
{ "type": "Feature", "properties": { "Easting (m)": 5749100, "Northing (m)": 4450900, "Class1": 0.01913, "Class2": 0.02376, "Class3": 0.02059, "Class4": 0.839, "Class5": 0.07896, "Class6": 0.01856 }, "geometry": { "type": "Point", "coordinates": [ 11.285554610145242, 51.873793492096993 ] } },
{ "type": "Feature", "properties": { "Easting (m)": 5749100, "Northing (m)": 4451000, "Class1": 0.01743, "Class2": 0.02134, "Class3": 0.01883, "Class4": 0.85515, "Class5": 0.07032, "Class6": 0.01694 }, "geometry": { "type": "Point", "coordinates": [ 11.287006484692242, 51.873802286866997 ] } },
{ "type": "Feature", "properties": { "Easting (m)": 5749100, "Northing (m)": 4451100, "Class1": 0.01463, "Class2": 0.01794, "Class3": 0.01583, "Class4": 0.87715, "Class5": 0.0602, "Class6": 0.01424 }, "geometry": { "type": "Point", "coordinates": [ 11.288458359979662, 51.873811063720645 ] } },
{ "type": "Feature", "properties": { "Easting (m)": 5749100, "Northing (m)": 4451200, "Class1": 0.00832, "Class2": 0.01043, "Class3": 0.00902, "Class4": 0.924, "Class5": 0.0401, "Class6": 0.00813 }, "geometry": { "type": "Point", "coordinates": [ 11.289910236005992, 51.873819822657957 ] } },
{ "type": "Feature", "properties": { "Easting (m)": 5749100, "Northing (m)": 4451300, "Class1": 0.00848, "Class2": 0.01075, "Class3": 0.00918, "Class4": 0.91976, "Class5": 0.04354, "Class6": 0.00828 }, "geometry": { "type": "Point", "coordinates": [ 11.291362112769722, 51.873828563678899 ] } },
{ "type": "Feature", "properties": { "Easting (m)": 5749100, "Northing (m)": 4451400, "Class1": 0.0168, "Class2": 0.0206, "Class3": 0.01813, "Class4": 0.86036, "Class5": 0.06778, "Class6": 0.01633 }, "geometry": { "type": "Point", "coordinates": [ 11.292813990269339, 51.873837286783441 ] } },
{ "type": "Feature", "properties": { "Easting (m)": 5749100, "Northing (m)": 4451500, "Class1": 0.01481, "Class2": 0.01827, "Class3": 0.01598, "Class4": 0.8746, "Class5": 0.06193, "Class6": 0.0144 }, "geometry": { "type": "Point", "coordinates": [ 11.294265868503336, 51.873845991971578 ] } },
{ "type": "Feature", "properties": { "Easting (m)": 5749100, "Northing (m)": 4451600, "Class1": 0.01885, "Class2": 0.02495, "Class3": 0.02034, "Class4": 0.80031, "Class5": 0.11709, "Class6": 0.01846 }, "geometry": { "type": "Point", "coordinates": [ 11.295717747470205, 51.87385467924328 ] } },
{ "type": "Feature", "properties": { "Easting (m)": 5749100, "Northing (m)": 4451700, "Class1": 0.04353, "Class2": 0.05983, "Class3": 0.04678, "Class4": 0.50337, "Class5": 0.30351, "Class6": 0.04297 }, "geometry": { "type": "Point", "coordinates": [ 11.297169627168429, 51.873863348598519 ] } },
{ "type": "Feature", "properties": { "Easting (m)": 5749100, "Northing (m)": 4451800, "Class1": 0.04448, "Class2": 0.06137, "Class3": 0.04796, "Class4": 0.41885, "Class5": 0.38321, "Class6": 0.04413 }, "geometry": { "type": "Point", "coordinates": [ 11.298621507596511, 51.873872000037295 ] } },
{ "type": "Feature", "properties": { "Easting (m)": 5749100, "Northing (m)": 4451900, "Class1": 0.04283, "Class2": 0.0573, "Class3": 0.04659, "Class4": 0.3975, "Class5": 0.41304, "Class6": 0.04273 }, "geometry": { "type": "Point", "coordinates": [ 11.30007338875293, 51.873880633559565 ] } },
{ "type": "Feature", "properties": { "Easting (m)": 5749100, "Northing (m)": 4452000, "Class1": 0.04401, "Class2": 0.05859, "Class3": 0.04779, "Class4": 0.40824, "Class5": 0.39748, "Class6": 0.04388 }, "geometry": { "type": "Point", "coordinates": [ 11.301525270636176, 51.873889249165316 ] } },
{ "type": "Feature", "properties": { "Easting (m)": 5749100, "Northing (m)": 4452100, "Class1": 0.0504, "Class2": 0.06615, "Class3": 0.05451, "Class4": 0.45423, "Class5": 0.32456, "Class6": 0.05014 }, "geometry": { "type": "Point", "coordinates": [ 11.302977153244747, 51.873897846854547 ] } },
{ "type": "Feature", "properties": { "Easting (m)": 5749100, "Northing (m)": 4452200, "Class1": 0.04501, "Class2": 0.05734, "Class3": 0.0489, "Class4": 0.52396, "Class5": 0.28005, "Class6": 0.04475 }, "geometry": { "type": "Point", "coordinates": [ 11.30442903657713, 51.873906426627215 ] } },
{ "type": "Feature", "properties": { "Easting (m)": 5749100, "Northing (m)": 4452300, "Class1": 0.09711, "Class2": 0.12057, "Class3": 0.4688, "Class4": 0.11556, "Class5": 0.10162, "Class6": 0.09634 }, "geometry": { "type": "Point", "coordinates": [ 11.305880920631811, 51.8739149884833 ] } },
{ "type": "Feature", "properties": { "Easting (m)": 5749100, "Northing (m)": 4452400, "Class1": 0.09475, "Class2": 0.1157, "Class3": 0.48547, "Class4": 0.11342, "Class5": 0.09693, "Class6": 0.09373 }, "geometry": { "type": "Point", "coordinates": [ 11.307332805407286, 51.873923532422801 ] } },
{ "type": "Feature", "properties": { "Easting (m)": 5749100, "Northing (m)": 4452500, "Class1": 0.09423, "Class2": 0.11438, "Class3": 0.48973, "Class4": 0.11294, "Class5": 0.09564, "Class6": 0.09309 }, "geometry": { "type": "Point", "coordinates": [ 11.308784690902042, 51.873932058445675 ] } },
{ "type": "Feature", "properties": { "Easting (m)": 5749100, "Northing (m)": 4452600, "Class1": 0.09403, "Class2": 0.11239, "Class3": 0.4935, "Class4": 0.11417, "Class5": 0.09344, "Class6": 0.09249 }, "geometry": { "type": "Point", "coordinates": [ 11.310236577114571, 51.873940566551909 ] } },
{ "type": "Feature", "properties": { "Easting (m)": 5749100, "Northing (m)": 4452700, "Class1": 0.09357, "Class2": 0.10784, "Class3": 0.50405, "Class4": 0.11326, "Class5": 0.08941, "Class6": 0.09186 }, "geometry": { "type": "Point", "coordinates": [ 11.31168846404336, 51.873949056741495 ] } },
{ "type": "Feature", "properties": { "Easting (m)": 5749100, "Northing (m)": 4452800, "Class1": 0.09127, "Class2": 0.10138, "Class3": 0.52555, "Class4": 0.10772, "Class5": 0.08422, "Class6": 0.08985 }, "geometry": { "type": "Point", "coordinates": [ 11.313140351686902, 51.873957529014397 ] } },
{ "type": "Feature", "properties": { "Easting (m)": 5749100, "Northing (m)": 4452900, "Class1": 0.09136, "Class2": 0.09775, "Class3": 0.53387, "Class4": 0.10546, "Class5": 0.08144, "Class6": 0.09013 }, "geometry": { "type": "Point", "coordinates": [ 11.314592240043687, 51.873965983370589 ] } },
{ "type": "Feature", "properties": { "Easting (m)": 5749100, "Northing (m)": 4453000, "Class1": 0.09208, "Class2": 0.09615, "Class3": 0.5359, "Class4": 0.10447, "Class5": 0.08035, "Class6": 0.09104 }, "geometry": { "type": "Point", "coordinates": [ 11.316044129112205, 51.873974419810082 ] } },
{ "type": "Feature", "properties": { "Easting (m)": 5749100, "Northing (m)": 4453100, "Class1": 0.09392, "Class2": 0.09627, "Class3": 0.53077, "Class4": 0.10561, "Class5": 0.08056, "Class6": 0.09287 }, "geometry": { "type": "Point", "coordinates": [ 11.317496018890944, 51.873982838332822 ] } },
{ "type": "Feature", "properties": { "Easting (m)": 5749100, "Northing (m)": 4453200, "Class1": 0.09179, "Class2": 0.09336, "Class3": 0.54408, "Class4": 0.10165, "Class5": 0.07838, "Class6": 0.09075 }, "geometry": { "type": "Point", "coordinates": [ 11.318947909378398, 51.873991238938821 ] } },
{ "type": "Feature", "properties": { "Easting (m)": 5749100, "Northing (m)": 4453300, "Class1": 0.0887, "Class2": 0.09102, "Class3": 0.55829, "Class4": 0.09771, "Class5": 0.07656, "Class6": 0.08773 }, "geometry": { "type": "Point", "coordinates": [ 11.320399800573053, 51.873999621628016 ] } },
{ "type": "Feature", "properties": { "Easting (m)": 5749100, "Northing (m)": 4453400, "Class1": 0.0935, "Class2": 0.09718, "Class3": 0.52949, "Class4": 0.10624, "Class5": 0.08132, "Class6": 0.09226 }, "geometry": { "type": "Point", "coordinates": [ 11.321851692473402, 51.874007986400436 ] } },
{ "type": "Feature", "properties": { "Easting (m)": 5749100, "Northing (m)": 4453500, "Class1": 0.09333, "Class2": 0.09747, "Class3": 0.5292, "Class4": 0.1065, "Class5": 0.08149, "Class6": 0.09201 }, "geometry": { "type": "Point", "coordinates": [ 11.323303585077934, 51.874016333256023 ] } },
{ "type": "Feature", "properties": { "Easting (m)": 5749100, "Northing (m)": 4453600, "Class1": 0.09144, "Class2": 0.09661, "Class3": 0.53654, "Class4": 0.10451, "Class5": 0.0808, "Class6": 0.0901 }, "geometry": { "type": "Point", "coordinates": [ 11.324755478385137, 51.874024662194778 ] } },
{ "type": "Feature", "properties": { "Easting (m)": 5749100, "Northing (m)": 4453700, "Class1": 0.09327, "Class2": 0.09958, "Class3": 0.52396, "Class4": 0.10835, "Class5": 0.08293, "Class6": 0.09191 }, "geometry": { "type": "Point", "coordinates": [ 11.326207372393506, 51.874032973216671 ] } },
{ "type": "Feature", "properties": { "Easting (m)": 5749100, "Northing (m)": 4453800, "Class1": 0.0963, "Class2": 0.10177, "Class3": 0.51022, "Class4": 0.11234, "Class5": 0.08472, "Class6": 0.09466 }, "geometry": { "type": "Point", "coordinates": [ 11.327659267101531, 51.87404126632169 ] } },
{ "type": "Feature", "properties": { "Easting (m)": 5749100, "Northing (m)": 4453900, "Class1": 0.08605, "Class2": 0.09344, "Class3": 0.55984, "Class4": 0.09774, "Class5": 0.07833, "Class6": 0.0846 }, "geometry": { "type": "Point", "coordinates": [ 11.329111162507695, 51.874049541509812 ] } },
{ "type": "Feature", "properties": { "Easting (m)": 5749100, "Northing (m)": 4454000, "Class1": 0.08631, "Class2": 0.09661, "Class3": 0.5523, "Class4": 0.09909, "Class5": 0.08106, "Class6": 0.08463 }, "geometry": { "type": "Point", "coordinates": [ 11.330563058610496, 51.874057798781017 ] } },
{ "type": "Feature", "properties": { "Easting (m)": 5749100, "Northing (m)": 4454100, "Class1": 0.0303, "Class2": 0.03443, "Class3": 0.03308, "Class4": 0.71935, "Class5": 0.15314, "Class6": 0.02969 }, "geometry": { "type": "Point", "coordinates": [ 11.33201495535795, 51.874066038153096 ] } },
{ "type": "Feature", "properties": { "Easting (m)": 5749100, "Northing (m)": 4454200, "Class1": 0.09738, "Class2": 0.10867, "Class3": 0.48961, "Class4": 0.11856, "Class5": 0.09019, "Class6": 0.09559 }, "geometry": { "type": "Point", "coordinates": [ 11.333466852070986, 51.874074259865125 ] } },
{ "type": "Feature", "properties": { "Easting (m)": 5749100, "Northing (m)": 4454300, "Class1": 0.03883, "Class2": 0.04205, "Class3": 0.04273, "Class4": 0.70422, "Class5": 0.13376, "Class6": 0.0384 }, "geometry": { "type": "Point", "coordinates": [ 11.334918749476193, 51.874082463660272 ] } },
{ "type": "Feature", "properties": { "Easting (m)": 5749100, "Northing (m)": 4454400, "Class1": 0.04323, "Class2": 0.04604, "Class3": 0.04756, "Class4": 0.68381, "Class5": 0.13667, "Class6": 0.0427 }, "geometry": { "type": "Point", "coordinates": [ 11.336370647572062, 51.874090649538537 ] } },
{ "type": "Feature", "properties": { "Easting (m)": 5749100, "Northing (m)": 4454500, "Class1": 0.09675, "Class2": 0.10138, "Class3": 0.50985, "Class4": 0.11211, "Class5": 0.08458, "Class6": 0.09533 }, "geometry": { "type": "Point", "coordinates": [ 11.33782254635708, 51.874098817499899 ] } },
{ "type": "Feature", "properties": { "Easting (m)": 5749100, "Northing (m)": 4454600, "Class1": 0.09122, "Class2": 0.09821, "Class3": 0.53305, "Class4": 0.10541, "Class5": 0.08193, "Class6": 0.09019 }, "geometry": { "type": "Point", "coordinates": [ 11.339274445829741, 51.874106967544321 ] } },
{ "type": "Feature", "properties": { "Easting (m)": 5749100, "Northing (m)": 4454700, "Class1": 0.08755, "Class2": 0.09459, "Class3": 0.55478, "Class4": 0.09553, "Class5": 0.07995, "Class6": 0.08761 }, "geometry": { "type": "Point", "coordinates": [ 11.340726345988532, 51.874115099671805 ] } },
{ "type": "Feature", "properties": { "Easting (m)": 5749100, "Northing (m)": 4454800, "Class1": 0.05606, "Class2": 0.0604, "Class3": 0.06171, "Class4": 0.55504, "Class5": 0.21074, "Class6": 0.05606 }, "geometry": { "type": "Point", "coordinates": [ 11.342178246831942, 51.874123213882321 ] } },
{ "type": "Feature", "properties": { "Easting (m)": 5749100, "Northing (m)": 4454900, "Class1": 0.0466, "Class2": 0.05006, "Class3": 0.05096, "Class4": 0.62648, "Class5": 0.17958, "Class6": 0.04632 }, "geometry": { "type": "Point", "coordinates": [ 11.343630148358464, 51.874131310175848 ] } },
{ "type": "Feature", "properties": { "Easting (m)": 5749100, "Northing (m)": 4455000, "Class1": 0.02822, "Class2": 0.03107, "Class3": 0.03059, "Class4": 0.76653, "Class5": 0.11579, "Class6": 0.02779 }, "geometry": { "type": "Point", "coordinates": [ 11.345082050566587, 51.874139388552372 ] } },
{ "type": "Feature", "properties": { "Easting (m)": 5749100, "Northing (m)": 4455100, "Class1": 0.01661, "Class2": 0.01937, "Class3": 0.01772, "Class4": 0.85691, "Class5": 0.07323, "Class6": 0.01616 }, "geometry": { "type": "Point", "coordinates": [ 11.346533953454799, 51.874147449011858 ] } },
{ "type": "Feature", "properties": { "Easting (m)": 5749000, "Northing (m)": 4450300, "Class1": 0.00851, "Class2": 0.01171, "Class3": 0.00923, "Class4": 0.05198, "Class5": 0.91011, "Class6": 0.00846 }, "geometry": { "type": "Point", "coordinates": [ 11.276857776907468, 51.872841664617198 ] } },
{ "type": "Feature", "properties": { "Easting (m)": 5749000, "Northing (m)": 4450400, "Class1": 0.02369, "Class2": 0.03198, "Class3": 0.02569, "Class4": 0.1697, "Class5": 0.72553, "Class6": 0.02341 }, "geometry": { "type": "Point", "coordinates": [ 11.278309618043357, 51.872850566603638 ] } },
{ "type": "Feature", "properties": { "Easting (m)": 5749000, "Northing (m)": 4450500, "Class1": 0.03385, "Class2": 0.04515, "Class3": 0.03665, "Class4": 0.25141, "Class5": 0.59962, "Class6": 0.03333 }, "geometry": { "type": "Point", "coordinates": [ 11.279761459928672, 51.87285945067444 ] } },
{ "type": "Feature", "properties": { "Easting (m)": 5749000, "Northing (m)": 4450600, "Class1": 0.03944, "Class2": 0.05355, "Class3": 0.04238, "Class4": 0.28334, "Class5": 0.54263, "Class6": 0.03864 }, "geometry": { "type": "Point", "coordinates": [ 11.281213302561902, 51.872868316829603 ] } },
{ "type": "Feature", "properties": { "Easting (m)": 5749000, "Northing (m)": 4450700, "Class1": 0.05103, "Class2": 0.06929, "Class3": 0.05422, "Class4": 0.38638, "Class5": 0.38955, "Class6": 0.04953 }, "geometry": { "type": "Point", "coordinates": [ 11.282665145941538, 51.872877165069092 ] } },
{ "type": "Feature", "properties": { "Easting (m)": 5749000, "Northing (m)": 4450800, "Class1": 0.02771, "Class2": 0.03636, "Class3": 0.02965, "Class4": 0.72047, "Class5": 0.15899, "Class6": 0.02682 }, "geometry": { "type": "Point", "coordinates": [ 11.284116990066071, 51.872885995392885 ] } },
{ "type": "Feature", "properties": { "Easting (m)": 5749000, "Northing (m)": 4450900, "Class1": 0.02013, "Class2": 0.02582, "Class3": 0.02168, "Class4": 0.79916, "Class5": 0.11368, "Class6": 0.01953 }, "geometry": { "type": "Point", "coordinates": [ 11.285568834933988, 51.872894807800975 ] } },
{ "type": "Feature", "properties": { "Easting (m)": 5749000, "Northing (m)": 4451000, "Class1": 0.01716, "Class2": 0.02165, "Class3": 0.01849, "Class4": 0.84636, "Class5": 0.07968, "Class6": 0.01665 }, "geometry": { "type": "Point", "coordinates": [ 11.287020680543787, 51.87290360229332 ] } },
{ "type": "Feature", "properties": { "Easting (m)": 5749000, "Northing (m)": 4451100, "Class1": 0.01674, "Class2": 0.02102, "Class3": 0.01803, "Class4": 0.85677, "Class5": 0.07119, "Class6": 0.01626 }, "geometry": { "type": "Point", "coordinates": [ 11.288472526893951, 51.87291237886992 ] } },
{ "type": "Feature", "properties": { "Easting (m)": 5749000, "Northing (m)": 4451200, "Class1": 0.01084, "Class2": 0.01404, "Class3": 0.01172, "Class4": 0.89251, "Class5": 0.0603, "Class6": 0.01059 }, "geometry": { "type": "Point", "coordinates": [ 11.289924373982972, 51.872921137530739 ] } },
{ "type": "Feature", "properties": { "Easting (m)": 5749000, "Northing (m)": 4451300, "Class1": 0.01063, "Class2": 0.01329, "Class3": 0.0115, "Class4": 0.90584, "Class5": 0.04838, "Class6": 0.01036 }, "geometry": { "type": "Point", "coordinates": [ 11.291376221809344, 51.872929878275762 ] } },
{ "type": "Feature", "properties": { "Easting (m)": 5749000, "Northing (m)": 4451400, "Class1": 0.01459, "Class2": 0.01757, "Class3": 0.01586, "Class4": 0.87609, "Class5": 0.06166, "Class6": 0.01422 }, "geometry": { "type": "Point", "coordinates": [ 11.292828070371554, 51.87293860110497 ] } },
{ "type": "Feature", "properties": { "Easting (m)": 5749000, "Northing (m)": 4451500, "Class1": 0.00774, "Class2": 0.00962, "Class3": 0.00842, "Class4": 0.92846, "Class5": 0.03818, "Class6": 0.00758 }, "geometry": { "type": "Point", "coordinates": [ 11.294279919668091, 51.872947306018339 ] } },
{ "type": "Feature", "properties": { "Easting (m)": 5749000, "Northing (m)": 4451600, "Class1": 0.03334, "Class2": 0.04364, "Class3": 0.03626, "Class4": 0.63187, "Class5": 0.2219, "Class6": 0.03299 }, "geometry": { "type": "Point", "coordinates": [ 11.295731769697449, 51.87295599301585 ] } },
{ "type": "Feature", "properties": { "Easting (m)": 5749000, "Northing (m)": 4451700, "Class1": 0.04648, "Class2": 0.0633, "Class3": 0.05019, "Class4": 0.43705, "Class5": 0.35682, "Class6": 0.04616 }, "geometry": { "type": "Point", "coordinates": [ 11.297183620458114, 51.872964662097488 ] } },
{ "type": "Feature", "properties": { "Easting (m)": 5749000, "Northing (m)": 4451800, "Class1": 0.04024, "Class2": 0.05513, "Class3": 0.04363, "Class4": 0.37832, "Class5": 0.44262, "Class6": 0.04007 }, "geometry": { "type": "Point", "coordinates": [ 11.298635471948582, 51.872973313263216 ] } },
{ "type": "Feature", "properties": { "Easting (m)": 5749000, "Northing (m)": 4451900, "Class1": 0.04542, "Class2": 0.0606, "Class3": 0.04928, "Class4": 0.42523, "Class5": 0.37421, "Class6": 0.04525 }, "geometry": { "type": "Point", "coordinates": [ 11.300087324167338, 51.872981946513029 ] } },
{ "type": "Feature", "properties": { "Easting (m)": 5749000, "Northing (m)": 4452000, "Class1": 0.10581, "Class2": 0.13994, "Class3": 0.40145, "Class4": 0.12836, "Class5": 0.11946, "Class6": 0.10499 }, "geometry": { "type": "Point", "coordinates": [ 11.301539177112875, 51.872990561846898 ] } },
{ "type": "Feature", "properties": { "Easting (m)": 5749000, "Northing (m)": 4452100, "Class1": 0.10162, "Class2": 0.13186, "Class3": 0.42974, "Class4": 0.12516, "Class5": 0.11117, "Class6": 0.10044 }, "geometry": { "type": "Point", "coordinates": [ 11.302991030783685, 51.872999159264801 ] } },
{ "type": "Feature", "properties": { "Easting (m)": 5749000, "Northing (m)": 4452200, "Class1": 0.09735, "Class2": 0.122, "Class3": 0.46366, "Class4": 0.11828, "Class5": 0.1024, "Class6": 0.0963 }, "geometry": { "type": "Point", "coordinates": [ 11.304442885178252, 51.873007738766738 ] } },
{ "type": "Feature", "properties": { "Easting (m)": 5749000, "Northing (m)": 4452300, "Class1": 0.09509, "Class2": 0.1164, "Class3": 0.48147, "Class4": 0.11615, "Class5": 0.09709, "Class6": 0.0938 }, "geometry": { "type": "Point", "coordinates": [ 11.305894740295075, 51.873016300352653 ] } },
{ "type": "Feature", "properties": { "Easting (m)": 5749000, "Northing (m)": 4452400, "Class1": 0.09343, "Class2": 0.11241, "Class3": 0.49524, "Class4": 0.11295, "Class5": 0.09374, "Class6": 0.09224 }, "geometry": { "type": "Point", "coordinates": [ 11.307346596132637, 51.873024844022567 ] } },
{ "type": "Feature", "properties": { "Easting (m)": 5749000, "Northing (m)": 4452500, "Class1": 0.09259, "Class2": 0.11011, "Class3": 0.50281, "Class4": 0.11138, "Class5": 0.09173, "Class6": 0.09137 }, "geometry": { "type": "Point", "coordinates": [ 11.30879845268943, 51.873033369776422 ] } },
{ "type": "Feature", "properties": { "Easting (m)": 5749000, "Northing (m)": 4452600, "Class1": 0.09488, "Class2": 0.11081, "Class3": 0.49321, "Class4": 0.11618, "Class5": 0.09184, "Class6": 0.09308 }, "geometry": { "type": "Point", "coordinates": [ 11.310250309963948, 51.87304187761422 ] } },
{ "type": "Feature", "properties": { "Easting (m)": 5749000, "Northing (m)": 4452700, "Class1": 0.09801, "Class2": 0.11103, "Class3": 0.48278, "Class4": 0.12035, "Class5": 0.09195, "Class6": 0.09589 }, "geometry": { "type": "Point", "coordinates": [ 11.311702167954678, 51.873050367535924 ] } },
{ "type": "Feature", "properties": { "Easting (m)": 5749000, "Northing (m)": 4452800, "Class1": 0.0979, "Class2": 0.10801, "Class3": 0.49009, "Class4": 0.11844, "Class5": 0.08961, "Class6": 0.09595 }, "geometry": { "type": "Point", "coordinates": [ 11.31315402666011, 51.873058839541542 ] } },
{ "type": "Feature", "properties": { "Easting (m)": 5749000, "Northing (m)": 4452900, "Class1": 0.09673, "Class2": 0.10513, "Class3": 0.50038, "Class4": 0.11538, "Class5": 0.08737, "Class6": 0.09501 }, "geometry": { "type": "Point", "coordinates": [ 11.314605886078734, 51.873067293631031 ] } },
{ "type": "Feature", "properties": { "Easting (m)": 5749000, "Northing (m)": 4453000, "Class1": 0.09511, "Class2": 0.10285, "Class3": 0.51058, "Class4": 0.11233, "Class5": 0.08555, "Class6": 0.09358 }, "geometry": { "type": "Point", "coordinates": [ 11.316057746209045, 51.873075729804377 ] } },
{ "type": "Feature", "properties": { "Easting (m)": 5749000, "Northing (m)": 4453100, "Class1": 0.09663, "Class2": 0.10288, "Class3": 0.50629, "Class4": 0.11343, "Class5": 0.08569, "Class6": 0.09509 }, "geometry": { "type": "Point", "coordinates": [ 11.317509607049526, 51.873084148061558 ] } },
{ "type": "Feature", "properties": { "Easting (m)": 5749000, "Northing (m)": 4453200, "Class1": 0.09123, "Class2": 0.0968, "Class3": 0.53662, "Class4": 0.10444, "Class5": 0.08099, "Class6": 0.08991 }, "geometry": { "type": "Point", "coordinates": [ 11.318961468598673, 51.873092548402553 ] } },
{ "type": "Feature", "properties": { "Easting (m)": 5749000, "Northing (m)": 4453300, "Class1": 0.09176, "Class2": 0.09849, "Class3": 0.53093, "Class4": 0.10614, "Class5": 0.08233, "Class6": 0.09035 }, "geometry": { "type": "Point", "coordinates": [ 11.320413330854972, 51.873100930827349 ] } },
{ "type": "Feature", "properties": { "Easting (m)": 5749000, "Northing (m)": 4453400, "Class1": 0.09567, "Class2": 0.10315, "Class3": 0.50835, "Class4": 0.1129, "Class5": 0.0859, "Class6": 0.09403 }, "geometry": { "type": "Point", "coordinates": [ 11.321865193816915, 51.873109295335915 ] } },
{ "type": "Feature", "properties": { "Easting (m)": 5749000, "Northing (m)": 4453500, "Class1": 0.09454, "Class2": 0.10214, "Class3": 0.51405, "Class4": 0.11121, "Class5": 0.08513, "Class6": 0.09294 }, "geometry": { "type": "Point", "coordinates": [ 11.323317057482994, 51.873117641928239 ] } },
{ "type": "Feature", "properties": { "Easting (m)": 5749000, "Northing (m)": 4453600, "Class1": 0.09203, "Class2": 0.09895, "Class3": 0.52902, "Class4": 0.10668, "Class5": 0.08269, "Class6": 0.09062 }, "geometry": { "type": "Point", "coordinates": [ 11.324768921851698, 51.873125970604306 ] } },
{ "type": "Feature", "properties": { "Easting (m)": 5749000, "Northing (m)": 4453700, "Class1": 0.09625, "Class2": 0.10252, "Class3": 0.50808, "Class4": 0.11265, "Class5": 0.08554, "Class6": 0.09496 }, "geometry": { "type": "Point", "coordinates": [ 11.326220786921517, 51.873134281364088 ] } },
{ "type": "Feature", "properties": { "Easting (m)": 5749000, "Northing (m)": 4453800, "Class1": 0.09406, "Class2": 0.10114, "Class3": 0.51766, "Class4": 0.10998, "Class5": 0.08432, "Class6": 0.09285 }, "geometry": { "type": "Point", "coordinates": [ 11.327672652690939, 51.873142574207563 ] } },
{ "type": "Feature", "properties": { "Easting (m)": 5749000, "Northing (m)": 4453900, "Class1": 0.09617, "Class2": 0.10512, "Class3": 0.50208, "Class4": 0.11481, "Class5": 0.08744, "Class6": 0.09438 }, "geometry": { "type": "Point", "coordinates": [ 11.329124519158459, 51.873150849134717 ] } },
{ "type": "Feature", "properties": { "Easting (m)": 5749000, "Northing (m)": 4454000, "Class1": 0.02271, "Class2": 0.02565, "Class3": 0.02478, "Class4": 0.81259, "Class5": 0.09204, "Class6": 0.02222 }, "geometry": { "type": "Point", "coordinates": [ 11.330576386322562, 51.873159106145529 ] } },
{ "type": "Feature", "properties": { "Easting (m)": 5749000, "Northing (m)": 4454100, "Class1": 0.0207, "Class2": 0.02428, "Class3": 0.02253, "Class4": 0.80616, "Class5": 0.10609, "Class6": 0.02022 }, "geometry": { "type": "Point", "coordinates": [ 11.332028254123877, 51.87316734525988 ] } },
{ "type": "Feature", "properties": { "Easting (m)": 5749000, "Northing (m)": 4454200, "Class1": 0.0198, "Class2": 0.0235, "Class3": 0.02148, "Class4": 0.8105, "Class5": 0.10542, "Class6": 0.01931 }, "geometry": { "type": "Point", "coordinates": [ 11.333480121894441, 51.873175566706784 ] } },
{ "type": "Feature", "properties": { "Easting (m)": 5749000, "Northing (m)": 4454300, "Class1": 0.02538, "Class2": 0.02865, "Class3": 0.02766, "Class4": 0.80542, "Class5": 0.08806, "Class6": 0.02483 }, "geometry": { "type": "Point", "coordinates": [ 11.334931990357127, 51.873183770237411 ] } },
{ "type": "Feature", "properties": { "Easting (m)": 5749000, "Northing (m)": 4454400, "Class1": 0.02988, "Class2": 0.0332, "Class3": 0.03282, "Class4": 0.76576, "Class5": 0.10887, "Class6": 0.02946 }, "geometry": { "type": "Point", "coordinates": [ 11.336383859510425, 51.873191955851716 ] } },
{ "type": "Feature", "properties": { "Easting (m)": 5749000, "Northing (m)": 4454500, "Class1": 0.09648, "Class2": 0.10513, "Class3": 0.50092, "Class4": 0.11517, "Class5": 0.08742, "Class6": 0.09488 }, "geometry": { "type": "Point", "coordinates": [ 11.337835729352831, 51.873200123549701 ] } },
{ "type": "Feature", "properties": { "Easting (m)": 5749000, "Northing (m)": 4454600, "Class1": 0.02792, "Class2": 0.03159, "Class3": 0.03068, "Class4": 0.76913, "Class5": 0.11308, "Class6": 0.02759 }, "geometry": { "type": "Point", "coordinates": [ 11.339287599882828, 51.873208273331322 ] } },
{ "type": "Feature", "properties": { "Easting (m)": 5749000, "Northing (m)": 4454700, "Class1": 0.05148, "Class2": 0.05702, "Class3": 0.05684, "Class4": 0.57787, "Class5": 0.20534, "Class6": 0.05145 }, "geometry": { "type": "Point", "coordinates": [ 11.340739471098907, 51.873216405196573 ] } },
{ "type": "Feature", "properties": { "Easting (m)": 5749000, "Northing (m)": 4454800, "Class1": 0.05225, "Class2": 0.05602, "Class3": 0.05762, "Class4": 0.59322, "Class5": 0.18877, "Class6": 0.05212 }, "geometry": { "type": "Point", "coordinates": [ 11.342191342999561, 51.873224519145431 ] } },
{ "type": "Feature", "properties": { "Easting (m)": 5749000, "Northing (m)": 4454900, "Class1": 0.05217, "Class2": 0.05471, "Class3": 0.05747, "Class4": 0.61084, "Class5": 0.1729, "Class6": 0.05191 }, "geometry": { "type": "Point", "coordinates": [ 11.343643215583276, 51.873232615177869 ] } },
{ "type": "Feature", "properties": { "Easting (m)": 5749000, "Northing (m)": 4455000, "Class1": 0.04888, "Class2": 0.05142, "Class3": 0.05367, "Class4": 0.62977, "Class5": 0.16769, "Class6": 0.04856 }, "geometry": { "type": "Point", "coordinates": [ 11.345095088848547, 51.873240693293894 ] } },
{ "type": "Feature", "properties": { "Easting (m)": 5749000, "Northing (m)": 4455100, "Class1": 0.03428, "Class2": 0.03737, "Class3": 0.03733, "Class4": 0.72042, "Class5": 0.13674, "Class6": 0.03387 }, "geometry": { "type": "Point", "coordinates": [ 11.346546962793859, 51.873248753493449 ] } },
{ "type": "Feature", "properties": { "Easting (m)": 5749000, "Northing (m)": 4455200, "Class1": 0.01736, "Class2": 0.01987, "Class3": 0.01856, "Class4": 0.85717, "Class5": 0.07015, "Class6": 0.01688 }, "geometry": { "type": "Point", "coordinates": [ 11.347998837417704, 51.873256795776548 ] } },
{ "type": "Feature", "properties": { "Easting (m)": 5748900, "Northing (m)": 4450300, "Class1": 0.01925, "Class2": 0.02532, "Class3": 0.02106, "Class4": 0.1204, "Class5": 0.79477, "Class6": 0.0192 }, "geometry": { "type": "Point", "coordinates": [ 11.276872174567639, 51.871942981858645 ] } },
{ "type": "Feature", "properties": { "Easting (m)": 5748900, "Northing (m)": 4450400, "Class1": 0.02287, "Class2": 0.03029, "Class3": 0.02492, "Class4": 0.1581, "Class5": 0.74113, "Class6": 0.02269 }, "geometry": { "type": "Point", "coordinates": [ 11.278323986768141, 51.871951883564016 ] } },
{ "type": "Feature", "properties": { "Easting (m)": 5748900, "Northing (m)": 4450500, "Class1": 0.02669, "Class2": 0.03543, "Class3": 0.02904, "Class4": 0.19233, "Class5": 0.6901, "Class6": 0.02641 }, "geometry": { "type": "Point", "coordinates": [ 11.279775799718019, 51.871960767354317 ] } },
{ "type": "Feature", "properties": { "Easting (m)": 5748900, "Northing (m)": 4450600, "Class1": 0.02664, "Class2": 0.03611, "Class3": 0.02886, "Class4": 0.19455, "Class5": 0.68756, "Class6": 0.02628 }, "geometry": { "type": "Point", "coordinates": [ 11.28122761341576, 51.87196963322954 ] } },
{ "type": "Feature", "properties": { "Easting (m)": 5748900, "Northing (m)": 4450700, "Class1": 0.04037, "Class2": 0.055, "Class3": 0.04331, "Class4": 0.28648, "Class5": 0.53532, "Class6": 0.03952 }, "geometry": { "type": "Point", "coordinates": [ 11.282679427859854, 51.871978481189686 ] } },
{ "type": "Feature", "properties": { "Easting (m)": 5748900, "Northing (m)": 4450800, "Class1": 0.04329, "Class2": 0.05724, "Class3": 0.04645, "Class4": 0.4594, "Class5": 0.35151, "Class6": 0.04212 }, "geometry": { "type": "Point", "coordinates": [ 11.284131243048797, 51.871987311234705 ] } },
{ "type": "Feature", "properties": { "Easting (m)": 5748900, "Northing (m)": 4450900, "Class1": 0.03377, "Class2": 0.04417, "Class3": 0.03636, "Class4": 0.60314, "Class5": 0.24974, "Class6": 0.03283 }, "geometry": { "type": "Point", "coordinates": [ 11.285583058981073, 51.871996123364582 ] } },
{ "type": "Feature", "properties": { "Easting (m)": 5748900, "Northing (m)": 4451000, "Class1": 0.02125, "Class2": 0.02743, "Class3": 0.02288, "Class4": 0.78637, "Class5": 0.12145, "Class6": 0.02062 }, "geometry": { "type": "Point", "coordinates": [ 11.287034875655175, 51.872004917579311 ] } },
{ "type": "Feature", "properties": { "Easting (m)": 5748900, "Northing (m)": 4451100, "Class1": 0.01872, "Class2": 0.02383, "Class3": 0.02011, "Class4": 0.83802, "Class5": 0.08116, "Class6": 0.01816 }, "geometry": { "type": "Point", "coordinates": [ 11.288486693069592, 51.872013693878856 ] } },
{ "type": "Feature", "properties": { "Easting (m)": 5748900, "Northing (m)": 4451200, "Class1": 0.01218, "Class2": 0.01592, "Class3": 0.01316, "Class4": 0.87811, "Class5": 0.06873, "Class6": 0.0119 }, "geometry": { "type": "Point", "coordinates": [ 11.289938511222816, 51.872022452263195 ] } },
{ "type": "Feature", "properties": { "Easting (m)": 5748900, "Northing (m)": 4451300, "Class1": 0.0133, "Class2": 0.01641, "Class3": 0.01442, "Class4": 0.87901, "Class5": 0.06392, "Class6": 0.01294 }, "geometry": { "type": "Point", "coordinates": [ 11.291390330113339, 51.872031192732315 ] } },
{ "type": "Feature", "properties": { "Easting (m)": 5748900, "Northing (m)": 4451400, "Class1": 0.0141, "Class2": 0.01707, "Class3": 0.01539, "Class4": 0.8732, "Class5": 0.06647, "Class6": 0.01377 }, "geometry": { "type": "Point", "coordinates": [ 11.29284214973965, 51.872039915286202 ] } },
{ "type": "Feature", "properties": { "Easting (m)": 5748900, "Northing (m)": 4451500, "Class1": 0.01881, "Class2": 0.02376, "Class3": 0.02061, "Class4": 0.80958, "Class5": 0.10867, "Class6": 0.01857 }, "geometry": { "type": "Point", "coordinates": [ 11.294293970100238, 51.872048619924819 ] } },
{ "type": "Feature", "properties": { "Easting (m)": 5748900, "Northing (m)": 4451600, "Class1": 0.03641, "Class2": 0.0465, "Class3": 0.03984, "Class4": 0.61446, "Class5": 0.22662, "Class6": 0.03617 }, "geometry": { "type": "Point", "coordinates": [ 11.295745791193596, 51.872057306648145 ] } },
{ "type": "Feature", "properties": { "Easting (m)": 5748900, "Northing (m)": 4451700, "Class1": 0.03678, "Class2": 0.04805, "Class3": 0.04001, "Class4": 0.59489, "Class5": 0.24382, "Class6": 0.03645 }, "geometry": { "type": "Point", "coordinates": [ 11.297197613018211, 51.872065975456174 ] } },
{ "type": "Feature", "properties": { "Easting (m)": 5748900, "Northing (m)": 4451800, "Class1": 0.1034, "Class2": 0.13529, "Class3": 0.41792, "Class4": 0.12576, "Class5": 0.11499, "Class6": 0.10264 }, "geometry": { "type": "Point", "coordinates": [ 11.298649435572578, 51.872074626348876 ] } },
{ "type": "Feature", "properties": { "Easting (m)": 5748900, "Northing (m)": 4451900, "Class1": 0.10303, "Class2": 0.1354, "Class3": 0.41777, "Class4": 0.12746, "Class5": 0.11446, "Class6": 0.10189 }, "geometry": { "type": "Point", "coordinates": [ 11.300101258855182, 51.872083259326232 ] } },
{ "type": "Feature", "properties": { "Easting (m)": 5748900, "Northing (m)": 4452000, "Class1": 0.10102, "Class2": 0.13074, "Class3": 0.43221, "Class4": 0.12713, "Class5": 0.10946, "Class6": 0.09944 }, "geometry": { "type": "Point", "coordinates": [ 11.301553082864519, 51.872091874388225 ] } },
{ "type": "Feature", "properties": { "Easting (m)": 5748900, "Northing (m)": 4452100, "Class1": 0.09988, "Class2": 0.12727, "Class3": 0.44234, "Class4": 0.12627, "Class5": 0.1061, "Class6": 0.09814 }, "geometry": { "type": "Point", "coordinates": [ 11.303004907599075, 51.872100471534836 ] } },
{ "type": "Feature", "properties": { "Easting (m)": 5748900, "Northing (m)": 4452200, "Class1": 0.09711, "Class2": 0.12096, "Class3": 0.46473, "Class4": 0.12079, "Class5": 0.10079, "Class6": 0.09562 }, "geometry": { "type": "Point", "coordinates": [ 11.304456733057341, 51.872109050766021 ] } },
{ "type": "Feature", "properties": { "Easting (m)": 5748900, "Northing (m)": 4452300, "Class1": 0.09588, "Class2": 0.11762, "Class3": 0.47561, "Class4": 0.1186, "Class5": 0.09789, "Class6": 0.0944 }, "geometry": { "type": "Point", "coordinates": [ 11.30590855923781, 51.872117612081801 ] } },
{ "type": "Feature", "properties": { "Easting (m)": 5748900, "Northing (m)": 4452400, "Class1": 0.09453, "Class2": 0.11449, "Class3": 0.48671, "Class4": 0.11579, "Class5": 0.09531, "Class6": 0.09316 }, "geometry": { "type": "Point", "coordinates": [ 11.307360386138969, 51.872126155482121 ] } },
{ "type": "Feature", "properties": { "Easting (m)": 5748900, "Northing (m)": 4452500, "Class1": 0.09343, "Class2": 0.11058, "Class3": 0.49826, "Class4": 0.11383, "Class5": 0.09189, "Class6": 0.09201 }, "geometry": { "type": "Point", "coordinates": [ 11.308812213759312, 51.872134680966973 ] } },
{ "type": "Feature", "properties": { "Easting (m)": 5748900, "Northing (m)": 4452600, "Class1": 0.09558, "Class2": 0.11065, "Class3": 0.49089, "Class4": 0.11744, "Class5": 0.09168, "Class6": 0.09377 }, "geometry": { "type": "Point", "coordinates": [ 11.310264042097328, 51.872143188536349 ] } },
{ "type": "Feature", "properties": { "Easting (m)": 5748900, "Northing (m)": 4452700, "Class1": 0.10061, "Class2": 0.11417, "Class3": 0.46748, "Class4": 0.12494, "Class5": 0.09454, "Class6": 0.09827 }, "geometry": { "type": "Point", "coordinates": [ 11.311715871151508, 51.872151678190207 ] } },
{ "type": "Feature", "properties": { "Easting (m)": 5748900, "Northing (m)": 4452800, "Class1": 0.09642, "Class2": 0.10943, "Class3": 0.49156, "Class4": 0.11743, "Class5": 0.09091, "Class6": 0.09426 }, "geometry": { "type": "Point", "coordinates": [ 11.313167700920339, 51.872160149928533 ] } },
{ "type": "Feature", "properties": { "Easting (m)": 5748900, "Northing (m)": 4452900, "Class1": 0.09855, "Class2": 0.11046, "Class3": 0.4823, "Class4": 0.1206, "Class5": 0.09165, "Class6": 0.09643 }, "geometry": { "type": "Point", "coordinates": [ 11.314619531402315, 51.872168603751319 ] } },
{ "type": "Feature", "properties": { "Easting (m)": 5748900, "Northing (m)": 4453000, "Class1": 0.09788, "Class2": 0.10929, "Class3": 0.48689, "Class4": 0.11936, "Class5": 0.09064, "Class6": 0.09594 }, "geometry": { "type": "Point", "coordinates": [ 11.316071362595922, 51.872177039658531 ] } },
{ "type": "Feature", "properties": { "Easting (m)": 5748900, "Northing (m)": 4453100, "Class1": 0.09731, "Class2": 0.10783, "Class3": 0.49223, "Class4": 0.11771, "Class5": 0.08957, "Class6": 0.09536 }, "geometry": { "type": "Point", "coordinates": [ 11.317523194499659, 51.872185457650161 ] } },
{ "type": "Feature", "properties": { "Easting (m)": 5748900, "Northing (m)": 4453200, "Class1": 0.0924, "Class2": 0.10317, "Class3": 0.518, "Class4": 0.10975, "Class5": 0.08603, "Class6": 0.09063 }, "geometry": { "type": "Point", "coordinates": [ 11.318975027112007, 51.872193857726181 ] } },
{ "type": "Feature", "properties": { "Easting (m)": 5748900, "Northing (m)": 4453300, "Class1": 0.09514, "Class2": 0.10667, "Class3": 0.50148, "Class4": 0.11473, "Class5": 0.08874, "Class6": 0.09323 }, "geometry": { "type": "Point", "coordinates": [ 11.320426860431461, 51.872202239886576 ] } },
{ "type": "Feature", "properties": { "Easting (m)": 5748900, "Northing (m)": 4453400, "Class1": 0.09684, "Class2": 0.1083, "Class3": 0.49244, "Class4": 0.11754, "Class5": 0.08999, "Class6": 0.09488 }, "geometry": { "type": "Point", "coordinates": [ 11.32187869445651, 51.872210604131304 ] } },
{ "type": "Feature", "properties": { "Easting (m)": 5748900, "Northing (m)": 4453500, "Class1": 0.09758, "Class2": 0.10979, "Class3": 0.48665, "Class4": 0.11924, "Class5": 0.09119, "Class6": 0.09556 }, "geometry": { "type": "Point", "coordinates": [ 11.323330529185645, 51.872218950460379 ] } },
{ "type": "Feature", "properties": { "Easting (m)": 5748900, "Northing (m)": 4453600, "Class1": 0.08969, "Class2": 0.10173, "Class3": 0.52986, "Class4": 0.10559, "Class5": 0.08515, "Class6": 0.08797 }, "geometry": { "type": "Point", "coordinates": [ 11.324782364617358, 51.872227278873751 ] } },
{ "type": "Feature", "properties": { "Easting (m)": 5748900, "Northing (m)": 4453700, "Class1": 0.10072, "Class2": 0.114, "Class3": 0.46685, "Class4": 0.12532, "Class5": 0.09452, "Class6": 0.09859 }, "geometry": { "type": "Point", "coordinates": [ 11.326234200750134, 51.872235589371435 ] } },
{ "type": "Feature", "properties": { "Easting (m)": 5748900, "Northing (m)": 4453800, "Class1": 0.09198, "Class2": 0.10623, "Class3": 0.51207, "Class4": 0.11063, "Class5": 0.08835, "Class6": 0.09075 }, "geometry": { "type": "Point", "coordinates": [ 11.327686037582469, 51.872243881953388 ] } },
{ "type": "Feature", "properties": { "Easting (m)": 5748900, "Northing (m)": 4453900, "Class1": 0.01758, "Class2": 0.02024, "Class3": 0.01912, "Class4": 0.85809, "Class5": 0.06778, "Class6": 0.0172 }, "geometry": { "type": "Point", "coordinates": [ 11.329137875112851, 51.872252156619581 ] } },
{ "type": "Feature", "properties": { "Easting (m)": 5748900, "Northing (m)": 4454000, "Class1": 0.0175, "Class2": 0.02024, "Class3": 0.01899, "Class4": 0.85502, "Class5": 0.07118, "Class6": 0.01707 }, "geometry": { "type": "Point", "coordinates": [ 11.330589713339773, 51.872260413370022 ] } },
{ "type": "Feature", "properties": { "Easting (m)": 5748900, "Northing (m)": 4454100, "Class1": 0.016, "Class2": 0.01874, "Class3": 0.01733, "Class4": 0.86582, "Class5": 0.06652, "Class6": 0.01558 }, "geometry": { "type": "Point", "coordinates": [ 11.332041552196385, 51.872268652226516 ] } },
{ "type": "Feature", "properties": { "Easting (m)": 5748900, "Northing (m)": 4454200, "Class1": 0.02405, "Class2": 0.02832, "Class3": 0.02619, "Class4": 0.76613, "Class5": 0.13181, "Class6": 0.0235 }, "geometry": { "type": "Point", "coordinates": [ 11.333493391025986, 51.872276873408339 ] } },
{ "type": "Feature", "properties": { "Easting (m)": 5748900, "Northing (m)": 4454300, "Class1": 0.02439, "Class2": 0.0283, "Class3": 0.0267, "Class4": 0.77587, "Class5": 0.12084, "Class6": 0.0239 }, "geometry": { "type": "Point", "coordinates": [ 11.334945230547662, 51.872285076674437 ] } },
{ "type": "Feature", "properties": { "Easting (m)": 5748900, "Northing (m)": 4454400, "Class1": 0.02477, "Class2": 0.02798, "Class3": 0.02714, "Class4": 0.80491, "Class5": 0.09086, "Class6": 0.02434 }, "geometry": { "type": "Point", "coordinates": [ 11.336397070759904, 51.872293262024805 ] } },
{ "type": "Feature", "properties": { "Easting (m)": 5748900, "Northing (m)": 4454500, "Class1": 0.02101, "Class2": 0.02413, "Class3": 0.02304, "Class4": 0.8257, "Class5": 0.08543, "Class6": 0.02069 }, "geometry": { "type": "Point", "coordinates": [ 11.337848911661203, 51.872301429459412 ] } },
{ "type": "Feature", "properties": { "Easting (m)": 5748900, "Northing (m)": 4454600, "Class1": 0.02594, "Class2": 0.0308, "Class3": 0.02844, "Class4": 0.75997, "Class5": 0.12917, "Class6": 0.02567 }, "geometry": { "type": "Point", "coordinates": [ 11.339300753250047, 51.872309578978246 ] } },
{ "type": "Feature", "properties": { "Easting (m)": 5748900, "Northing (m)": 4454700, "Class1": 0.03972, "Class2": 0.04521, "Class3": 0.04375, "Class4": 0.65829, "Class5": 0.17352, "Class6": 0.03952 }, "geometry": { "type": "Point", "coordinates": [ 11.340752595524926, 51.872317710581271 ] } },
{ "type": "Feature", "properties": { "Easting (m)": 5748900, "Northing (m)": 4454800, "Class1": 0.04316, "Class2": 0.04713, "Class3": 0.04759, "Class4": 0.65823, "Class5": 0.161, "Class6": 0.04289 }, "geometry": { "type": "Point", "coordinates": [ 11.342204438484332, 51.872325824268479 ] } },
{ "type": "Feature", "properties": { "Easting (m)": 5748900, "Northing (m)": 4454900, "Class1": 0.04663, "Class2": 0.05009, "Class3": 0.05141, "Class4": 0.64012, "Class5": 0.16539, "Class6": 0.04637 }, "geometry": { "type": "Point", "coordinates": [ 11.343656282126751, 51.872333920039857 ] } },
{ "type": "Feature", "properties": { "Easting (m)": 5748900, "Northing (m)": 4455000, "Class1": 0.05229, "Class2": 0.05558, "Class3": 0.05762, "Class4": 0.5986, "Class5": 0.18378, "Class6": 0.05212 }, "geometry": { "type": "Point", "coordinates": [ 11.345108126450679, 51.872341997895383 ] } },
{ "type": "Feature", "properties": { "Easting (m)": 5748900, "Northing (m)": 4455100, "Class1": 0.04949, "Class2": 0.05277, "Class3": 0.05434, "Class4": 0.61329, "Class5": 0.18085, "Class6": 0.04926 }, "geometry": { "type": "Point", "coordinates": [ 11.346559971454601, 51.872350057835014 ] } },
{ "type": "Feature", "properties": { "Easting (m)": 5748900, "Northing (m)": 4455200, "Class1": 0.03022, "Class2": 0.03336, "Class3": 0.03284, "Class4": 0.74833, "Class5": 0.12544, "Class6": 0.02981 }, "geometry": { "type": "Point", "coordinates": [ 11.34801181713701, 51.872358099858765 ] } },
{ "type": "Feature", "properties": { "Easting (m)": 5748900, "Northing (m)": 4455300, "Class1": 0.02013, "Class2": 0.02313, "Class3": 0.02147, "Class4": 0.83832, "Class5": 0.07742, "Class6": 0.01953 }, "geometry": { "type": "Point", "coordinates": [ 11.349463663496394, 51.872366123966593 ] } },
{ "type": "Feature", "properties": { "Easting (m)": 5748800, "Northing (m)": 4450200, "Class1": 0.0329, "Class2": 0.0413, "Class3": 0.03607, "Class4": 0.20958, "Class5": 0.64736, "Class6": 0.03279 }, "geometry": { "type": "Point", "coordinates": [ 11.275434788961341, 51.871035379620935 ] } },
{ "type": "Feature", "properties": { "Easting (m)": 5748800, "Northing (m)": 4450300, "Class1": 0.0356, "Class2": 0.04497, "Class3": 0.03893, "Class4": 0.24432, "Class5": 0.60084, "Class6": 0.03533 }, "geometry": { "type": "Point", "coordinates": [ 11.276886571477139, 51.871044298959688 ] } },
{ "type": "Feature", "properties": { "Easting (m)": 5748800, "Northing (m)": 4450400, "Class1": 0.03833, "Class2": 0.049, "Class3": 0.04174, "Class4": 0.27749, "Class5": 0.55558, "Class6": 0.03786 }, "geometry": { "type": "Point", "coordinates": [ 11.278338354743767, 51.871053200383983 ] } },
{ "type": "Feature", "properties": { "Easting (m)": 5748800, "Northing (m)": 4450500, "Class1": 0.04165, "Class2": 0.05363, "Class3": 0.04519, "Class4": 0.30526, "Class5": 0.51326, "Class6": 0.041 }, "geometry": { "type": "Point", "coordinates": [ 11.279790138759715, 51.871062083893804 ] } },
{ "type": "Feature", "properties": { "Easting (m)": 5748800, "Northing (m)": 4450600, "Class1": 0.03925, "Class2": 0.0517, "Class3": 0.04245, "Class4": 0.2904, "Class5": 0.53762, "Class6": 0.03858 }, "geometry": { "type": "Point", "coordinates": [ 11.281241923523476, 51.871070949489109 ] } },
{ "type": "Feature", "properties": { "Easting (m)": 5748800, "Northing (m)": 4450700, "Class1": 0.03455, "Class2": 0.04669, "Class3": 0.03729, "Class4": 0.25484, "Class5": 0.59266, "Class6": 0.03396 }, "geometry": { "type": "Point", "coordinates": [ 11.282693709033541, 51.871079797169912 ] } },
{ "type": "Feature", "properties": { "Easting (m)": 5748800, "Northing (m)": 4450800, "Class1": 0.04012, "Class2": 0.05386, "Class3": 0.04323, "Class4": 0.29329, "Class5": 0.53017, "Class6": 0.03934 }, "geometry": { "type": "Point", "coordinates": [ 11.284145495288399, 51.871088626936171 ] } },
{ "type": "Feature", "properties": { "Easting (m)": 5748800, "Northing (m)": 4450900, "Class1": 0.05086, "Class2": 0.06673, "Class3": 0.05465, "Class4": 0.34887, "Class5": 0.42919, "Class6": 0.0497 }, "geometry": { "type": "Point", "coordinates": [ 11.285597282286542, 51.871097438787849 ] } },
{ "type": "Feature", "properties": { "Easting (m)": 5748800, "Northing (m)": 4451000, "Class1": 0.04288, "Class2": 0.05685, "Class3": 0.04606, "Class4": 0.462, "Class5": 0.35047, "Class6": 0.04173 }, "geometry": { "type": "Point", "coordinates": [ 11.287049070026459, 51.871106232724962 ] } },
{ "type": "Feature", "properties": { "Easting (m)": 5748800, "Northing (m)": 4451100, "Class1": 0.02395, "Class2": 0.03084, "Class3": 0.02565, "Class4": 0.78881, "Class5": 0.10755, "Class6": 0.02319 }, "geometry": { "type": "Point", "coordinates": [ 11.288500858506641, 51.871115008747452 ] } },
{ "type": "Feature", "properties": { "Easting (m)": 5748800, "Northing (m)": 4451200, "Class1": 0.01357, "Class2": 0.01714, "Class3": 0.01465, "Class4": 0.8808, "Class5": 0.06063, "Class6": 0.0132 }, "geometry": { "type": "Point", "coordinates": [ 11.289952647725579, 51.871123766855334 ] } },
{ "type": "Feature", "properties": { "Easting (m)": 5748800, "Northing (m)": 4451300, "Class1": 0.01771, "Class2": 0.02209, "Class3": 0.01927, "Class4": 0.82061, "Class5": 0.10305, "Class6": 0.01727 }, "geometry": { "type": "Point", "coordinates": [ 11.291404437681763, 51.871132507048557 ] } },
{ "type": "Feature", "properties": { "Easting (m)": 5748800, "Northing (m)": 4451400, "Class1": 0.10318, "Class2": 0.13122, "Class3": 0.42167, "Class4": 0.13381, "Class5": 0.10977, "Class6": 0.10036 }, "geometry": { "type": "Point", "coordinates": [ 11.292856228373683, 51.871141229327129 ] } },
{ "type": "Feature", "properties": { "Easting (m)": 5748800, "Northing (m)": 4451500, "Class1": 0.04368, "Class2": 0.05722, "Class3": 0.04773, "Class4": 0.52536, "Class5": 0.28253, "Class6": 0.04348 }, "geometry": { "type": "Point", "coordinates": [ 11.294308019799832, 51.871149933690994 ] } },
{ "type": "Feature", "properties": { "Easting (m)": 5748800, "Northing (m)": 4451600, "Class1": 0.10016, "Class2": 0.12845, "Class3": 0.44147, "Class4": 0.12155, "Class5": 0.10876, "Class6": 0.09961 }, "geometry": { "type": "Point", "coordinates": [ 11.295759811958698, 51.871158620140164 ] } },
{ "type": "Feature", "properties": { "Easting (m)": 5748800, "Northing (m)": 4451700, "Class1": 0.0977, "Class2": 0.1238, "Class3": 0.4571, "Class4": 0.1209, "Class5": 0.10379, "Class6": 0.0967 }, "geometry": { "type": "Point", "coordinates": [ 11.297211604848775, 51.871167288674599 ] } },
{ "type": "Feature", "properties": { "Easting (m)": 5748800, "Northing (m)": 4451800, "Class1": 0.09668, "Class2": 0.12105, "Class3": 0.46608, "Class4": 0.11933, "Class5": 0.10127, "Class6": 0.09558 }, "geometry": { "type": "Point", "coordinates": [ 11.298663398468547, 51.871175939294275 ] } },
{ "type": "Feature", "properties": { "Easting (m)": 5748800, "Northing (m)": 4451900, "Class1": 0.09831, "Class2": 0.12242, "Class3": 0.45631, "Class4": 0.12475, "Class5": 0.10167, "Class6": 0.09654 }, "geometry": { "type": "Point", "coordinates": [ 11.300115192816509, 51.871184571999194 ] } },
{ "type": "Feature", "properties": { "Easting (m)": 5748800, "Northing (m)": 4452000, "Class1": 0.09796, "Class2": 0.1212, "Class3": 0.46008, "Class4": 0.12395, "Class5": 0.10062, "Class6": 0.09619 }, "geometry": { "type": "Point", "coordinates": [ 11.301566987891153, 51.871193186789327 ] } },
{ "type": "Feature", "properties": { "Easting (m)": 5748800, "Northing (m)": 4452100, "Class1": 0.0985, "Class2": 0.1214, "Class3": 0.45778, "Class4": 0.12503, "Class5": 0.10069, "Class6": 0.09659 }, "geometry": { "type": "Point", "coordinates": [ 11.303018783690964, 51.871201783664631 ] } },
{ "type": "Feature", "properties": { "Easting (m)": 5748800, "Northing (m)": 4452200, "Class1": 0.09737, "Class2": 0.1201, "Class3": 0.46469, "Class4": 0.12243, "Class5": 0.09975, "Class6": 0.09566 }, "geometry": { "type": "Point", "coordinates": [ 11.30447058021444, 51.871210362625114 ] } },
{ "type": "Feature", "properties": { "Easting (m)": 5748800, "Northing (m)": 4452300, "Class1": 0.09623, "Class2": 0.11838, "Class3": 0.47259, "Class4": 0.11961, "Class5": 0.09849, "Class6": 0.09472 }, "geometry": { "type": "Point", "coordinates": [ 11.305922377460067, 51.871218923670746 ] } },
{ "type": "Feature", "properties": { "Easting (m)": 5748800, "Northing (m)": 4452400, "Class1": 0.09595, "Class2": 0.11714, "Class3": 0.47608, "Class4": 0.1191, "Class5": 0.09736, "Class6": 0.09438 }, "geometry": { "type": "Point", "coordinates": [ 11.307374175426336, 51.8712274668015 ] } },
{ "type": "Feature", "properties": { "Easting (m)": 5748800, "Northing (m)": 4452500, "Class1": 0.096, "Class2": 0.11561, "Class3": 0.47883, "Class4": 0.11936, "Class5": 0.09591, "Class6": 0.09429 }, "geometry": { "type": "Point", "coordinates": [ 11.308825974111736, 51.871235992017354 ] } },
{ "type": "Feature", "properties": { "Easting (m)": 5748800, "Northing (m)": 4452600, "Class1": 0.09752, "Class2": 0.11518, "Class3": 0.47458, "Class4": 0.12185, "Class5": 0.09537, "Class6": 0.09551 }, "geometry": { "type": "Point", "coordinates": [ 11.310277773514761, 51.871244499318315 ] } },
{ "type": "Feature", "properties": { "Easting (m)": 5748800, "Northing (m)": 4452700, "Class1": 0.10176, "Class2": 0.11704, "Class3": 0.45709, "Class4": 0.12792, "Class5": 0.09687, "Class6": 0.09932 }, "geometry": { "type": "Point", "coordinates": [ 11.311729573633896, 51.87125298870432 ] } },
{ "type": "Feature", "properties": { "Easting (m)": 5748800, "Northing (m)": 4452800, "Class1": 0.09625, "Class2": 0.11131, "Class3": 0.48791, "Class4": 0.11793, "Class5": 0.09258, "Class6": 0.09401 }, "geometry": { "type": "Point", "coordinates": [ 11.313181374467637, 51.871261460175397 ] } },
{ "type": "Feature", "properties": { "Easting (m)": 5748800, "Northing (m)": 4452900, "Class1": 0.0964, "Class2": 0.11114, "Class3": 0.48759, "Class4": 0.11824, "Class5": 0.09241, "Class6": 0.09422 }, "geometry": { "type": "Point", "coordinates": [ 11.314633176014473, 51.871269913731481 ] } },
{ "type": "Feature", "properties": { "Easting (m)": 5748800, "Northing (m)": 4453000, "Class1": 0.10089, "Class2": 0.11413, "Class3": 0.46629, "Class4": 0.12544, "Class5": 0.09458, "Class6": 0.09866 }, "geometry": { "type": "Point", "coordinates": [ 11.316084978272894, 51.871278349372574 ] } },
{ "type": "Feature", "properties": { "Easting (m)": 5748800, "Northing (m)": 4453100, "Class1": 0.09828, "Class2": 0.11101, "Class3": 0.48168, "Class4": 0.1207, "Class5": 0.09214, "Class6": 0.09619 }, "geometry": { "type": "Point", "coordinates": [ 11.31753678124139, 51.871286767098653 ] } },
{ "type": "Feature", "properties": { "Easting (m)": 5748800, "Northing (m)": 4453200, "Class1": 0.09532, "Class2": 0.10871, "Class3": 0.4963, "Class4": 0.11592, "Class5": 0.09046, "Class6": 0.0933 }, "geometry": { "type": "Point", "coordinates": [ 11.318988584918451, 51.871295166909697 ] } },
{ "type": "Feature", "properties": { "Easting (m)": 5748800, "Northing (m)": 4453300, "Class1": 0.09652, "Class2": 0.11066, "Class3": 0.48808, "Class4": 0.11833, "Class5": 0.092, "Class6": 0.09441 }, "geometry": { "type": "Point", "coordinates": [ 11.320440389302568, 51.871303548805692 ] } },
{ "type": "Feature", "properties": { "Easting (m)": 5748800, "Northing (m)": 4453400, "Class1": 0.09861, "Class2": 0.11339, "Class3": 0.47516, "Class4": 0.12232, "Class5": 0.09412, "Class6": 0.0964 }, "geometry": { "type": "Point", "coordinates": [ 11.321892194392234, 51.871311912786616 ] } },
{ "type": "Feature", "properties": { "Easting (m)": 5748800, "Northing (m)": 4453500, "Class1": 0.10055, "Class2": 0.1154, "Class3": 0.46445, "Class4": 0.12572, "Class5": 0.09565, "Class6": 0.09823 }, "geometry": { "type": "Point", "coordinates": [ 11.323344000185935, 51.87132025885245 ] } },
{ "type": "Feature", "properties": { "Easting (m)": 5748800, "Northing (m)": 4453600, "Class1": 0.09373, "Class2": 0.10994, "Class3": 0.49925, "Class4": 0.11362, "Class5": 0.09185, "Class6": 0.09161 }, "geometry": { "type": "Point", "coordinates": [ 11.324795806682163, 51.871328587003156 ] } },
{ "type": "Feature", "properties": { "Easting (m)": 5748800, "Northing (m)": 4453700, "Class1": 0.01523, "Class2": 0.01799, "Class3": 0.01655, "Class4": 0.87013, "Class5": 0.06525, "Class6": 0.01485 }, "geometry": { "type": "Point", "coordinates": [ 11.326247613879412, 51.871336897238734 ] } },
{ "type": "Feature", "properties": { "Easting (m)": 5748800, "Northing (m)": 4453800, "Class1": 0.01723, "Class2": 0.02006, "Class3": 0.01886, "Class4": 0.85438, "Class5": 0.07254, "Class6": 0.01694 }, "geometry": { "type": "Point", "coordinates": [ 11.327699421776167, 51.871345189559165 ] } },
{ "type": "Feature", "properties": { "Easting (m)": 5748800, "Northing (m)": 4453900, "Class1": 0.01929, "Class2": 0.02218, "Class3": 0.02111, "Class4": 0.84165, "Class5": 0.07682, "Class6": 0.01895 }, "geometry": { "type": "Point", "coordinates": [ 11.329151230370924, 51.871353463964418 ] } },
{ "type": "Feature", "properties": { "Easting (m)": 5748800, "Northing (m)": 4454000, "Class1": 0.02226, "Class2": 0.0254, "Class3": 0.02424, "Class4": 0.82489, "Class5": 0.08144, "Class6": 0.02176 }, "geometry": { "type": "Point", "coordinates": [ 11.330603039662165, 51.871361720454473 ] } },
{ "type": "Feature", "properties": { "Easting (m)": 5748800, "Northing (m)": 4454100, "Class1": 0.02202, "Class2": 0.02536, "Class3": 0.02391, "Class4": 0.82848, "Class5": 0.07874, "Class6": 0.02149 }, "geometry": { "type": "Point", "coordinates": [ 11.332054849575522, 51.871369959053048 ] } },
{ "type": "Feature", "properties": { "Easting (m)": 5748800, "Northing (m)": 4454200, "Class1": 0.01687, "Class2": 0.02025, "Class3": 0.0183, "Class4": 0.84038, "Class5": 0.08775, "Class6": 0.01644 }, "geometry": { "type": "Point", "coordinates": [ 11.333506659465669, 51.871378179969795 ] } },
{ "type": "Feature", "properties": { "Easting (m)": 5748800, "Northing (m)": 4454300, "Class1": 0.04229, "Class2": 0.04984, "Class3": 0.04632, "Class4": 0.54955, "Class5": 0.27042, "Class6": 0.04157 }, "geometry": { "type": "Point", "coordinates": [ 11.334958470047848, 51.871386382971387 ] } },
{ "type": "Feature", "properties": { "Easting (m)": 5748800, "Northing (m)": 4454400, "Class1": 0.01856, "Class2": 0.02193, "Class3": 0.02015, "Class4": 0.85093, "Class5": 0.07033, "Class6": 0.01809 }, "geometry": { "type": "Point", "coordinates": [ 11.336410281320541, 51.871394568057809 ] } },
{ "type": "Feature", "properties": { "Easting (m)": 5748800, "Northing (m)": 4454500, "Class1": 0.02743, "Class2": 0.03325, "Class3": 0.03009, "Class4": 0.73619, "Class5": 0.14587, "Class6": 0.02718 }, "geometry": { "type": "Point", "coordinates": [ 11.337862093282244, 51.871402735229061 ] } },
{ "type": "Feature", "properties": { "Easting (m)": 5748800, "Northing (m)": 4454600, "Class1": 0.02182, "Class2": 0.02618, "Class3": 0.02388, "Class4": 0.79499, "Class5": 0.11158, "Class6": 0.02155 }, "geometry": { "type": "Point", "coordinates": [ 11.339313905931444, 51.871410884485094 ] } },
{ "type": "Feature", "properties": { "Easting (m)": 5748800, "Northing (m)": 4454700, "Class1": 0.02415, "Class2": 0.02785, "Class3": 0.02651, "Class4": 0.79266, "Class5": 0.10496, "Class6": 0.02386 }, "geometry": { "type": "Point", "coordinates": [ 11.340765719266631, 51.871419015825914 ] } },
{ "type": "Feature", "properties": { "Easting (m)": 5748800, "Northing (m)": 4454800, "Class1": 0.03434, "Class2": 0.03871, "Class3": 0.03784, "Class4": 0.71456, "Class5": 0.14051, "Class6": 0.03406 }, "geometry": { "type": "Point", "coordinates": [ 11.3422175332863, 51.871427129251501 ] } },
{ "type": "Feature", "properties": { "Easting (m)": 5748800, "Northing (m)": 4454900, "Class1": 0.04008, "Class2": 0.04455, "Class3": 0.04417, "Class4": 0.67184, "Class5": 0.15953, "Class6": 0.03983 }, "geometry": { "type": "Point", "coordinates": [ 11.343669347988934, 51.871435224761818 ] } },
{ "type": "Feature", "properties": { "Easting (m)": 5748800, "Northing (m)": 4455000, "Class1": 0.04757, "Class2": 0.05211, "Class3": 0.05249, "Class4": 0.61776, "Class5": 0.18264, "Class6": 0.04742 }, "geometry": { "type": "Point", "coordinates": [ 11.34512116337303, 51.87144330235683 ] } },
{ "type": "Feature", "properties": { "Easting (m)": 5748800, "Northing (m)": 4455100, "Class1": 0.05253, "Class2": 0.05654, "Class3": 0.05788, "Class4": 0.58639, "Class5": 0.19422, "Class6": 0.05243 }, "geometry": { "type": "Point", "coordinates": [ 11.346572979437074, 51.871451362036574 ] } },
{ "type": "Feature", "properties": { "Easting (m)": 5748800, "Northing (m)": 4455200, "Class1": 0.04493, "Class2": 0.04873, "Class3": 0.04926, "Class4": 0.63739, "Class5": 0.17503, "Class6": 0.04467 }, "geometry": { "type": "Point", "coordinates": [ 11.348024796179557, 51.871459403800991 ] } },
{ "type": "Feature", "properties": { "Easting (m)": 5748800, "Northing (m)": 4455300, "Class1": 0.02422, "Class2": 0.02734, "Class3": 0.02624, "Class4": 0.791, "Class5": 0.10738, "Class6": 0.02383 }, "geometry": { "type": "Point", "coordinates": [ 11.349476613598968, 51.87146742765006 ] } },
{ "type": "Feature", "properties": { "Easting (m)": 5748800, "Northing (m)": 4455400, "Class1": 0.02236, "Class2": 0.0262, "Class3": 0.02379, "Class4": 0.80631, "Class5": 0.0997, "Class6": 0.02163 }, "geometry": { "type": "Point", "coordinates": [ 11.3509284316938, 51.871475433583775 ] } },
{ "type": "Feature", "properties": { "Easting (m)": 5748700, "Northing (m)": 4450000, "Class1": 0.02608, "Class2": 0.03316, "Class3": 0.02841, "Class4": 0.16518, "Class5": 0.72123, "Class6": 0.02594 }, "geometry": { "type": "Point", "coordinates": [ 11.272545709143948, 51.870118805007387 ] } },
{ "type": "Feature", "properties": { "Easting (m)": 5748700, "Northing (m)": 4450100, "Class1": 0.03099, "Class2": 0.03875, "Class3": 0.03393, "Class4": 0.18794, "Class5": 0.67747, "Class6": 0.03092 }, "geometry": { "type": "Point", "coordinates": [ 11.273997461221343, 51.870127759892206 ] } },
{ "type": "Feature", "properties": { "Easting (m)": 5748700, "Northing (m)": 4450200, "Class1": 0.03425, "Class2": 0.04247, "Class3": 0.03766, "Class4": 0.19943, "Class5": 0.65192, "Class6": 0.03427 }, "geometry": { "type": "Point", "coordinates": [ 11.275449214052538, 51.870136696863192 ] } },
{ "type": "Feature", "properties": { "Easting (m)": 5748700, "Northing (m)": 4450300, "Class1": 0.03497, "Class2": 0.0435, "Class3": 0.0385, "Class4": 0.20662, "Class5": 0.64143, "Class6": 0.03499 }, "geometry": { "type": "Point", "coordinates": [ 11.276900967636019, 51.870145615920315 ] } },
{ "type": "Feature", "properties": { "Easting (m)": 5748700, "Northing (m)": 4450400, "Class1": 0.03437, "Class2": 0.04323, "Class3": 0.03779, "Class4": 0.21905, "Class5": 0.63127, "Class6": 0.03428 }, "geometry": { "type": "Point", "coordinates": [ 11.278352721970281, 51.870154517063554 ] } },
{ "type": "Feature", "properties": { "Easting (m)": 5748700, "Northing (m)": 4450500, "Class1": 0.03477, "Class2": 0.04452, "Class3": 0.03802, "Class4": 0.24564, "Class5": 0.60257, "Class6": 0.03447 }, "geometry": { "type": "Point", "coordinates": [ 11.279804477053812, 51.870163400292888 ] } },
{ "type": "Feature", "properties": { "Easting (m)": 5748700, "Northing (m)": 4450600, "Class1": 0.03712, "Class2": 0.04873, "Class3": 0.04028, "Class4": 0.27611, "Class5": 0.56119, "Class6": 0.03657 }, "geometry": { "type": "Point", "coordinates": [ 11.281256232885104, 51.870172265608296 ] } },
{ "type": "Feature", "properties": { "Easting (m)": 5748700, "Northing (m)": 4450700, "Class1": 0.04363, "Class2": 0.05748, "Class3": 0.04703, "Class4": 0.31631, "Class5": 0.49278, "Class6": 0.04277 }, "geometry": { "type": "Point", "coordinates": [ 11.282707989462645, 51.870181113009764 ] } },
{ "type": "Feature", "properties": { "Easting (m)": 5748700, "Northing (m)": 4450800, "Class1": 0.0502, "Class2": 0.06502, "Class3": 0.05409, "Class4": 0.34988, "Class5": 0.43169, "Class6": 0.04913 }, "geometry": { "type": "Point", "coordinates": [ 11.284159746784931, 51.870189942497262 ] } },
{ "type": "Feature", "properties": { "Easting (m)": 5748700, "Northing (m)": 4450900, "Class1": 0.04945, "Class2": 0.06432, "Class3": 0.05326, "Class4": 0.37129, "Class5": 0.41335, "Class6": 0.04833 }, "geometry": { "type": "Point", "coordinates": [ 11.285611504850449, 51.870198754070778 ] } },
{ "type": "Feature", "properties": { "Easting (m)": 5748700, "Northing (m)": 4451000, "Class1": 0.04649, "Class2": 0.06107, "Class3": 0.05003, "Class4": 0.40604, "Class5": 0.39102, "Class6": 0.04535 }, "geometry": { "type": "Point", "coordinates": [ 11.287063263657691, 51.870207547730274 ] } },
{ "type": "Feature", "properties": { "Easting (m)": 5748700, "Northing (m)": 4451100, "Class1": 0.0307, "Class2": 0.04014, "Class3": 0.03309, "Class4": 0.64765, "Class5": 0.21858, "Class6": 0.02984 }, "geometry": { "type": "Point", "coordinates": [ 11.288515023205147, 51.870216323475745 ] } },
{ "type": "Feature", "properties": { "Easting (m)": 5748700, "Northing (m)": 4451200, "Class1": 0.01389, "Class2": 0.01742, "Class3": 0.01506, "Class4": 0.86954, "Class5": 0.07056, "Class6": 0.01352 }, "geometry": { "type": "Point", "coordinates": [ 11.289966783491307, 51.870225081307169 ] } },
{ "type": "Feature", "properties": { "Easting (m)": 5748700, "Northing (m)": 4451300, "Class1": 0.10163, "Class2": 0.12652, "Class3": 0.4362, "Class4": 0.13113, "Class5": 0.10551, "Class6": 0.09902 }, "geometry": { "type": "Point", "coordinates": [ 11.291418544514661, 51.87023382122451 ] } },
{ "type": "Feature", "properties": { "Easting (m)": 5748700, "Northing (m)": 4451400, "Class1": 0.10833, "Class2": 0.15052, "Class3": 0.36708, "Class4": 0.13907, "Class5": 0.12809, "Class6": 0.10692 }, "geometry": { "type": "Point", "coordinates": [ 11.292870306273704, 51.870242543227768 ] } },
{ "type": "Feature", "properties": { "Easting (m)": 5748700, "Northing (m)": 4451500, "Class1": 0.1042, "Class2": 0.13843, "Class3": 0.40979, "Class4": 0.12447, "Class5": 0.11909, "Class6": 0.10402 }, "geometry": { "type": "Point", "coordinates": [ 11.29432206876692, 51.870251247316901 ] } },
{ "type": "Feature", "properties": { "Easting (m)": 5748700, "Northing (m)": 4451600, "Class1": 0.10181, "Class2": 0.134, "Class3": 0.42266, "Class4": 0.12812, "Class5": 0.11279, "Class6": 0.10062 }, "geometry": { "type": "Point", "coordinates": [ 11.295773831992804, 51.870259933491916 ] } },
{ "type": "Feature", "properties": { "Easting (m)": 5748700, "Northing (m)": 4451700, "Class1": 0.09785, "Class2": 0.12407, "Class3": 0.45494, "Class4": 0.12289, "Class5": 0.10364, "Class6": 0.09661 }, "geometry": { "type": "Point", "coordinates": [ 11.297225595949847, 51.87026860175277 ] } },
{ "type": "Feature", "properties": { "Easting (m)": 5748700, "Northing (m)": 4451800, "Class1": 0.09635, "Class2": 0.11987, "Class3": 0.46863, "Class4": 0.12009, "Class5": 0.09996, "Class6": 0.09511 }, "geometry": { "type": "Point", "coordinates": [ 11.298677360636539, 51.870277252099456 ] } },
{ "type": "Feature", "properties": { "Easting (m)": 5748700, "Northing (m)": 4451900, "Class1": 0.09827, "Class2": 0.1196, "Class3": 0.46161, "Class4": 0.125, "Class5": 0.09912, "Class6": 0.09641 }, "geometry": { "type": "Point", "coordinates": [ 11.30012912605137, 51.870285884531938 ] } },
{ "type": "Feature", "properties": { "Easting (m)": 5748700, "Northing (m)": 4452000, "Class1": 0.09684, "Class2": 0.11843, "Class3": 0.46922, "Class4": 0.12197, "Class5": 0.09832, "Class6": 0.09522 }, "geometry": { "type": "Point", "coordinates": [ 11.301580892192831, 51.870294499050196 ] } },
{ "type": "Feature", "properties": { "Easting (m)": 5748700, "Northing (m)": 4452100, "Class1": 0.09772, "Class2": 0.12188, "Class3": 0.4597, "Class4": 0.12325, "Class5": 0.10135, "Class6": 0.0961 }, "geometry": { "type": "Point", "coordinates": [ 11.303032659059411, 51.870303095654229 ] } },
{ "type": "Feature", "properties": { "Easting (m)": 5748700, "Northing (m)": 4452200, "Class1": 0.0991, "Class2": 0.12575, "Class3": 0.4477, "Class4": 0.12521, "Class5": 0.10479, "Class6": 0.09745 }, "geometry": { "type": "Point", "coordinates": [ 11.304484426649603, 51.870311674344002 ] } },
{ "type": "Feature", "properties": { "Easting (m)": 5748700, "Northing (m)": 4452300, "Class1": 0.09857, "Class2": 0.12492, "Class3": 0.45189, "Class4": 0.1232, "Class5": 0.10432, "Class6": 0.0971 }, "geometry": { "type": "Point", "coordinates": [ 11.305936194961895, 51.870320235119493 ] } },
{ "type": "Feature", "properties": { "Easting (m)": 5748700, "Northing (m)": 4452400, "Class1": 0.09863, "Class2": 0.12469, "Class3": 0.45213, "Class4": 0.12345, "Class5": 0.10403, "Class6": 0.09707 }, "geometry": { "type": "Point", "coordinates": [ 11.307387963994781, 51.870328777980689 ] } },
{ "type": "Feature", "properties": { "Easting (m)": 5748700, "Northing (m)": 4452500, "Class1": 0.09953, "Class2": 0.1244, "Class3": 0.44882, "Class4": 0.12642, "Class5": 0.10329, "Class6": 0.09754 }, "geometry": { "type": "Point", "coordinates": [ 11.308839733746748, 51.870337302927574 ] } },
{ "type": "Feature", "properties": { "Easting (m)": 5748700, "Northing (m)": 4452600, "Class1": 0.10183, "Class2": 0.12202, "Class3": 0.44557, "Class4": 0.13032, "Class5": 0.10093, "Class6": 0.09933 }, "geometry": { "type": "Point", "coordinates": [ 11.310291504216289, 51.870345809960114 ] } },
{ "type": "Feature", "properties": { "Easting (m)": 5748700, "Northing (m)": 4452700, "Class1": 0.10134, "Class2": 0.11789, "Class3": 0.45653, "Class4": 0.12771, "Class5": 0.09769, "Class6": 0.09884 }, "geometry": { "type": "Point", "coordinates": [ 11.311743275401897, 51.870354299078294 ] } },
{ "type": "Feature", "properties": { "Easting (m)": 5748700, "Northing (m)": 4452800, "Class1": 0.09577, "Class2": 0.11091, "Class3": 0.49016, "Class4": 0.11726, "Class5": 0.0923, "Class6": 0.09361 }, "geometry": { "type": "Point", "coordinates": [ 11.313195047302056, 51.8703627702821 ] } },
{ "type": "Feature", "properties": { "Easting (m)": 5748700, "Northing (m)": 4452900, "Class1": 0.09456, "Class2": 0.10918, "Class3": 0.49779, "Class4": 0.115, "Class5": 0.09097, "Class6": 0.0925 }, "geometry": { "type": "Point", "coordinates": [ 11.314646819915263, 51.87037122357151 ] } },
{ "type": "Feature", "properties": { "Easting (m)": 5748700, "Northing (m)": 4453000, "Class1": 0.09927, "Class2": 0.11402, "Class3": 0.47152, "Class4": 0.12353, "Class5": 0.09461, "Class6": 0.09705 }, "geometry": { "type": "Point", "coordinates": [ 11.316098593240001, 51.870379658946497 ] } },
{ "type": "Feature", "properties": { "Easting (m)": 5748700, "Northing (m)": 4453100, "Class1": 0.09976, "Class2": 0.11425, "Class3": 0.46941, "Class4": 0.12427, "Class5": 0.09476, "Class6": 0.09755 }, "geometry": { "type": "Point", "coordinates": [ 11.317550367274771, 51.870388076407039 ] } },
{ "type": "Feature", "properties": { "Easting (m)": 5748700, "Northing (m)": 4453200, "Class1": 0.09768, "Class2": 0.11261, "Class3": 0.47979, "Class4": 0.12082, "Class5": 0.09356, "Class6": 0.09554 }, "geometry": { "type": "Point", "coordinates": [ 11.319002142018054, 51.870396475953129 ] } },
{ "type": "Feature", "properties": { "Easting (m)": 5748700, "Northing (m)": 4453300, "Class1": 0.0977, "Class2": 0.11306, "Class3": 0.47876, "Class4": 0.12101, "Class5": 0.09395, "Class6": 0.09552 }, "geometry": { "type": "Point", "coordinates": [ 11.320453917468345, 51.870404857584738 ] } },
{ "type": "Feature", "properties": { "Easting (m)": 5748700, "Northing (m)": 4453400, "Class1": 0.01842, "Class2": 0.02142, "Class3": 0.02004, "Class4": 0.85037, "Class5": 0.07178, "Class6": 0.01798 }, "geometry": { "type": "Point", "coordinates": [ 11.321905693624135, 51.870413221301838 ] } },
{ "type": "Feature", "properties": { "Easting (m)": 5748700, "Northing (m)": 4453500, "Class1": 0.02023, "Class2": 0.02345, "Class3": 0.02201, "Class4": 0.83928, "Class5": 0.07527, "Class6": 0.01975 }, "geometry": { "type": "Point", "coordinates": [ 11.323357470483913, 51.870421567104437 ] } },
{ "type": "Feature", "properties": { "Easting (m)": 5748700, "Northing (m)": 4453600, "Class1": 0.01758, "Class2": 0.02049, "Class3": 0.01915, "Class4": 0.85441, "Class5": 0.0712, "Class6": 0.01717 }, "geometry": { "type": "Point", "coordinates": [ 11.324809248046169, 51.87042989499249 ] } },
{ "type": "Feature", "properties": { "Easting (m)": 5748700, "Northing (m)": 4453700, "Class1": 0.01691, "Class2": 0.01983, "Class3": 0.01844, "Class4": 0.85243, "Class5": 0.07587, "Class6": 0.01652 }, "geometry": { "type": "Point", "coordinates": [ 11.326261026309396, 51.870438204965986 ] } },
{ "type": "Feature", "properties": { "Easting (m)": 5748700, "Northing (m)": 4453800, "Class1": 0.01198, "Class2": 0.0143, "Class3": 0.01306, "Class4": 0.89793, "Class5": 0.05101, "Class6": 0.01173 }, "geometry": { "type": "Point", "coordinates": [ 11.327712805272082, 51.870446497024908 ] } },
{ "type": "Feature", "properties": { "Easting (m)": 5748700, "Northing (m)": 4453900, "Class1": 0.01305, "Class2": 0.01557, "Class3": 0.01425, "Class4": 0.88394, "Class5": 0.06037, "Class6": 0.01282 }, "geometry": { "type": "Point", "coordinates": [ 11.329164584932718, 51.870454771169236 ] } },
{ "type": "Feature", "properties": { "Easting (m)": 5748700, "Northing (m)": 4454000, "Class1": 0.02029, "Class2": 0.02354, "Class3": 0.02204, "Class4": 0.83948, "Class5": 0.07486, "Class6": 0.01979 }, "geometry": { "type": "Point", "coordinates": [ 11.330616365289796, 51.870463027398934 ] } },
{ "type": "Feature", "properties": { "Easting (m)": 5748700, "Northing (m)": 4454100, "Class1": 0.01267, "Class2": 0.01505, "Class3": 0.01377, "Class4": 0.89371, "Class5": 0.05242, "Class6": 0.01238 }, "geometry": { "type": "Point", "coordinates": [ 11.332068146261339, 51.870471265739468 ] } },
{ "type": "Feature", "properties": { "Easting (m)": 5748700, "Northing (m)": 4454200, "Class1": 0.01647, "Class2": 0.01948, "Class3": 0.01782, "Class4": 0.86427, "Class5": 0.06592, "Class6": 0.01603 }, "geometry": { "type": "Point", "coordinates": [ 11.333519927213544, 51.87047948639114 ] } },
{ "type": "Feature", "properties": { "Easting (m)": 5748700, "Northing (m)": 4454300, "Class1": 0.04378, "Class2": 0.05071, "Class3": 0.04811, "Class4": 0.55561, "Class5": 0.25868, "Class6": 0.04311 }, "geometry": { "type": "Point", "coordinates": [ 11.334971708857731, 51.870487689128225 ] } },
{ "type": "Feature", "properties": { "Easting (m)": 5748700, "Northing (m)": 4454400, "Class1": 0.01573, "Class2": 0.01919, "Class3": 0.01698, "Class4": 0.86899, "Class5": 0.06382, "Class6": 0.0153 }, "geometry": { "type": "Point", "coordinates": [ 11.336423491192386, 51.87049587395073 ] } },
{ "type": "Feature", "properties": { "Easting (m)": 5748700, "Northing (m)": 4454500, "Class1": 0.04976, "Class2": 0.06223, "Class3": 0.05444, "Class4": 0.4986, "Class5": 0.28527, "Class6": 0.04971 }, "geometry": { "type": "Point", "coordinates": [ 11.337875274216001, 51.870504040858634 ] } },
{ "type": "Feature", "properties": { "Easting (m)": 5748700, "Northing (m)": 4454600, "Class1": 0.04531, "Class2": 0.06009, "Class3": 0.04893, "Class4": 0.49743, "Class5": 0.30331, "Class6": 0.04492 }, "geometry": { "type": "Point", "coordinates": [ 11.339327057927068, 51.870512189851901 ] } },
{ "type": "Feature", "properties": { "Easting (m)": 5748700, "Northing (m)": 4454700, "Class1": 0.0489, "Class2": 0.0645, "Class3": 0.05286, "Class4": 0.46686, "Class5": 0.31829, "Class6": 0.04859 }, "geometry": { "type": "Point", "coordinates": [ 11.340778842324076, 51.870520320930524 ] } },
{ "type": "Feature", "properties": { "Easting (m)": 5748700, "Northing (m)": 4454800, "Class1": 0.05285, "Class2": 0.06731, "Class3": 0.05745, "Class4": 0.45116, "Class5": 0.31846, "Class6": 0.05277 }, "geometry": { "type": "Point", "coordinates": [ 11.342230627405515, 51.870528434094481 ] } },
{ "type": "Feature", "properties": { "Easting (m)": 5748700, "Northing (m)": 4454900, "Class1": 0.05167, "Class2": 0.06405, "Class3": 0.05632, "Class4": 0.48388, "Class5": 0.29248, "Class6": 0.0516 }, "geometry": { "type": "Point", "coordinates": [ 11.343682413169875, 51.870536529343738 ] } },
{ "type": "Feature", "properties": { "Easting (m)": 5748700, "Northing (m)": 4455000, "Class1": 0.05294, "Class2": 0.06334, "Class3": 0.05791, "Class4": 0.49987, "Class5": 0.27298, "Class6": 0.05295 }, "geometry": { "type": "Point", "coordinates": [ 11.345134199615647, 51.870544606678294 ] } },
{ "type": "Feature", "properties": { "Easting (m)": 5748700, "Northing (m)": 4455100, "Class1": 0.05609, "Class2": 0.06508, "Class3": 0.06147, "Class4": 0.49706, "Class5": 0.26412, "Class6": 0.05618 }, "geometry": { "type": "Point", "coordinates": [ 11.346585986741321, 51.870552666098128 ] } },
{ "type": "Feature", "properties": { "Easting (m)": 5748700, "Northing (m)": 4455200, "Class1": 0.05554, "Class2": 0.06391, "Class3": 0.06074, "Class4": 0.50431, "Class5": 0.25992, "Class6": 0.05558 }, "geometry": { "type": "Point", "coordinates": [ 11.348037774545388, 51.870560707603218 ] } },
{ "type": "Feature", "properties": { "Easting (m)": 5748700, "Northing (m)": 4455300, "Class1": 0.0437, "Class2": 0.05178, "Class3": 0.04735, "Class4": 0.57858, "Class5": 0.23521, "Class6": 0.04338 }, "geometry": { "type": "Point", "coordinates": [ 11.349489563026337, 51.870568731193536 ] } },
{ "type": "Feature", "properties": { "Easting (m)": 5748700, "Northing (m)": 4455400, "Class1": 0.01992, "Class2": 0.02379, "Class3": 0.02116, "Class4": 0.83118, "Class5": 0.08464, "Class6": 0.0193 }, "geometry": { "type": "Point", "coordinates": [ 11.350941352182657, 51.870576736869069 ] } },
{ "type": "Feature", "properties": { "Easting (m)": 5748600, "Northing (m)": 4449900, "Class1": 0.01537, "Class2": 0.02159, "Class3": 0.01641, "Class4": 0.06616, "Class5": 0.86515, "Class6": 0.01532 }, "geometry": { "type": "Point", "coordinates": [ 11.271108468953081, 51.869211150158868 ] } },
{ "type": "Feature", "properties": { "Easting (m)": 5748600, "Northing (m)": 4450000, "Class1": 0.01573, "Class2": 0.02056, "Class3": 0.01711, "Class4": 0.07961, "Class5": 0.85123, "Class6": 0.01576 }, "geometry": { "type": "Point", "coordinates": [ 11.272560191344521, 51.869220122674157 ] } },
{ "type": "Feature", "properties": { "Easting (m)": 5748600, "Northing (m)": 4450100, "Class1": 0.02962, "Class2": 0.03704, "Class3": 0.03246, "Class4": 0.1405, "Class5": 0.73056, "Class6": 0.02982 }, "geometry": { "type": "Point", "coordinates": [ 11.274011914491215, 51.869229077276223 ] } },
{ "type": "Feature", "properties": { "Easting (m)": 5748600, "Northing (m)": 4450200, "Class1": 0.03832, "Class2": 0.04675, "Class3": 0.04222, "Class4": 0.18111, "Class5": 0.65298, "Class6": 0.03863 }, "geometry": { "type": "Point", "coordinates": [ 11.275463638391656, 51.869238013965017 ] } },
{ "type": "Feature", "properties": { "Easting (m)": 5748600, "Northing (m)": 4450300, "Class1": 0.04211, "Class2": 0.0509, "Class3": 0.04651, "Class4": 0.19732, "Class5": 0.62067, "Class6": 0.04249 }, "geometry": { "type": "Point", "coordinates": [ 11.276915363044331, 51.869246932740516 ] } },
{ "type": "Feature", "properties": { "Easting (m)": 5748600, "Northing (m)": 4450400, "Class1": 0.04441, "Class2": 0.05348, "Class3": 0.04917, "Class4": 0.21854, "Class5": 0.58964, "Class6": 0.04475 }, "geometry": { "type": "Point", "coordinates": [ 11.278367088447737, 51.869255833602715 ] } },
{ "type": "Feature", "properties": { "Easting (m)": 5748600, "Northing (m)": 4450500, "Class1": 0.04046, "Class2": 0.04957, "Class3": 0.04474, "Class4": 0.22464, "Class5": 0.59999, "Class6": 0.0406 }, "geometry": { "type": "Point", "coordinates": [ 11.279818814600359, 51.869264716551584 ] } },
{ "type": "Feature", "properties": { "Easting (m)": 5748600, "Northing (m)": 4450600, "Class1": 0.03468, "Class2": 0.04397, "Class3": 0.03808, "Class4": 0.23248, "Class5": 0.61628, "Class6": 0.03451 }, "geometry": { "type": "Point", "coordinates": [ 11.281270541500691, 51.869273581587109 ] } },
{ "type": "Feature", "properties": { "Easting (m)": 5748600, "Northing (m)": 4450700, "Class1": 0.03975, "Class2": 0.05179, "Class3": 0.04315, "Class4": 0.2948, "Class5": 0.53137, "Class6": 0.03914 }, "geometry": { "type": "Point", "coordinates": [ 11.282722269147222, 51.869282428709255 ] } },
{ "type": "Feature", "properties": { "Easting (m)": 5748600, "Northing (m)": 4450800, "Class1": 0.05127, "Class2": 0.06567, "Class3": 0.05537, "Class4": 0.35734, "Class5": 0.42013, "Class6": 0.05022 }, "geometry": { "type": "Point", "coordinates": [ 11.284173997538444, 51.869291257918007 ] } },
{ "type": "Feature", "properties": { "Easting (m)": 5748600, "Northing (m)": 4450900, "Class1": 0.04657, "Class2": 0.06038, "Class3": 0.05027, "Class4": 0.40579, "Class5": 0.39148, "Class6": 0.04551 }, "geometry": { "type": "Point", "coordinates": [ 11.285625726672848, 51.869300069213345 ] } },
{ "type": "Feature", "properties": { "Easting (m)": 5748600, "Northing (m)": 4451000, "Class1": 0.04624, "Class2": 0.0608, "Class3": 0.04976, "Class4": 0.40902, "Class5": 0.38907, "Class6": 0.04511 }, "geometry": { "type": "Point", "coordinates": [ 11.287077456548921, 51.869308862595247 ] } },
{ "type": "Feature", "properties": { "Easting (m)": 5748600, "Northing (m)": 4451100, "Class1": 0.04865, "Class2": 0.0638, "Class3": 0.05241, "Class4": 0.37723, "Class5": 0.41037, "Class6": 0.04753 }, "geometry": { "type": "Point", "coordinates": [ 11.288529187165159, 51.869317638063698 ] } },
{ "type": "Feature", "properties": { "Easting (m)": 5748600, "Northing (m)": 4451200, "Class1": 0.09908, "Class2": 0.12675, "Class3": 0.45173, "Class4": 0.11559, "Class5": 0.10986, "Class6": 0.09699 }, "geometry": { "type": "Point", "coordinates": [ 11.289980918520051, 51.869326395618671 ] } },
{ "type": "Feature", "properties": { "Easting (m)": 5748600, "Northing (m)": 4451300, "Class1": 0.10928, "Class2": 0.14093, "Class3": 0.37728, "Class4": 0.14944, "Class5": 0.11691, "Class6": 0.10617 }, "geometry": { "type": "Point", "coordinates": [ 11.291432650612087, 51.869335135260151 ] } },
{ "type": "Feature", "properties": { "Easting (m)": 5748600, "Northing (m)": 4451400, "Class1": 0.10516, "Class2": 0.14032, "Class3": 0.40093, "Class4": 0.12919, "Class5": 0.1198, "Class6": 0.1046 }, "geometry": { "type": "Point", "coordinates": [ 11.292884383439755, 51.86934385698811 ] } },
{ "type": "Feature", "properties": { "Easting (m)": 5748600, "Northing (m)": 4451500, "Class1": 0.105, "Class2": 0.14123, "Class3": 0.39846, "Class4": 0.13139, "Class5": 0.11991, "Class6": 0.104 }, "geometry": { "type": "Point", "coordinates": [ 11.294336117001555, 51.869352560802525 ] } },
{ "type": "Feature", "properties": { "Easting (m)": 5748600, "Northing (m)": 4451600, "Class1": 0.10302, "Class2": 0.13269, "Class3": 0.41765, "Class4": 0.13574, "Class5": 0.11014, "Class6": 0.10077 }, "geometry": { "type": "Point", "coordinates": [ 11.295787851295968, 51.869361246703392 ] } },
{ "type": "Feature", "properties": { "Easting (m)": 5748600, "Northing (m)": 4451700, "Class1": 0.0985, "Class2": 0.1248, "Class3": 0.45028, "Class4": 0.12551, "Class5": 0.10391, "Class6": 0.09699 }, "geometry": { "type": "Point", "coordinates": [ 11.297239586321487, 51.869369914690672 ] } },
{ "type": "Feature", "properties": { "Easting (m)": 5748600, "Northing (m)": 4451800, "Class1": 0.09711, "Class2": 0.12034, "Class3": 0.46419, "Class4": 0.12272, "Class5": 0.10003, "Class6": 0.0956 }, "geometry": { "type": "Point", "coordinates": [ 11.298691322076607, 51.869378564764361 ] } },
{ "type": "Feature", "properties": { "Easting (m)": 5748600, "Northing (m)": 4451900, "Class1": 0.09985, "Class2": 0.11982, "Class3": 0.45549, "Class4": 0.12781, "Class5": 0.09922, "Class6": 0.09781 }, "geometry": { "type": "Point", "coordinates": [ 11.300143058559813, 51.869387196924414 ] } },
{ "type": "Feature", "properties": { "Easting (m)": 5748600, "Northing (m)": 4452000, "Class1": 0.09581, "Class2": 0.11553, "Class3": 0.47847, "Class4": 0.11988, "Class5": 0.09595, "Class6": 0.09435 }, "geometry": { "type": "Point", "coordinates": [ 11.301594795769601, 51.86939581117084 ] } },
{ "type": "Feature", "properties": { "Easting (m)": 5748600, "Northing (m)": 4452100, "Class1": 0.09473, "Class2": 0.11518, "Class3": 0.48368, "Class4": 0.11697, "Class5": 0.09592, "Class6": 0.09351 }, "geometry": { "type": "Point", "coordinates": [ 11.303046533704459, 51.869404407503595 ] } },
{ "type": "Feature", "properties": { "Easting (m)": 5748600, "Northing (m)": 4452200, "Class1": 0.09645, "Class2": 0.11916, "Class3": 0.46977, "Class4": 0.12048, "Class5": 0.09915, "Class6": 0.09499 }, "geometry": { "type": "Point", "coordinates": [ 11.304498272362876, 51.869412985922665 ] } },
{ "type": "Feature", "properties": { "Easting (m)": 5748600, "Northing (m)": 4452300, "Class1": 0.09726, "Class2": 0.12146, "Class3": 0.46275, "Class4": 0.12155, "Class5": 0.10119, "Class6": 0.09578 }, "geometry": { "type": "Point", "coordinates": [ 11.305950011743345, 51.869421546428043 ] } },
{ "type": "Feature", "properties": { "Easting (m)": 5748600, "Northing (m)": 4452400, "Class1": 0.09787, "Class2": 0.12325, "Class3": 0.45776, "Class4": 0.12175, "Class5": 0.10291, "Class6": 0.09646 }, "geometry": { "type": "Point", "coordinates": [ 11.307401751844358, 51.869430089019687 ] } },
{ "type": "Feature", "properties": { "Easting (m)": 5748600, "Northing (m)": 4452500, "Class1": 0.10135, "Class2": 0.12615, "Class3": 0.43855, "Class4": 0.13036, "Class5": 0.10455, "Class6": 0.09903 }, "geometry": { "type": "Point", "coordinates": [ 11.308853492664404, 51.869438613697604 ] } },
{ "type": "Feature", "properties": { "Easting (m)": 5748600, "Northing (m)": 4452600, "Class1": 0.10283, "Class2": 0.12248, "Class3": 0.44161, "Class4": 0.13143, "Class5": 0.10154, "Class6": 0.1001 }, "geometry": { "type": "Point", "coordinates": [ 11.310305234201971, 51.869447120461743 ] } },
{ "type": "Feature", "properties": { "Easting (m)": 5748600, "Northing (m)": 4452700, "Class1": 0.09712, "Class2": 0.11402, "Class3": 0.47893, "Class4": 0.12023, "Class5": 0.09487, "Class6": 0.09483 }, "geometry": { "type": "Point", "coordinates": [ 11.311756976455555, 51.869455609312105 ] } },
{ "type": "Feature", "properties": { "Easting (m)": 5748600, "Northing (m)": 4452800, "Class1": 0.09342, "Class2": 0.10833, "Class3": 0.50321, "Class4": 0.11313, "Class5": 0.09043, "Class6": 0.09147 }, "geometry": { "type": "Point", "coordinates": [ 11.313208719423645, 51.869464080248662 ] } },
{ "type": "Feature", "properties": { "Easting (m)": 5748600, "Northing (m)": 4452900, "Class1": 0.09587, "Class2": 0.11104, "Class3": 0.48905, "Class4": 0.11776, "Class5": 0.09244, "Class6": 0.09384 }, "geometry": { "type": "Point", "coordinates": [ 11.31466046310473, 51.869472533271392 ] } },
{ "type": "Feature", "properties": { "Easting (m)": 5748600, "Northing (m)": 4453000, "Class1": 0.10105, "Class2": 0.11753, "Class3": 0.4577, "Class4": 0.12759, "Class5": 0.09743, "Class6": 0.0987 }, "geometry": { "type": "Point", "coordinates": [ 11.3161122074973, 51.86948096838028 ] } },
{ "type": "Feature", "properties": { "Easting (m)": 5748600, "Northing (m)": 4453100, "Class1": 0.10108, "Class2": 0.11822, "Class3": 0.45611, "Class4": 0.1279, "Class5": 0.09801, "Class6": 0.09868 }, "geometry": { "type": "Point", "coordinates": [ 11.317563952599848, 51.869489385575307 ] } },
{ "type": "Feature", "properties": { "Easting (m)": 5748600, "Northing (m)": 4453200, "Class1": 0.09834, "Class2": 0.11504, "Class3": 0.47218, "Class4": 0.12275, "Class5": 0.09559, "Class6": 0.0961 }, "geometry": { "type": "Point", "coordinates": [ 11.319015698410862, 51.869497784856442 ] } },
{ "type": "Feature", "properties": { "Easting (m)": 5748600, "Northing (m)": 4453300, "Class1": 0.09729, "Class2": 0.11322, "Class3": 0.47956, "Class4": 0.12062, "Class5": 0.09415, "Class6": 0.09516 }, "geometry": { "type": "Point", "coordinates": [ 11.320467444928836, 51.869506166223687 ] } },
{ "type": "Feature", "properties": { "Easting (m)": 5748600, "Northing (m)": 4453400, "Class1": 0.01842, "Class2": 0.0215, "Class3": 0.02007, "Class4": 0.85026, "Class5": 0.07177, "Class6": 0.01799 }, "geometry": { "type": "Point", "coordinates": [ 11.32191919215226, 51.869514529676998 ] } },
{ "type": "Feature", "properties": { "Easting (m)": 5748600, "Northing (m)": 4453500, "Class1": 0.02015, "Class2": 0.02358, "Class3": 0.0219, "Class4": 0.84051, "Class5": 0.0742, "Class6": 0.01966 }, "geometry": { "type": "Point", "coordinates": [ 11.323370940079624, 51.869522875216362 ] } },
{ "type": "Feature", "properties": { "Easting (m)": 5748600, "Northing (m)": 4453600, "Class1": 0.01562, "Class2": 0.01846, "Class3": 0.017, "Class4": 0.86792, "Class5": 0.06575, "Class6": 0.01524 }, "geometry": { "type": "Point", "coordinates": [ 11.324822688709419, 51.869531202841763 ] } },
{ "type": "Feature", "properties": { "Easting (m)": 5748600, "Northing (m)": 4453700, "Class1": 0.01572, "Class2": 0.01866, "Class3": 0.01716, "Class4": 0.86154, "Class5": 0.07156, "Class6": 0.01536 }, "geometry": { "type": "Point", "coordinates": [ 11.326274438040132, 51.869539512553189 ] } },
{ "type": "Feature", "properties": { "Easting (m)": 5748600, "Northing (m)": 4453800, "Class1": 0.01159, "Class2": 0.01385, "Class3": 0.01262, "Class4": 0.90106, "Class5": 0.04954, "Class6": 0.01134 }, "geometry": { "type": "Point", "coordinates": [ 11.32772618807026, 51.869547804350603 ] } },
{ "type": "Feature", "properties": { "Easting (m)": 5748600, "Northing (m)": 4453900, "Class1": 0.01144, "Class2": 0.01377, "Class3": 0.01249, "Class4": 0.89767, "Class5": 0.0534, "Class6": 0.01123 }, "geometry": { "type": "Point", "coordinates": [ 11.329177938798288, 51.869556078233998 ] } },
{ "type": "Feature", "properties": { "Easting (m)": 5748600, "Northing (m)": 4454000, "Class1": 0.01835, "Class2": 0.02156, "Class3": 0.01994, "Class4": 0.85321, "Class5": 0.06903, "Class6": 0.01791 }, "geometry": { "type": "Point", "coordinates": [ 11.330629690222711, 51.869564334203361 ] } },
{ "type": "Feature", "properties": { "Easting (m)": 5748600, "Northing (m)": 4454100, "Class1": 0.01057, "Class2": 0.0127, "Class3": 0.0115, "Class4": 0.9087, "Class5": 0.0462, "Class6": 0.01034 }, "geometry": { "type": "Point", "coordinates": [ 11.332081442253878, 51.86957257228579 ] } },
{ "type": "Feature", "properties": { "Easting (m)": 5748600, "Northing (m)": 4454200, "Class1": 0.01774, "Class2": 0.02081, "Class3": 0.01928, "Class4": 0.85586, "Class5": 0.06901, "Class6": 0.0173 }, "geometry": { "type": "Point", "coordinates": [ 11.333533194269652, 51.86958079267238 ] } },
{ "type": "Feature", "properties": { "Easting (m)": 5748600, "Northing (m)": 4454300, "Class1": 0.04235, "Class2": 0.04864, "Class3": 0.04672, "Class4": 0.59105, "Class5": 0.22949, "Class6": 0.04175 }, "geometry": { "type": "Point", "coordinates": [ 11.334984946977357, 51.869588995144987 ] } },
{ "type": "Feature", "properties": { "Easting (m)": 5748600, "Northing (m)": 4454400, "Class1": 0.01148, "Class2": 0.01428, "Class3": 0.01255, "Class4": 0.88977, "Class5": 0.06065, "Class6": 0.01129 }, "geometry": { "type": "Point", "coordinates": [ 11.336436700375485, 51.869597179703568 ] } },
{ "type": "Feature", "properties": { "Easting (m)": 5748600, "Northing (m)": 4454500, "Class1": 0.0567, "Class2": 0.06888, "Class3": 0.06227, "Class4": 0.46532, "Class5": 0.28994, "Class6": 0.05689 }, "geometry": { "type": "Point", "coordinates": [ 11.337888454462526, 51.869605346348131 ] } },
{ "type": "Feature", "properties": { "Easting (m)": 5748600, "Northing (m)": 4454600, "Class1": 0.04318, "Class2": 0.05812, "Class3": 0.04669, "Class4": 0.4027, "Class5": 0.40635, "Class6": 0.04296 }, "geometry": { "type": "Point", "coordinates": [ 11.339340209236967, 51.869613495078632 ] } },
{ "type": "Feature", "properties": { "Easting (m)": 5748600, "Northing (m)": 4454700, "Class1": 0.04384, "Class2": 0.05772, "Class3": 0.0476, "Class4": 0.39626, "Class5": 0.41083, "Class6": 0.04374 }, "geometry": { "type": "Point", "coordinates": [ 11.340791964697305, 51.869621625895064 ] } },
{ "type": "Feature", "properties": { "Easting (m)": 5748600, "Northing (m)": 4454800, "Class1": 0.04769, "Class2": 0.06175, "Class3": 0.05173, "Class4": 0.4255, "Class5": 0.36575, "Class6": 0.04758 }, "geometry": { "type": "Point", "coordinates": [ 11.342243720842024, 51.869629738797407 ] } },
{ "type": "Feature", "properties": { "Easting (m)": 5748600, "Northing (m)": 4454900, "Class1": 0.0487, "Class2": 0.06133, "Class3": 0.05283, "Class4": 0.49579, "Class5": 0.29287, "Class6": 0.04848 }, "geometry": { "type": "Point", "coordinates": [ 11.343695477669618, 51.869637833785625 ] } },
{ "type": "Feature", "properties": { "Easting (m)": 5748600, "Northing (m)": 4455000, "Class1": 0.05285, "Class2": 0.06342, "Class3": 0.05772, "Class4": 0.49687, "Class5": 0.27632, "Class6": 0.05283 }, "geometry": { "type": "Point", "coordinates": [ 11.34514723517858, 51.86964591085971 ] } },
{ "type": "Feature", "properties": { "Easting (m)": 5748600, "Northing (m)": 4455100, "Class1": 0.06297, "Class2": 0.07352, "Class3": 0.06885, "Class4": 0.43918, "Class5": 0.29223, "Class6": 0.06326 }, "geometry": { "type": "Point", "coordinates": [ 11.346598993367394, 51.869653970019662 ] } },
{ "type": "Feature", "properties": { "Easting (m)": 5748600, "Northing (m)": 4455200, "Class1": 0.06428, "Class2": 0.07491, "Class3": 0.07008, "Class4": 0.42247, "Class5": 0.30368, "Class6": 0.06459 }, "geometry": { "type": "Point", "coordinates": [ 11.348050752234553, 51.869662011265433 ] } },
{ "type": "Feature", "properties": { "Easting (m)": 5748600, "Northing (m)": 4455300, "Class1": 0.05402, "Class2": 0.06581, "Class3": 0.05822, "Class4": 0.46687, "Class5": 0.30129, "Class6": 0.05379 }, "geometry": { "type": "Point", "coordinates": [ 11.349502511778546, 51.869670034597007 ] } },
{ "type": "Feature", "properties": { "Easting (m)": 5748600, "Northing (m)": 4455400, "Class1": 0.02672, "Class2": 0.03184, "Class3": 0.02828, "Class4": 0.78415, "Class5": 0.1032, "Class6": 0.02581 }, "geometry": { "type": "Point", "coordinates": [ 11.350954271997868, 51.869678040014392 ] } },
{ "type": "Feature", "properties": { "Easting (m)": 5748600, "Northing (m)": 4455500, "Class1": 0.02909, "Class2": 0.03431, "Class3": 0.03113, "Class4": 0.70899, "Class5": 0.16824, "Class6": 0.02824 }, "geometry": { "type": "Point", "coordinates": [ 11.352406032891006, 51.869686027517524 ] } },
{ "type": "Feature", "properties": { "Easting (m)": 5748500, "Northing (m)": 4450000, "Class1": 0.01903, "Class2": 0.02603, "Class3": 0.02051, "Class4": 0.1168, "Class5": 0.79863, "Class6": 0.019 }, "geometry": { "type": "Point", "coordinates": [ 11.27257467279005, 51.868321440200496 ] } },
{ "type": "Feature", "properties": { "Easting (m)": 5748500, "Northing (m)": 4450100, "Class1": 0.01857, "Class2": 0.02408, "Class3": 0.02016, "Class4": 0.08681, "Class5": 0.83174, "Class6": 0.01863 }, "geometry": { "type": "Point", "coordinates": [ 11.274026367007554, 51.868330394519802 ] } },
{ "type": "Feature", "properties": { "Easting (m)": 5748500, "Northing (m)": 4450200, "Class1": 0.02985, "Class2": 0.03702, "Class3": 0.03269, "Class4": 0.15523, "Class5": 0.71526, "Class6": 0.02995 }, "geometry": { "type": "Point", "coordinates": [ 11.275478061978751, 51.86833933092641 ] } },
{ "type": "Feature", "properties": { "Easting (m)": 5748500, "Northing (m)": 4450300, "Class1": 0.03659, "Class2": 0.04454, "Class3": 0.04021, "Class4": 0.19264, "Class5": 0.6493, "Class6": 0.03672 }, "geometry": { "type": "Point", "coordinates": [ 11.276929757702131, 51.868348249420301 ] } },
{ "type": "Feature", "properties": { "Easting (m)": 5748500, "Northing (m)": 4450400, "Class1": 0.04508, "Class2": 0.05369, "Class3": 0.04975, "Class4": 0.23762, "Class5": 0.5686, "Class6": 0.04525 }, "geometry": { "type": "Point", "coordinates": [ 11.278381454176188, 51.868357150001479 ] } },
{ "type": "Feature", "properties": { "Easting (m)": 5748500, "Northing (m)": 4450500, "Class1": 0.04852, "Class2": 0.05752, "Class3": 0.0537, "Class4": 0.25669, "Class5": 0.53485, "Class6": 0.04871 }, "geometry": { "type": "Point", "coordinates": [ 11.27983315139941, 51.868366032669876 ] } },
{ "type": "Feature", "properties": { "Easting (m)": 5748500, "Northing (m)": 4450600, "Class1": 0.04397, "Class2": 0.05342, "Class3": 0.04864, "Class4": 0.25138, "Class5": 0.55856, "Class6": 0.04405 }, "geometry": { "type": "Point", "coordinates": [ 11.281284849370291, 51.868374897425504 ] } },
{ "type": "Feature", "properties": { "Easting (m)": 5748500, "Northing (m)": 4450700, "Class1": 0.03237, "Class2": 0.04127, "Class3": 0.03559, "Class4": 0.212, "Class5": 0.64651, "Class6": 0.03226 }, "geometry": { "type": "Point", "coordinates": [ 11.282736548087319, 51.868383744268357 ] } },
{ "type": "Feature", "properties": { "Easting (m)": 5748500, "Northing (m)": 4450800, "Class1": 0.03455, "Class2": 0.04486, "Class3": 0.03772, "Class4": 0.25199, "Class5": 0.59669, "Class6": 0.03419 }, "geometry": { "type": "Point", "coordinates": [ 11.284188247548988, 51.868392573198371 ] } },
{ "type": "Feature", "properties": { "Easting (m)": 5748500, "Northing (m)": 4450900, "Class1": 0.04164, "Class2": 0.05465, "Class3": 0.04513, "Class4": 0.30877, "Class5": 0.50887, "Class6": 0.04093 }, "geometry": { "type": "Point", "coordinates": [ 11.285639947753783, 51.868401384215552 ] } },
{ "type": "Feature", "properties": { "Easting (m)": 5748500, "Northing (m)": 4451000, "Class1": 0.04374, "Class2": 0.05897, "Class3": 0.04702, "Class4": 0.31227, "Class5": 0.49519, "Class6": 0.04281 }, "geometry": { "type": "Point", "coordinates": [ 11.287091648700203, 51.868410177319873 ] } },
{ "type": "Feature", "properties": { "Easting (m)": 5748500, "Northing (m)": 4451100, "Class1": 0.04663, "Class2": 0.06162, "Class3": 0.05027, "Class4": 0.33355, "Class5": 0.46227, "Class6": 0.04566 }, "geometry": { "type": "Point", "coordinates": [ 11.288543350386732, 51.86841895251132 ] } },
{ "type": "Feature", "properties": { "Easting (m)": 5748500, "Northing (m)": 4451200, "Class1": 0.04965, "Class2": 0.0626, "Class3": 0.05404, "Class4": 0.38741, "Class5": 0.39753, "Class6": 0.04877 }, "geometry": { "type": "Point", "coordinates": [ 11.289995052811864, 51.868427709789863 ] } },
{ "type": "Feature", "properties": { "Easting (m)": 5748500, "Northing (m)": 4451300, "Class1": 0.02035, "Class2": 0.02725, "Class3": 0.02183, "Class4": 0.80564, "Class5": 0.10515, "Class6": 0.01978 }, "geometry": { "type": "Point", "coordinates": [ 11.291446755974091, 51.868436449155475 ] } },
{ "type": "Feature", "properties": { "Easting (m)": 5748500, "Northing (m)": 4451400, "Class1": 0.10186, "Class2": 0.13331, "Class3": 0.42516, "Class4": 0.12543, "Class5": 0.113, "Class6": 0.10125 }, "geometry": { "type": "Point", "coordinates": [ 11.2928984598719, 51.868445170608148 ] } },
{ "type": "Feature", "properties": { "Easting (m)": 5748500, "Northing (m)": 4451500, "Class1": 0.10335, "Class2": 0.13664, "Class3": 0.40905, "Class4": 0.13564, "Class5": 0.11395, "Class6": 0.10137 }, "geometry": { "type": "Point", "coordinates": [ 11.294350164503784, 51.868453874147868 ] } },
{ "type": "Feature", "properties": { "Easting (m)": 5748500, "Northing (m)": 4451600, "Class1": 0.10748, "Class2": 0.13305, "Class3": 0.40087, "Class4": 0.1439, "Class5": 0.11016, "Class6": 0.10455 }, "geometry": { "type": "Point", "coordinates": [ 11.295801869868235, 51.868462559774585 ] } },
{ "type": "Feature", "properties": { "Easting (m)": 5748500, "Northing (m)": 4451700, "Class1": 0.0997, "Class2": 0.12444, "Class3": 0.44584, "Class4": 0.12901, "Class5": 0.10319, "Class6": 0.09782 }, "geometry": { "type": "Point", "coordinates": [ 11.297253575963744, 51.868471227488307 ] } },
{ "type": "Feature", "properties": { "Easting (m)": 5748500, "Northing (m)": 4451800, "Class1": 0.09808, "Class2": 0.12026, "Class3": 0.46033, "Class4": 0.1252, "Class5": 0.09975, "Class6": 0.09637 }, "geometry": { "type": "Point", "coordinates": [ 11.298705282788797, 51.868479877289005 ] } },
{ "type": "Feature", "properties": { "Easting (m)": 5748500, "Northing (m)": 4451900, "Class1": 0.1018, "Class2": 0.12171, "Class3": 0.44469, "Class4": 0.13144, "Class5": 0.10077, "Class6": 0.09959 }, "geometry": { "type": "Point", "coordinates": [ 11.300156990341891, 51.868488509176657 ] } },
{ "type": "Feature", "properties": { "Easting (m)": 5748500, "Northing (m)": 4452000, "Class1": 0.09688, "Class2": 0.11679, "Class3": 0.47177, "Class4": 0.12232, "Class5": 0.09692, "Class6": 0.09532 }, "geometry": { "type": "Point", "coordinates": [ 11.301608698621516, 51.868497123151236 ] } },
{ "type": "Feature", "properties": { "Easting (m)": 5748500, "Northing (m)": 4452100, "Class1": 0.09413, "Class2": 0.1124, "Class3": 0.49093, "Class4": 0.11594, "Class5": 0.09359, "Class6": 0.09302 }, "geometry": { "type": "Point", "coordinates": [ 11.303060407626157, 51.868505719212735 ] } },
{ "type": "Feature", "properties": { "Easting (m)": 5748500, "Northing (m)": 4452200, "Class1": 0.09409, "Class2": 0.11135, "Class3": 0.49334, "Class4": 0.11576, "Class5": 0.09261, "Class6": 0.09286 }, "geometry": { "type": "Point", "coordinates": [ 11.304512117354312, 51.868514297361131 ] } },
{ "type": "Feature", "properties": { "Easting (m)": 5748500, "Northing (m)": 4452300, "Class1": 0.09404, "Class2": 0.11227, "Class3": 0.4918, "Class4": 0.11568, "Class5": 0.0934, "Class6": 0.09281 }, "geometry": { "type": "Point", "coordinates": [ 11.305963827804467, 51.868522857596396 ] } },
{ "type": "Feature", "properties": { "Easting (m)": 5748500, "Northing (m)": 4452400, "Class1": 0.09436, "Class2": 0.11449, "Class3": 0.48669, "Class4": 0.11588, "Class5": 0.0954, "Class6": 0.09318 }, "geometry": { "type": "Point", "coordinates": [ 11.307415538975116, 51.868531399918503 ] } },
{ "type": "Feature", "properties": { "Easting (m)": 5748500, "Northing (m)": 4452500, "Class1": 0.01129, "Class2": 0.01359, "Class3": 0.01224, "Class4": 0.90374, "Class5": 0.04812, "Class6": 0.01102 }, "geometry": { "type": "Point", "coordinates": [ 11.308867250864749, 51.86853992432745 ] } },
{ "type": "Feature", "properties": { "Easting (m)": 5748500, "Northing (m)": 4452600, "Class1": 0.09853, "Class2": 0.11657, "Class3": 0.46863, "Class4": 0.12321, "Class5": 0.09693, "Class6": 0.09614 }, "geometry": { "type": "Point", "coordinates": [ 11.310318963471854, 51.868548430823203 ] } },
{ "type": "Feature", "properties": { "Easting (m)": 5748500, "Northing (m)": 4452700, "Class1": 0.0958, "Class2": 0.11371, "Class3": 0.48411, "Class4": 0.11794, "Class5": 0.09488, "Class6": 0.09356 }, "geometry": { "type": "Point", "coordinates": [ 11.311770676794925, 51.868556919405748 ] } },
{ "type": "Feature", "properties": { "Easting (m)": 5748500, "Northing (m)": 4452800, "Class1": 0.09287, "Class2": 0.11075, "Class3": 0.50054, "Class4": 0.11206, "Class5": 0.09295, "Class6": 0.09084 }, "geometry": { "type": "Point", "coordinates": [ 11.313222390832449, 51.868565390075084 ] } },
{ "type": "Feature", "properties": { "Easting (m)": 5748500, "Northing (m)": 4452900, "Class1": 0.09851, "Class2": 0.1176, "Class3": 0.46624, "Class4": 0.12363, "Class5": 0.09787, "Class6": 0.09615 }, "geometry": { "type": "Point", "coordinates": [ 11.314674105582924, 51.868573842831147 ] } },
{ "type": "Feature", "properties": { "Easting (m)": 5748500, "Northing (m)": 4453000, "Class1": 0.10454, "Class2": 0.12388, "Class3": 0.43184, "Class4": 0.13532, "Class5": 0.10252, "Class6": 0.1019 }, "geometry": { "type": "Point", "coordinates": [ 11.316125821044833, 51.868582277673944 ] } },
{ "type": "Feature", "properties": { "Easting (m)": 5748500, "Northing (m)": 4453100, "Class1": 0.10103, "Class2": 0.12021, "Class3": 0.45194, "Class4": 0.12851, "Class5": 0.09977, "Class6": 0.09853 }, "geometry": { "type": "Point", "coordinates": [ 11.317577537216671, 51.868590694603455 ] } },
{ "type": "Feature", "properties": { "Easting (m)": 5748500, "Northing (m)": 4453200, "Class1": 0.09687, "Class2": 0.11489, "Class3": 0.47743, "Class4": 0.12041, "Class5": 0.09573, "Class6": 0.09467 }, "geometry": { "type": "Point", "coordinates": [ 11.319029254096927, 51.868599093619657 ] } },
{ "type": "Feature", "properties": { "Easting (m)": 5748500, "Northing (m)": 4453300, "Class1": 0.01491, "Class2": 0.01775, "Class3": 0.01625, "Class4": 0.87018, "Class5": 0.06634, "Class6": 0.01456 }, "geometry": { "type": "Point", "coordinates": [ 11.320480971684097, 51.868607474722531 ] } },
{ "type": "Feature", "properties": { "Easting (m)": 5748500, "Northing (m)": 4453400, "Class1": 0.01616, "Class2": 0.01912, "Class3": 0.01761, "Class4": 0.86479, "Class5": 0.06653, "Class6": 0.01578 }, "geometry": { "type": "Point", "coordinates": [ 11.321932689976663, 51.86861583791206 ] } },
{ "type": "Feature", "properties": { "Easting (m)": 5748500, "Northing (m)": 4453500, "Class1": 0.02115, "Class2": 0.02458, "Class3": 0.02307, "Class4": 0.83261, "Class5": 0.07792, "Class6": 0.02067 }, "geometry": { "type": "Point", "coordinates": [ 11.323384408973121, 51.86862418318821 ] } },
{ "type": "Feature", "properties": { "Easting (m)": 5748500, "Northing (m)": 4453600, "Class1": 0.01966, "Class2": 0.02291, "Class3": 0.02145, "Class4": 0.84162, "Class5": 0.07515, "Class6": 0.01921 }, "geometry": { "type": "Point", "coordinates": [ 11.324836128671961, 51.868632510550974 ] } },
{ "type": "Feature", "properties": { "Easting (m)": 5748500, "Northing (m)": 4453700, "Class1": 0.01999, "Class2": 0.02338, "Class3": 0.02192, "Class4": 0.825, "Class5": 0.09011, "Class6": 0.01959 }, "geometry": { "type": "Point", "coordinates": [ 11.326287849071674, 51.868640820000337 ] } },
{ "type": "Feature", "properties": { "Easting (m)": 5748500, "Northing (m)": 4453800, "Class1": 0.02126, "Class2": 0.02466, "Class3": 0.02331, "Class4": 0.83009, "Class5": 0.07982, "Class6": 0.02086 }, "geometry": { "type": "Point", "coordinates": [ 11.327739570170749, 51.868649111536264 ] } },
{ "type": "Feature", "properties": { "Easting (m)": 5748500, "Northing (m)": 4453900, "Class1": 0.0173, "Class2": 0.02051, "Class3": 0.019, "Class4": 0.84844, "Class5": 0.0777, "Class6": 0.01705 }, "geometry": { "type": "Point", "coordinates": [ 11.32919129196768, 51.868657385158748 ] } },
{ "type": "Feature", "properties": { "Easting (m)": 5748500, "Northing (m)": 4454000, "Class1": 0.014, "Class2": 0.01664, "Class3": 0.01524, "Class4": 0.88382, "Class5": 0.05661, "Class6": 0.01368 }, "geometry": { "type": "Point", "coordinates": [ 11.330643014460955, 51.868665640867761 ] } },
{ "type": "Feature", "properties": { "Easting (m)": 5748500, "Northing (m)": 4454100, "Class1": 0.0088, "Class2": 0.01075, "Class3": 0.00959, "Class4": 0.92054, "Class5": 0.0417, "Class6": 0.00862 }, "geometry": { "type": "Point", "coordinates": [ 11.332094737553195, 51.868673878691958 ] } },
{ "type": "Feature", "properties": { "Easting (m)": 5748500, "Northing (m)": 4454200, "Class1": 0.01431, "Class2": 0.01719, "Class3": 0.01552, "Class4": 0.87736, "Class5": 0.06169, "Class6": 0.01393 }, "geometry": { "type": "Point", "coordinates": [ 11.333546460634043, 51.868682098813508 ] } },
{ "type": "Feature", "properties": { "Easting (m)": 5748500, "Northing (m)": 4454300, "Class1": 0.04554, "Class2": 0.05329, "Class3": 0.05015, "Class4": 0.52939, "Class5": 0.27673, "Class6": 0.0449 }, "geometry": { "type": "Point", "coordinates": [ 11.334998184406778, 51.868690301021637 ] } },
{ "type": "Feature", "properties": { "Easting (m)": 5748500, "Northing (m)": 4454400, "Class1": 0.02374, "Class2": 0.03001, "Class3": 0.02601, "Class4": 0.75641, "Class5": 0.14035, "Class6": 0.02348 }, "geometry": { "type": "Point", "coordinates": [ 11.336449908869884, 51.868698485316322 ] } },
{ "type": "Feature", "properties": { "Easting (m)": 5748500, "Northing (m)": 4454500, "Class1": 0.05333, "Class2": 0.06312, "Class3": 0.05888, "Class4": 0.51641, "Class5": 0.25479, "Class6": 0.05347 }, "geometry": { "type": "Point", "coordinates": [ 11.337901634021859, 51.868706651697551 ] } },
{ "type": "Feature", "properties": { "Easting (m)": 5748500, "Northing (m)": 4454600, "Class1": 0.01399, "Class2": 0.01702, "Class3": 0.01526, "Class4": 0.86807, "Class5": 0.07189, "Class6": 0.01376 }, "geometry": { "type": "Point", "coordinates": [ 11.339353359861189, 51.868714800165293 ] } },
{ "type": "Feature", "properties": { "Easting (m)": 5748500, "Northing (m)": 4454700, "Class1": 0.01798, "Class2": 0.02138, "Class3": 0.01967, "Class4": 0.83673, "Class5": 0.08652, "Class6": 0.01772 }, "geometry": { "type": "Point", "coordinates": [ 11.340805086386364, 51.868722930719542 ] } },
{ "type": "Feature", "properties": { "Easting (m)": 5748500, "Northing (m)": 4454800, "Class1": 0.02359, "Class2": 0.02797, "Class3": 0.02584, "Class4": 0.78302, "Class5": 0.11628, "Class6": 0.02331 }, "geometry": { "type": "Point", "coordinates": [ 11.342256813595876, 51.868731043360278 ] } },
{ "type": "Feature", "properties": { "Easting (m)": 5748500, "Northing (m)": 4454900, "Class1": 0.03175, "Class2": 0.0386, "Class3": 0.03469, "Class4": 0.68737, "Class5": 0.17613, "Class6": 0.03147 }, "geometry": { "type": "Point", "coordinates": [ 11.343708541488214, 51.868739138087477 ] } },
{ "type": "Feature", "properties": { "Easting (m)": 5748500, "Northing (m)": 4455000, "Class1": 0.05006, "Class2": 0.06003, "Class3": 0.05483, "Class4": 0.52412, "Class5": 0.26094, "Class6": 0.05003 }, "geometry": { "type": "Point", "coordinates": [ 11.34516027006187, 51.86874721490112 ] } },
{ "type": "Feature", "properties": { "Easting (m)": 5748500, "Northing (m)": 4455100, "Class1": 0.06024, "Class2": 0.06952, "Class3": 0.06609, "Class4": 0.47033, "Class5": 0.27335, "Class6": 0.06047 }, "geometry": { "type": "Point", "coordinates": [ 11.346611999315334, 51.868755273801177 ] } },
{ "type": "Feature", "properties": { "Easting (m)": 5748500, "Northing (m)": 4455200, "Class1": 0.05689, "Class2": 0.06538, "Class3": 0.06218, "Class4": 0.4939, "Class5": 0.2647, "Class6": 0.05696 }, "geometry": { "type": "Point", "coordinates": [ 11.348063729247096, 51.868763314787635 ] } },
{ "type": "Feature", "properties": { "Easting (m)": 5748500, "Northing (m)": 4455300, "Class1": 0.03401, "Class2": 0.04046, "Class3": 0.03678, "Class4": 0.66952, "Class5": 0.18562, "Class6": 0.03361 }, "geometry": { "type": "Point", "coordinates": [ 11.349515459855647, 51.868771337860501 ] } },
{ "type": "Feature", "properties": { "Easting (m)": 5748500, "Northing (m)": 4455400, "Class1": 0.02521, "Class2": 0.02929, "Class3": 0.02682, "Class4": 0.80232, "Class5": 0.09196, "Class6": 0.02439 }, "geometry": { "type": "Point", "coordinates": [ 11.350967191139478, 51.86877934301971 ] } },
{ "type": "Feature", "properties": { "Easting (m)": 5748500, "Northing (m)": 4455500, "Class1": 0.03044, "Class2": 0.03601, "Class3": 0.03259, "Class4": 0.69029, "Class5": 0.18111, "Class6": 0.02957 }, "geometry": { "type": "Point", "coordinates": [ 11.352418923097076, 51.868787330265278 ] } },
{ "type": "Feature", "properties": { "Easting (m)": 5748500, "Northing (m)": 4455600, "Class1": 0.03354, "Class2": 0.03948, "Class3": 0.03601, "Class4": 0.65069, "Class5": 0.20765, "Class6": 0.03263 }, "geometry": { "type": "Point", "coordinates": [ 11.353870655726938, 51.868795299597153 ] } },
{ "type": "Feature", "properties": { "Easting (m)": 5748500, "Northing (m)": 4455700, "Class1": 0.03673, "Class2": 0.04338, "Class3": 0.03945, "Class4": 0.60678, "Class5": 0.23789, "Class6": 0.03577 }, "geometry": { "type": "Point", "coordinates": [ 11.355322389027549, 51.86880325101535 ] } },
{ "type": "Feature", "properties": { "Easting (m)": 5748400, "Northing (m)": 4450200, "Class1": 0.04132, "Class2": 0.05297, "Class3": 0.04422, "Class4": 0.28649, "Class5": 0.53451, "Class6": 0.04049 }, "geometry": { "type": "Point", "coordinates": [ 11.275492484813872, 51.86744064774738 ] } },
{ "type": "Feature", "properties": { "Easting (m)": 5748400, "Northing (m)": 4450300, "Class1": 0.03892, "Class2": 0.04774, "Class3": 0.04236, "Class4": 0.25669, "Class5": 0.57571, "Class6": 0.03858 }, "geometry": { "type": "Point", "coordinates": [ 11.276944151609467, 51.867449565959689 ] } },
{ "type": "Feature", "properties": { "Easting (m)": 5748400, "Northing (m)": 4450400, "Class1": 0.04442, "Class2": 0.05324, "Class3": 0.0487, "Class4": 0.27221, "Class5": 0.53718, "Class6": 0.04423 }, "geometry": { "type": "Point", "coordinates": [ 11.278395819155685, 51.867458466259819 ] } },
{ "type": "Feature", "properties": { "Easting (m)": 5748400, "Northing (m)": 4450500, "Class1": 0.04754, "Class2": 0.0564, "Class3": 0.0524, "Class4": 0.27028, "Class5": 0.52585, "Class6": 0.04753 }, "geometry": { "type": "Point", "coordinates": [ 11.279847487451018, 51.867467348647786 ] } },
{ "type": "Feature", "properties": { "Easting (m)": 5748400, "Northing (m)": 4450600, "Class1": 0.04657, "Class2": 0.05568, "Class3": 0.05149, "Class4": 0.25556, "Class5": 0.544, "Class6": 0.04669 }, "geometry": { "type": "Point", "coordinates": [ 11.281299156493956, 51.867476213123545 ] } },
{ "type": "Feature", "properties": { "Easting (m)": 5748400, "Northing (m)": 4450700, "Class1": 0.04054, "Class2": 0.04978, "Class3": 0.04481, "Class4": 0.23312, "Class5": 0.59112, "Class6": 0.04062 }, "geometry": { "type": "Point", "coordinates": [ 11.282750826282992, 51.867485059687084 ] } },
{ "type": "Feature", "properties": { "Easting (m)": 5748400, "Northing (m)": 4450800, "Class1": 0.03609, "Class2": 0.04544, "Class3": 0.03976, "Class4": 0.23127, "Class5": 0.61142, "Class6": 0.03601 }, "geometry": { "type": "Point", "coordinates": [ 11.284202496816613, 51.867493888338387 ] } },
{ "type": "Feature", "properties": { "Easting (m)": 5748400, "Northing (m)": 4450900, "Class1": 0.02944, "Class2": 0.03858, "Class3": 0.03221, "Class4": 0.20976, "Class5": 0.66081, "Class6": 0.02921 }, "geometry": { "type": "Point", "coordinates": [ 11.285654168093313, 51.86750269907742 ] } },
{ "type": "Feature", "properties": { "Easting (m)": 5748400, "Northing (m)": 4451000, "Class1": 0.02521, "Class2": 0.03456, "Class3": 0.02733, "Class4": 0.18438, "Class5": 0.70364, "Class6": 0.02488 }, "geometry": { "type": "Point", "coordinates": [ 11.287105840111586, 51.867511491904168 ] } },
{ "type": "Feature", "properties": { "Easting (m)": 5748400, "Northing (m)": 4451100, "Class1": 0.04733, "Class2": 0.06145, "Class3": 0.05124, "Class4": 0.34103, "Class5": 0.4525, "Class6": 0.04644 }, "geometry": { "type": "Point", "coordinates": [ 11.288557512869916, 51.867520266818616 ] } },
{ "type": "Feature", "properties": { "Easting (m)": 5748400, "Northing (m)": 4451200, "Class1": 0.04942, "Class2": 0.06158, "Class3": 0.054, "Class4": 0.40422, "Class5": 0.38216, "Class6": 0.04861 }, "geometry": { "type": "Point", "coordinates": [ 11.290009186366797, 51.86752902382073 ] } },
{ "type": "Feature", "properties": { "Easting (m)": 5748400, "Northing (m)": 4451300, "Class1": 0.01955, "Class2": 0.02527, "Class3": 0.02105, "Class4": 0.82035, "Class5": 0.09481, "Class6": 0.01896 }, "geometry": { "type": "Point", "coordinates": [ 11.291460860600722, 51.867537762910494 ] } },
{ "type": "Feature", "properties": { "Easting (m)": 5748400, "Northing (m)": 4451400, "Class1": 0.09906, "Class2": 0.12755, "Class3": 0.44454, "Class4": 0.12335, "Class5": 0.10727, "Class6": 0.09823 }, "geometry": { "type": "Point", "coordinates": [ 11.29291253557018, 51.867546484087896 ] } },
{ "type": "Feature", "properties": { "Easting (m)": 5748400, "Northing (m)": 4451500, "Class1": 0.10266, "Class2": 0.1361, "Class3": 0.41333, "Class4": 0.13309, "Class5": 0.11385, "Class6": 0.10097 }, "geometry": { "type": "Point", "coordinates": [ 11.294364211273663, 51.867555187352913 ] } },
{ "type": "Feature", "properties": { "Easting (m)": 5748400, "Northing (m)": 4451600, "Class1": 0.10519, "Class2": 0.137, "Class3": 0.40426, "Class4": 0.13609, "Class5": 0.11534, "Class6": 0.10212 }, "geometry": { "type": "Point", "coordinates": [ 11.29581588770966, 51.86756387270551 ] } },
{ "type": "Feature", "properties": { "Easting (m)": 5748400, "Northing (m)": 4451700, "Class1": 0.10607, "Class2": 0.13415, "Class3": 0.40296, "Class4": 0.14237, "Class5": 0.11111, "Class6": 0.10334 }, "geometry": { "type": "Point", "coordinates": [ 11.297267564876664, 51.867572540145694 ] } },
{ "type": "Feature", "properties": { "Easting (m)": 5748400, "Northing (m)": 4451800, "Class1": 0.10065, "Class2": 0.12533, "Class3": 0.44053, "Class4": 0.13101, "Class5": 0.10385, "Class6": 0.09863 }, "geometry": { "type": "Point", "coordinates": [ 11.298719242773165, 51.867581189673416 ] } },
{ "type": "Feature", "properties": { "Easting (m)": 5748400, "Northing (m)": 4451900, "Class1": 0.10285, "Class2": 0.12566, "Class3": 0.43231, "Class4": 0.13467, "Class5": 0.104, "Class6": 0.10051 }, "geometry": { "type": "Point", "coordinates": [ 11.300170921397655, 51.867589821288668 ] } },
{ "type": "Feature", "properties": { "Easting (m)": 5748400, "Northing (m)": 4452000, "Class1": 0.0994, "Class2": 0.12366, "Class3": 0.44851, "Class4": 0.12832, "Class5": 0.10255, "Class6": 0.09756 }, "geometry": { "type": "Point", "coordinates": [ 11.301622600748622, 51.867598434991422 ] } },
{ "type": "Feature", "properties": { "Easting (m)": 5748400, "Northing (m)": 4452100, "Class1": 0.09676, "Class2": 0.11817, "Class3": 0.46933, "Class4": 0.12232, "Class5": 0.09814, "Class6": 0.09527 }, "geometry": { "type": "Point", "coordinates": [ 11.303074280824561, 51.86760703078167 ] } },
{ "type": "Feature", "properties": { "Easting (m)": 5748400, "Northing (m)": 4452200, "Class1": 0.09509, "Class2": 0.11329, "Class3": 0.48548, "Class4": 0.11816, "Class5": 0.09417, "Class6": 0.0938 }, "geometry": { "type": "Point", "coordinates": [ 11.304525961623961, 51.867615608659392 ] } },
{ "type": "Feature", "properties": { "Easting (m)": 5748400, "Northing (m)": 4452300, "Class1": 0.09349, "Class2": 0.11105, "Class3": 0.4961, "Class4": 0.11431, "Class5": 0.09256, "Class6": 0.09249 }, "geometry": { "type": "Point", "coordinates": [ 11.30597764314531, 51.867624168624545 ] } },
{ "type": "Feature", "properties": { "Easting (m)": 5748400, "Northing (m)": 4452400, "Class1": 0.01913, "Class2": 0.02266, "Class3": 0.02102, "Class4": 0.83049, "Class5": 0.08782, "Class6": 0.01888 }, "geometry": { "type": "Point", "coordinates": [ 11.307429325387105, 51.867632710677135 ] } },
{ "type": "Feature", "properties": { "Easting (m)": 5748400, "Northing (m)": 4452500, "Class1": 0.02288, "Class2": 0.02618, "Class3": 0.025, "Class4": 0.82084, "Class5": 0.08269, "Class6": 0.02241 }, "geometry": { "type": "Point", "coordinates": [ 11.308881008347832, 51.867641234817121 ] } },
{ "type": "Feature", "properties": { "Easting (m)": 5748400, "Northing (m)": 4452600, "Class1": 0.09842, "Class2": 0.1122, "Class3": 0.47796, "Class4": 0.12176, "Class5": 0.09322, "Class6": 0.09645 }, "geometry": { "type": "Point", "coordinates": [ 11.310332692025984, 51.867649741044509 ] } },
{ "type": "Feature", "properties": { "Easting (m)": 5748400, "Northing (m)": 4452700, "Class1": 0.09809, "Class2": 0.11362, "Class3": 0.47589, "Class4": 0.12199, "Class5": 0.09442, "Class6": 0.09599 }, "geometry": { "type": "Point", "coordinates": [ 11.311784376420052, 51.86765822935925 ] } },
{ "type": "Feature", "properties": { "Easting (m)": 5748400, "Northing (m)": 4452800, "Class1": 0.09483, "Class2": 0.11248, "Class3": 0.48964, "Class4": 0.11634, "Class5": 0.09397, "Class6": 0.09274 }, "geometry": { "type": "Point", "coordinates": [ 11.313236061528524, 51.867666699761351 ] } },
{ "type": "Feature", "properties": { "Easting (m)": 5748400, "Northing (m)": 4452900, "Class1": 0.10186, "Class2": 0.12287, "Class3": 0.44332, "Class4": 0.13066, "Class5": 0.10203, "Class6": 0.09926 }, "geometry": { "type": "Point", "coordinates": [ 11.314687747349893, 51.867675152250762 ] } },
{ "type": "Feature", "properties": { "Easting (m)": 5748400, "Northing (m)": 4453000, "Class1": 0.10562, "Class2": 0.12866, "Class3": 0.41752, "Class4": 0.13892, "Class5": 0.10646, "Class6": 0.10282 }, "geometry": { "type": "Point", "coordinates": [ 11.316139433882654, 51.867683586827482 ] } },
{ "type": "Feature", "properties": { "Easting (m)": 5748400, "Northing (m)": 4453100, "Class1": 0.10021, "Class2": 0.12236, "Class3": 0.45064, "Class4": 0.1272, "Class5": 0.10196, "Class6": 0.09763 }, "geometry": { "type": "Point", "coordinates": [ 11.317591121125291, 51.867692003491491 ] } },
{ "type": "Feature", "properties": { "Easting (m)": 5748400, "Northing (m)": 4453200, "Class1": 0.09648, "Class2": 0.11756, "Class3": 0.4738, "Class4": 0.1195, "Class5": 0.09846, "Class6": 0.0942 }, "geometry": { "type": "Point", "coordinates": [ 11.319042809076299, 51.867700402242782 ] } },
{ "type": "Feature", "properties": { "Easting (m)": 5748400, "Northing (m)": 4453300, "Class1": 0.01345, "Class2": 0.01656, "Class3": 0.01459, "Class4": 0.87681, "Class5": 0.06549, "Class6": 0.01309 }, "geometry": { "type": "Point", "coordinates": [ 11.320494497734167, 51.867708783081291 ] } },
{ "type": "Feature", "properties": { "Easting (m)": 5748400, "Northing (m)": 4453400, "Class1": 0.01411, "Class2": 0.01747, "Class3": 0.0153, "Class4": 0.86717, "Class5": 0.07222, "Class6": 0.01373 }, "geometry": { "type": "Point", "coordinates": [ 11.321946187097387, 51.867717146007038 ] } },
{ "type": "Feature", "properties": { "Easting (m)": 5748400, "Northing (m)": 4453500, "Class1": 0.01382, "Class2": 0.01689, "Class3": 0.01505, "Class4": 0.87171, "Class5": 0.06903, "Class6": 0.01348 }, "geometry": { "type": "Point", "coordinates": [ 11.323397877164451, 51.867725491019989 ] } },
{ "type": "Feature", "properties": { "Easting (m)": 5748400, "Northing (m)": 4453600, "Class1": 0.01759, "Class2": 0.02074, "Class3": 0.01924, "Class4": 0.8527, "Class5": 0.07252, "Class6": 0.01721 }, "geometry": { "type": "Point", "coordinates": [ 11.324849567933848, 51.867733818120129 ] } },
{ "type": "Feature", "properties": { "Easting (m)": 5748400, "Northing (m)": 4453700, "Class1": 0.02701, "Class2": 0.03119, "Class3": 0.02979, "Class4": 0.76474, "Class5": 0.12072, "Class6": 0.02655 }, "geometry": { "type": "Point", "coordinates": [ 11.326301259404067, 51.867742127307437 ] } },
{ "type": "Feature", "properties": { "Easting (m)": 5748400, "Northing (m)": 4453800, "Class1": 0.02106, "Class2": 0.02461, "Class3": 0.02315, "Class4": 0.83009, "Class5": 0.0804, "Class6": 0.02069 }, "geometry": { "type": "Point", "coordinates": [ 11.327752951573601, 51.867750418581878 ] } },
{ "type": "Feature", "properties": { "Easting (m)": 5748400, "Northing (m)": 4453900, "Class1": 0.02269, "Class2": 0.02719, "Class3": 0.02501, "Class4": 0.79354, "Class5": 0.10911, "Class6": 0.02245 }, "geometry": { "type": "Point", "coordinates": [ 11.329204644440942, 51.867758691943465 ] } },
{ "type": "Feature", "properties": { "Easting (m)": 5748400, "Northing (m)": 4454000, "Class1": 0.0114, "Class2": 0.01372, "Class3": 0.01246, "Class4": 0.90101, "Class5": 0.05023, "Class6": 0.01118 }, "geometry": { "type": "Point", "coordinates": [ 11.33065633800458, 51.867766947392155 ] } },
{ "type": "Feature", "properties": { "Easting (m)": 5748400, "Northing (m)": 4454100, "Class1": 0.01154, "Class2": 0.0143, "Class3": 0.01261, "Class4": 0.88966, "Class5": 0.06055, "Class6": 0.01135 }, "geometry": { "type": "Point", "coordinates": [ 11.332108032159329, 51.867775184958035 ] } },
{ "type": "Feature", "properties": { "Easting (m)": 5748400, "Northing (m)": 4454200, "Class1": 0.01477, "Class2": 0.01799, "Class3": 0.01597, "Class4": 0.87328, "Class5": 0.06363, "Class6": 0.01436 }, "geometry": { "type": "Point", "coordinates": [ 11.333559726306765, 51.867783404814539 ] } },
{ "type": "Feature", "properties": { "Easting (m)": 5748400, "Northing (m)": 4454300, "Class1": 0.04662, "Class2": 0.05488, "Class3": 0.05135, "Class4": 0.51075, "Class5": 0.29043, "Class6": 0.04597 }, "geometry": { "type": "Point", "coordinates": [ 11.335011421146039, 51.867791606758189 ] } },
{ "type": "Feature", "properties": { "Easting (m)": 5748400, "Northing (m)": 4454400, "Class1": 0.01698, "Class2": 0.02124, "Class3": 0.01863, "Class4": 0.83253, "Class5": 0.09385, "Class6": 0.01676 }, "geometry": { "type": "Point", "coordinates": [ 11.336463116675636, 51.867799790788979 ] } },
{ "type": "Feature", "properties": { "Easting (m)": 5748400, "Northing (m)": 4454500, "Class1": 0.0481, "Class2": 0.0567, "Class3": 0.0532, "Class4": 0.56648, "Class5": 0.22739, "Class6": 0.04813 }, "geometry": { "type": "Point", "coordinates": [ 11.337914812894054, 51.867807956906894 ] } },
{ "type": "Feature", "properties": { "Easting (m)": 5748400, "Northing (m)": 4454600, "Class1": 0.01655, "Class2": 0.0193, "Class3": 0.0181, "Class4": 0.86244, "Class5": 0.06737, "Class6": 0.01624 }, "geometry": { "type": "Point", "coordinates": [ 11.339366509799778, 51.867816105111899 ] } },
{ "type": "Feature", "properties": { "Easting (m)": 5748400, "Northing (m)": 4454700, "Class1": 0.01965, "Class2": 0.02306, "Class3": 0.02157, "Class4": 0.82876, "Class5": 0.08758, "Class6": 0.01938 }, "geometry": { "type": "Point", "coordinates": [ 11.340818207391301, 51.86782423540398 ] } },
{ "type": "Feature", "properties": { "Easting (m)": 5748400, "Northing (m)": 4454800, "Class1": 0.03675, "Class2": 0.04406, "Class3": 0.0404, "Class4": 0.65171, "Class5": 0.19054, "Class6": 0.03655 }, "geometry": { "type": "Point", "coordinates": [ 11.342269905667113, 51.867832347783121 ] } },
{ "type": "Feature", "properties": { "Easting (m)": 5748400, "Northing (m)": 4454900, "Class1": 0.04583, "Class2": 0.05578, "Class3": 0.05013, "Class4": 0.55056, "Class5": 0.25201, "Class6": 0.0457 }, "geometry": { "type": "Point", "coordinates": [ 11.343721604625705, 51.867840442249303 ] } },
{ "type": "Feature", "properties": { "Easting (m)": 5748400, "Northing (m)": 4455000, "Class1": 0.04936, "Class2": 0.05928, "Class3": 0.05397, "Class4": 0.52717, "Class5": 0.26094, "Class6": 0.04928 }, "geometry": { "type": "Point", "coordinates": [ 11.345173304265568, 51.867848518802504 ] } },
{ "type": "Feature", "properties": { "Easting (m)": 5748400, "Northing (m)": 4455100, "Class1": 0.04937, "Class2": 0.0568, "Class3": 0.0542, "Class4": 0.56053, "Class5": 0.22979, "Class6": 0.04932 }, "geometry": { "type": "Point", "coordinates": [ 11.34662500458519, 51.867856577442687 ] } },
{ "type": "Feature", "properties": { "Easting (m)": 5748400, "Northing (m)": 4455200, "Class1": 0.04781, "Class2": 0.05326, "Class3": 0.05247, "Class4": 0.59573, "Class5": 0.20306, "Class6": 0.04767 }, "geometry": { "type": "Point", "coordinates": [ 11.348076705583066, 51.867864618169847 ] } },
{ "type": "Feature", "properties": { "Easting (m)": 5748400, "Northing (m)": 4455300, "Class1": 0.0314, "Class2": 0.03544, "Class3": 0.03423, "Class4": 0.72782, "Class5": 0.14006, "Class6": 0.03105 }, "geometry": { "type": "Point", "coordinates": [ 11.349528407257683, 51.867872640983983 ] } },
{ "type": "Feature", "properties": { "Easting (m)": 5748400, "Northing (m)": 4455400, "Class1": 0.02032, "Class2": 0.02282, "Class3": 0.02187, "Class4": 0.84034, "Class5": 0.07485, "Class6": 0.0198 }, "geometry": { "type": "Point", "coordinates": [ 11.350980109607532, 51.867880645885052 ] } },
{ "type": "Feature", "properties": { "Easting (m)": 5748400, "Northing (m)": 4455500, "Class1": 0.02199, "Class2": 0.02477, "Class3": 0.02374, "Class4": 0.81008, "Class5": 0.098, "Class6": 0.02143 }, "geometry": { "type": "Point", "coordinates": [ 11.352431812631105, 51.867888632873047 ] } },
{ "type": "Feature", "properties": { "Easting (m)": 5748400, "Northing (m)": 4455600, "Class1": 0.02314, "Class2": 0.02624, "Class3": 0.02502, "Class4": 0.79347, "Class5": 0.10957, "Class6": 0.02256 }, "geometry": { "type": "Point", "coordinates": [ 11.35388351632689, 51.86789660194794 ] } },
{ "type": "Feature", "properties": { "Easting (m)": 5748400, "Northing (m)": 4455700, "Class1": 0.02144, "Class2": 0.02461, "Class3": 0.02314, "Class4": 0.80589, "Class5": 0.10404, "Class6": 0.02088 }, "geometry": { "type": "Point", "coordinates": [ 11.355335220693382, 51.867904553109717 ] } },
{ "type": "Feature", "properties": { "Easting (m)": 5748400, "Northing (m)": 4455800, "Class1": 0.02391, "Class2": 0.02808, "Class3": 0.02573, "Class4": 0.76845, "Class5": 0.13057, "Class6": 0.02326 }, "geometry": { "type": "Point", "coordinates": [ 11.356786925729066, 51.867912486358357 ] } },
{ "type": "Feature", "properties": { "Easting (m)": 5748400, "Northing (m)": 4455900, "Class1": 0.02967, "Class2": 0.03585, "Class3": 0.03177, "Class4": 0.69117, "Class5": 0.18274, "Class6": 0.0288 }, "geometry": { "type": "Point", "coordinates": [ 11.358238631432439, 51.86792040169383 ] } },
{ "type": "Feature", "properties": { "Easting (m)": 5748300, "Northing (m)": 4450300, "Class1": 0.03643, "Class2": 0.0441, "Class3": 0.03926, "Class4": 0.59216, "Class5": 0.25254, "Class6": 0.03551 }, "geometry": { "type": "Point", "coordinates": [ 11.276958544766391, 51.866550882358631 ] } },
{ "type": "Feature", "properties": { "Easting (m)": 5748300, "Northing (m)": 4450400, "Class1": 0.05196, "Class2": 0.06222, "Class3": 0.05639, "Class4": 0.3416, "Class5": 0.43663, "Class6": 0.05121 }, "geometry": { "type": "Point", "coordinates": [ 11.278410183386278, 51.86655978237777 ] } },
{ "type": "Feature", "properties": { "Easting (m)": 5748300, "Northing (m)": 4450500, "Class1": 0.05073, "Class2": 0.0602, "Class3": 0.05548, "Class4": 0.32057, "Class5": 0.46273, "Class6": 0.05029 }, "geometry": { "type": "Point", "coordinates": [ 11.27986182275523, 51.8665686644853 ] } },
{ "type": "Feature", "properties": { "Easting (m)": 5748300, "Northing (m)": 4450600, "Class1": 0.04924, "Class2": 0.05876, "Class3": 0.05407, "Class4": 0.30692, "Class5": 0.48205, "Class6": 0.04895 }, "geometry": { "type": "Point", "coordinates": [ 11.281313462871736, 51.866577528681198 ] } },
{ "type": "Feature", "properties": { "Easting (m)": 5748300, "Northing (m)": 4450700, "Class1": 0.04451, "Class2": 0.05402, "Class3": 0.04898, "Class4": 0.27708, "Class5": 0.53105, "Class6": 0.04436 }, "geometry": { "type": "Point", "coordinates": [ 11.282765103734286, 51.866586374965458 ] } },
{ "type": "Feature", "properties": { "Easting (m)": 5748300, "Northing (m)": 4450800, "Class1": 0.04011, "Class2": 0.04955, "Class3": 0.04423, "Class4": 0.24796, "Class5": 0.57811, "Class6": 0.04005 }, "geometry": { "type": "Point", "coordinates": [ 11.284216745341373, 51.866595203338036 ] } },
{ "type": "Feature", "properties": { "Easting (m)": 5748300, "Northing (m)": 4450900, "Class1": 0.0306, "Class2": 0.03918, "Class3": 0.03368, "Class4": 0.19578, "Class5": 0.6702, "Class6": 0.03055 }, "geometry": { "type": "Point", "coordinates": [ 11.285668387691485, 51.866604013798934 ] } },
{ "type": "Feature", "properties": { "Easting (m)": 5748300, "Northing (m)": 4451000, "Class1": 0.02012, "Class2": 0.02683, "Class3": 0.02203, "Class4": 0.13439, "Class5": 0.7766, "Class6": 0.02003 }, "geometry": { "type": "Point", "coordinates": [ 11.287120030783118, 51.866612806348122 ] } },
{ "type": "Feature", "properties": { "Easting (m)": 5748300, "Northing (m)": 4451100, "Class1": 0.03387, "Class2": 0.04413, "Class3": 0.03706, "Class4": 0.24662, "Class5": 0.60477, "Class6": 0.03356 }, "geometry": { "type": "Point", "coordinates": [ 11.28857167461476, 51.866621580985587 ] } },
{ "type": "Feature", "properties": { "Easting (m)": 5748300, "Northing (m)": 4451200, "Class1": 0.04517, "Class2": 0.0571, "Class3": 0.04952, "Class4": 0.32104, "Class5": 0.48249, "Class6": 0.04468 }, "geometry": { "type": "Point", "coordinates": [ 11.2900233191849, 51.866630337711285 ] } },
{ "type": "Feature", "properties": { "Easting (m)": 5748300, "Northing (m)": 4451300, "Class1": 0.04864, "Class2": 0.06376, "Class3": 0.05257, "Class4": 0.3745, "Class5": 0.41295, "Class6": 0.04759 }, "geometry": { "type": "Point", "coordinates": [ 11.291474964492034, 51.866639076525217 ] } },
{ "type": "Feature", "properties": { "Easting (m)": 5748300, "Northing (m)": 4451400, "Class1": 0.09944, "Class2": 0.1279, "Class3": 0.43982, "Class4": 0.12828, "Class5": 0.10658, "Class6": 0.09799 }, "geometry": { "type": "Point", "coordinates": [ 11.29292661053465, 51.866647797427348 ] } },
{ "type": "Feature", "properties": { "Easting (m)": 5748300, "Northing (m)": 4451500, "Class1": 0.09698, "Class2": 0.12135, "Class3": 0.46236, "Class4": 0.12246, "Class5": 0.10112, "Class6": 0.09573 }, "geometry": { "type": "Point", "coordinates": [ 11.294378257311237, 51.866656500417683 ] } },
{ "type": "Feature", "properties": { "Easting (m)": 5748300, "Northing (m)": 4451600, "Class1": 0.10872, "Class2": 0.13594, "Class3": 0.39026, "Class4": 0.14681, "Class5": 0.11262, "Class6": 0.10565 }, "geometry": { "type": "Point", "coordinates": [ 11.295829904820291, 51.866665185496167 ] } },
{ "type": "Feature", "properties": { "Easting (m)": 5748300, "Northing (m)": 4451700, "Class1": 0.10477, "Class2": 0.13567, "Class3": 0.40769, "Class4": 0.13619, "Class5": 0.11392, "Class6": 0.10177 }, "geometry": { "type": "Point", "coordinates": [ 11.297281553060301, 51.866673852662807 ] } },
{ "type": "Feature", "properties": { "Easting (m)": 5748300, "Northing (m)": 4451800, "Class1": 0.10718, "Class2": 0.1315, "Class3": 0.40498, "Class4": 0.1431, "Class5": 0.1089, "Class6": 0.10433 }, "geometry": { "type": "Point", "coordinates": [ 11.298733202029757, 51.866682501917559 ] } },
{ "type": "Feature", "properties": { "Easting (m)": 5748300, "Northing (m)": 4451900, "Class1": 0.10224, "Class2": 0.12493, "Class3": 0.43569, "Class4": 0.13369, "Class5": 0.10343, "Class6": 0.10002 }, "geometry": { "type": "Point", "coordinates": [ 11.300184851727151, 51.866691133260424 ] } },
{ "type": "Feature", "properties": { "Easting (m)": 5748300, "Northing (m)": 4452000, "Class1": 0.09977, "Class2": 0.12243, "Class3": 0.44952, "Class4": 0.12896, "Class5": 0.10145, "Class6": 0.09787 }, "geometry": { "type": "Point", "coordinates": [ 11.301636502150972, 51.866699746691374 ] } },
{ "type": "Feature", "properties": { "Easting (m)": 5748300, "Northing (m)": 4452100, "Class1": 0.09978, "Class2": 0.12033, "Class3": 0.45407, "Class4": 0.12825, "Class5": 0.09969, "Class6": 0.09786 }, "geometry": { "type": "Point", "coordinates": [ 11.303088153299717, 51.86670834221038 ] } },
{ "type": "Feature", "properties": { "Easting (m)": 5748300, "Northing (m)": 4452200, "Class1": 0.09654, "Class2": 0.11694, "Class3": 0.47244, "Class4": 0.12182, "Class5": 0.09714, "Class6": 0.09512 }, "geometry": { "type": "Point", "coordinates": [ 11.304539805171869, 51.866716919817435 ] } },
{ "type": "Feature", "properties": { "Easting (m)": 5748300, "Northing (m)": 4452300, "Class1": 0.01757, "Class2": 0.02118, "Class3": 0.01933, "Class4": 0.84038, "Class5": 0.08418, "Class6": 0.01734 }, "geometry": { "type": "Point", "coordinates": [ 11.305991457765924, 51.866725479512489 ] } },
{ "type": "Feature", "properties": { "Easting (m)": 5748300, "Northing (m)": 4452400, "Class1": 0.02214, "Class2": 0.02562, "Class3": 0.02436, "Class4": 0.81979, "Class5": 0.0863, "Class6": 0.0218 }, "geometry": { "type": "Point", "coordinates": [ 11.307443111080373, 51.866734021295564 ] } },
{ "type": "Feature", "properties": { "Easting (m)": 5748300, "Northing (m)": 4452500, "Class1": 0.0997, "Class2": 0.11101, "Class3": 0.4765, "Class4": 0.1223, "Class5": 0.09237, "Class6": 0.09811 }, "geometry": { "type": "Point", "coordinates": [ 11.308894765113704, 51.866742545166623 ] } },
{ "type": "Feature", "properties": { "Easting (m)": 5748300, "Northing (m)": 4452600, "Class1": 0.09963, "Class2": 0.11163, "Class3": 0.47516, "Class4": 0.12275, "Class5": 0.09282, "Class6": 0.098 }, "geometry": { "type": "Point", "coordinates": [ 11.310346419864413, 51.866751051125647 ] } },
{ "type": "Feature", "properties": { "Easting (m)": 5748300, "Northing (m)": 4452700, "Class1": 0.09828, "Class2": 0.11402, "Class3": 0.47353, "Class4": 0.12306, "Class5": 0.09457, "Class6": 0.09654 }, "geometry": { "type": "Point", "coordinates": [ 11.311798075330984, 51.866759539172591 ] } },
{ "type": "Feature", "properties": { "Easting (m)": 5748300, "Northing (m)": 4452800, "Class1": 0.10403, "Class2": 0.12832, "Class3": 0.42328, "Class4": 0.13673, "Class5": 0.10619, "Class6": 0.10145 }, "geometry": { "type": "Point", "coordinates": [ 11.313249731511913, 51.866768009307464 ] } },
{ "type": "Feature", "properties": { "Easting (m)": 5748300, "Northing (m)": 4452900, "Class1": 0.11177, "Class2": 0.15746, "Class3": 0.3414, "Class4": 0.14535, "Class5": 0.13429, "Class6": 0.10973 }, "geometry": { "type": "Point", "coordinates": [ 11.314701388405691, 51.866776461530257 ] } },
{ "type": "Feature", "properties": { "Easting (m)": 5748300, "Northing (m)": 4453000, "Class1": 0.11098, "Class2": 0.16695, "Class3": 0.33411, "Class4": 0.12334, "Class5": 0.15462, "Class6": 0.10999 }, "geometry": { "type": "Point", "coordinates": [ 11.316153046010809, 51.866784895840908 ] } },
{ "type": "Feature", "properties": { "Easting (m)": 5748300, "Northing (m)": 4453100, "Class1": 0.10353, "Class2": 0.13437, "Class3": 0.42337, "Class4": 0.12061, "Class5": 0.11712, "Class6": 0.10099 }, "geometry": { "type": "Point", "coordinates": [ 11.317604704325756, 51.866793312239416 ] } },
{ "type": "Feature", "properties": { "Easting (m)": 5748300, "Northing (m)": 4453200, "Class1": 0.03755, "Class2": 0.04826, "Class3": 0.04057, "Class4": 0.5417, "Class5": 0.29533, "Class6": 0.0366 }, "geometry": { "type": "Point", "coordinates": [ 11.319056363349024, 51.866801710725781 ] } },
{ "type": "Feature", "properties": { "Easting (m)": 5748300, "Northing (m)": 4453300, "Class1": 0.02227, "Class2": 0.02869, "Class3": 0.02398, "Class4": 0.77175, "Class5": 0.13169, "Class6": 0.02162 }, "geometry": { "type": "Point", "coordinates": [ 11.320508023079102, 51.866810091299953 ] } },
{ "type": "Feature", "properties": { "Easting (m)": 5748300, "Northing (m)": 4453400, "Class1": 0.02752, "Class2": 0.0361, "Class3": 0.02945, "Class4": 0.72377, "Class5": 0.15652, "Class6": 0.02664 }, "geometry": { "type": "Point", "coordinates": [ 11.321959683514484, 51.86681845396194 ] } },
{ "type": "Feature", "properties": { "Easting (m)": 5748300, "Northing (m)": 4453500, "Class1": 0.0484, "Class2": 0.06363, "Class3": 0.05205, "Class4": 0.33924, "Class5": 0.44934, "Class6": 0.04734 }, "geometry": { "type": "Point", "coordinates": [ 11.32341134465366, 51.866826798711699 ] } },
{ "type": "Feature", "properties": { "Easting (m)": 5748300, "Northing (m)": 4453600, "Class1": 0.04753, "Class2": 0.06057, "Class3": 0.05156, "Class4": 0.4021, "Class5": 0.39165, "Class6": 0.04658 }, "geometry": { "type": "Point", "coordinates": [ 11.324863006495123, 51.866835125549215 ] } },
{ "type": "Feature", "properties": { "Easting (m)": 5748300, "Northing (m)": 4453700, "Class1": 0.04137, "Class2": 0.05052, "Class3": 0.04546, "Class4": 0.53423, "Class5": 0.28773, "Class6": 0.04069 }, "geometry": { "type": "Point", "coordinates": [ 11.326314669037359, 51.866843434474482 ] } },
{ "type": "Feature", "properties": { "Easting (m)": 5748300, "Northing (m)": 4453800, "Class1": 0.01604, "Class2": 0.01932, "Class3": 0.01752, "Class4": 0.86803, "Class5": 0.06341, "Class6": 0.01568 }, "geometry": { "type": "Point", "coordinates": [ 11.327766332278861, 51.866851725487457 ] } },
{ "type": "Feature", "properties": { "Easting (m)": 5748300, "Northing (m)": 4453900, "Class1": 0.02792, "Class2": 0.03384, "Class3": 0.03083, "Class4": 0.73846, "Class5": 0.14123, "Class6": 0.02771 }, "geometry": { "type": "Point", "coordinates": [ 11.329217996218121, 51.866859998588147 ] } },
{ "type": "Feature", "properties": { "Easting (m)": 5748300, "Northing (m)": 4454000, "Class1": 0.01897, "Class2": 0.02394, "Class3": 0.02077, "Class4": 0.80804, "Class5": 0.10955, "Class6": 0.01873 }, "geometry": { "type": "Point", "coordinates": [ 11.330669660853632, 51.866868253776516 ] } },
{ "type": "Feature", "properties": { "Easting (m)": 5748300, "Northing (m)": 4454100, "Class1": 0.02582, "Class2": 0.03355, "Class3": 0.02811, "Class4": 0.72023, "Class5": 0.1668, "Class6": 0.02549 }, "geometry": { "type": "Point", "coordinates": [ 11.332121326072336, 51.866876491083978 ] } },
{ "type": "Feature", "properties": { "Easting (m)": 5748300, "Northing (m)": 4454200, "Class1": 0.02139, "Class2": 0.02667, "Class3": 0.02297, "Class4": 0.82115, "Class5": 0.08708, "Class6": 0.02074 }, "geometry": { "type": "Point", "coordinates": [ 11.333572991287866, 51.86688471067545 ] } },
{ "type": "Feature", "properties": { "Easting (m)": 5748300, "Northing (m)": 4454300, "Class1": 0.05133, "Class2": 0.06062, "Class3": 0.05651, "Class4": 0.45141, "Class5": 0.32945, "Class6": 0.05068 }, "geometry": { "type": "Point", "coordinates": [ 11.335024657195188, 51.86689291235465 ] } },
{ "type": "Feature", "properties": { "Easting (m)": 5748300, "Northing (m)": 4454400, "Class1": 0.00748, "Class2": 0.00938, "Class3": 0.00815, "Class4": 0.93098, "Class5": 0.03669, "Class6": 0.00732 }, "geometry": { "type": "Point", "coordinates": [ 11.336476323792786, 51.866901096121566 ] } },
{ "type": "Feature", "properties": { "Easting (m)": 5748300, "Northing (m)": 4454500, "Class1": 0.03744, "Class2": 0.04404, "Class3": 0.04142, "Class4": 0.66574, "Class5": 0.17409, "Class6": 0.03728 }, "geometry": { "type": "Point", "coordinates": [ 11.337927991079155, 51.866909261976176 ] } },
{ "type": "Feature", "properties": { "Easting (m)": 5748300, "Northing (m)": 4454600, "Class1": 0.02216, "Class2": 0.02552, "Class3": 0.02434, "Class4": 0.82101, "Class5": 0.08517, "Class6": 0.0218 }, "geometry": { "type": "Point", "coordinates": [ 11.339379659052785, 51.866917409918443 ] } },
{ "type": "Feature", "properties": { "Easting (m)": 5748300, "Northing (m)": 4454700, "Class1": 0.03211, "Class2": 0.03902, "Class3": 0.03536, "Class4": 0.6922, "Class5": 0.16941, "Class6": 0.0319 }, "geometry": { "type": "Point", "coordinates": [ 11.340831327712166, 51.866925539948362 ] } },
{ "type": "Feature", "properties": { "Easting (m)": 5748300, "Northing (m)": 4454800, "Class1": 0.04423, "Class2": 0.05346, "Class3": 0.0486, "Class4": 0.57528, "Class5": 0.2343, "Class6": 0.04413 }, "geometry": { "type": "Point", "coordinates": [ 11.342282997055788, 51.866933652065917 ] } },
{ "type": "Feature", "properties": { "Easting (m)": 5748300, "Northing (m)": 4454900, "Class1": 0.03165, "Class2": 0.03737, "Class3": 0.03477, "Class4": 0.70893, "Class5": 0.15586, "Class6": 0.03141 }, "geometry": { "type": "Point", "coordinates": [ 11.343734667082144, 51.866941746271088 ] } },
{ "type": "Feature", "properties": { "Easting (m)": 5748300, "Northing (m)": 4455000, "Class1": 0.0357, "Class2": 0.04081, "Class3": 0.0393, "Class4": 0.69157, "Class5": 0.15717, "Class6": 0.03546 }, "geometry": { "type": "Point", "coordinates": [ 11.345186337789722, 51.866949822563839 ] } },
{ "type": "Feature", "properties": { "Easting (m)": 5748300, "Northing (m)": 4455100, "Class1": 0.0364, "Class2": 0.04077, "Class3": 0.04006, "Class4": 0.69779, "Class5": 0.14886, "Class6": 0.03612 }, "geometry": { "type": "Point", "coordinates": [ 11.346638009177013, 51.866957880944192 ] } },
{ "type": "Feature", "properties": { "Easting (m)": 5748300, "Northing (m)": 4455200, "Class1": 0.04466, "Class2": 0.04863, "Class3": 0.04926, "Class4": 0.64753, "Class5": 0.16549, "Class6": 0.04442 }, "geometry": { "type": "Point", "coordinates": [ 11.348089681242509, 51.866965921412067 ] } },
{ "type": "Feature", "properties": { "Easting (m)": 5748300, "Northing (m)": 4455300, "Class1": 0.04556, "Class2": 0.04845, "Class3": 0.05011, "Class4": 0.65367, "Class5": 0.157, "Class6": 0.04521 }, "geometry": { "type": "Point", "coordinates": [ 11.349541353984701, 51.866973943967494 ] } },
{ "type": "Feature", "properties": { "Easting (m)": 5748300, "Northing (m)": 4455400, "Class1": 0.04211, "Class2": 0.0442, "Class3": 0.04601, "Class4": 0.69732, "Class5": 0.12892, "Class6": 0.04144 }, "geometry": { "type": "Point", "coordinates": [ 11.350993027402078, 51.866981948610423 ] } },
{ "type": "Feature", "properties": { "Easting (m)": 5748300, "Northing (m)": 4455500, "Class1": 0.03772, "Class2": 0.04002, "Class3": 0.04111, "Class4": 0.72444, "Class5": 0.11972, "Class6": 0.03699 }, "geometry": { "type": "Point", "coordinates": [ 11.352444701493134, 51.866989935340854 ] } },
{ "type": "Feature", "properties": { "Easting (m)": 5748300, "Northing (m)": 4455600, "Class1": 0.02788, "Class2": 0.03045, "Class3": 0.03028, "Class4": 0.78511, "Class5": 0.09902, "Class6": 0.02726 }, "geometry": { "type": "Point", "coordinates": [ 11.353896376256355, 51.866997904158758 ] } },
{ "type": "Feature", "properties": { "Easting (m)": 5748300, "Northing (m)": 4455700, "Class1": 0.02089, "Class2": 0.02348, "Class3": 0.02258, "Class4": 0.83148, "Class5": 0.08122, "Class6": 0.02036 }, "geometry": { "type": "Point", "coordinates": [ 11.355348051690237, 51.867005855064129 ] } },
{ "type": "Feature", "properties": { "Easting (m)": 5748300, "Northing (m)": 4455800, "Class1": 0.01783, "Class2": 0.02053, "Class3": 0.01919, "Class4": 0.85116, "Class5": 0.07396, "Class6": 0.01733 }, "geometry": { "type": "Point", "coordinates": [ 11.356799727793263, 51.867013788056923 ] } },
{ "type": "Feature", "properties": { "Easting (m)": 5748300, "Northing (m)": 4455900, "Class1": 0.01748, "Class2": 0.02057, "Class3": 0.01876, "Class4": 0.84682, "Class5": 0.07941, "Class6": 0.01696 }, "geometry": { "type": "Point", "coordinates": [ 11.35825140456393, 51.867021703137155 ] } },
{ "type": "Feature", "properties": { "Easting (m)": 5748300, "Northing (m)": 4456000, "Class1": 0.02131, "Class2": 0.02557, "Class3": 0.02284, "Class4": 0.79626, "Class5": 0.11335, "Class6": 0.02067 }, "geometry": { "type": "Point", "coordinates": [ 11.359703082000729, 51.867029600304775 ] } },
{ "type": "Feature", "properties": { "Easting (m)": 5748300, "Northing (m)": 4456100, "Class1": 0.03247, "Class2": 0.03965, "Class3": 0.03478, "Class4": 0.64959, "Class5": 0.21199, "Class6": 0.03153 }, "geometry": { "type": "Point", "coordinates": [ 11.361154760102144, 51.86703747955977 ] } },
{ "type": "Feature", "properties": { "Easting (m)": 5748200, "Northing (m)": 4450500, "Class1": 0.04872, "Class2": 0.05727, "Class3": 0.05309, "Class4": 0.4637, "Class5": 0.32933, "Class6": 0.04788 }, "geometry": { "type": "Point", "coordinates": [ 11.279876157312104, 51.865669980182389 ] } },
{ "type": "Feature", "properties": { "Easting (m)": 5748200, "Northing (m)": 4450600, "Class1": 0.05721, "Class2": 0.06726, "Class3": 0.0624, "Class4": 0.37554, "Class5": 0.38118, "Class6": 0.05641 }, "geometry": { "type": "Point", "coordinates": [ 11.281327768503683, 51.865678844098447 ] } },
{ "type": "Feature", "properties": { "Easting (m)": 5748200, "Northing (m)": 4450700, "Class1": 0.05165, "Class2": 0.06249, "Class3": 0.05637, "Class4": 0.34279, "Class5": 0.43569, "Class6": 0.05101 }, "geometry": { "type": "Point", "coordinates": [ 11.28277938044126, 51.865687690103421 ] } },
{ "type": "Feature", "properties": { "Easting (m)": 5748200, "Northing (m)": 4450800, "Class1": 0.04163, "Class2": 0.05177, "Class3": 0.04559, "Class4": 0.2844, "Class5": 0.53532, "Class6": 0.04129 }, "geometry": { "type": "Point", "coordinates": [ 11.28423099312332, 51.865696518197318 ] } },
{ "type": "Feature", "properties": { "Easting (m)": 5748200, "Northing (m)": 4450900, "Class1": 0.03293, "Class2": 0.04191, "Class3": 0.03616, "Class4": 0.21871, "Class5": 0.6375, "Class6": 0.03279 }, "geometry": { "type": "Point", "coordinates": [ 11.285682606548352, 51.865705328380088 ] } },
{ "type": "Feature", "properties": { "Easting (m)": 5748200, "Northing (m)": 4451000, "Class1": 0.02509, "Class2": 0.03273, "Class3": 0.02753, "Class4": 0.16421, "Class5": 0.72544, "Class6": 0.02501 }, "geometry": { "type": "Point", "coordinates": [ 11.287134220714856, 51.865714120651724 ] } },
{ "type": "Feature", "properties": { "Easting (m)": 5748200, "Northing (m)": 4451100, "Class1": 0.02907, "Class2": 0.03763, "Class3": 0.03195, "Class4": 0.19303, "Class5": 0.67935, "Class6": 0.02897 }, "geometry": { "type": "Point", "coordinates": [ 11.288585835621316, 51.865722895012198 ] } },
{ "type": "Feature", "properties": { "Easting (m)": 5748200, "Northing (m)": 4451200, "Class1": 0.03445, "Class2": 0.04407, "Class3": 0.03799, "Class4": 0.22788, "Class5": 0.62126, "Class6": 0.03435 }, "geometry": { "type": "Point", "coordinates": [ 11.290037451266226, 51.865731651461502 ] } },
{ "type": "Feature", "properties": { "Easting (m)": 5748200, "Northing (m)": 4451300, "Class1": 0.02886, "Class2": 0.03795, "Class3": 0.03173, "Class4": 0.20106, "Class5": 0.6717, "Class6": 0.02871 }, "geometry": { "type": "Point", "coordinates": [ 11.291489067648076, 51.865740389999623 ] } },
{ "type": "Feature", "properties": { "Easting (m)": 5748200, "Northing (m)": 4451400, "Class1": 0.04616, "Class2": 0.06341, "Class3": 0.04952, "Class4": 0.3192, "Class5": 0.47662, "Class6": 0.0451 }, "geometry": { "type": "Point", "coordinates": [ 11.292940684765357, 51.865749110626503 ] } },
{ "type": "Feature", "properties": { "Easting (m)": 5748200, "Northing (m)": 4451500, "Class1": 0.09954, "Class2": 0.12353, "Class3": 0.44751, "Class4": 0.12919, "Class5": 0.10245, "Class6": 0.09779 }, "geometry": { "type": "Point", "coordinates": [ 11.294392302616561, 51.86575781334215 ] } },
{ "type": "Feature", "properties": { "Easting (m)": 5748200, "Northing (m)": 4451600, "Class1": 0.09854, "Class2": 0.11761, "Class3": 0.46397, "Class4": 0.12545, "Class5": 0.09756, "Class6": 0.09688 }, "geometry": { "type": "Point", "coordinates": [ 11.295843921200179, 51.865766498146542 ] } },
{ "type": "Feature", "properties": { "Easting (m)": 5748200, "Northing (m)": 4451700, "Class1": 0.10484, "Class2": 0.12608, "Class3": 0.42465, "Class4": 0.13768, "Class5": 0.1044, "Class6": 0.10235 }, "geometry": { "type": "Point", "coordinates": [ 11.297295540514705, 51.865775165039643 ] } },
{ "type": "Feature", "properties": { "Easting (m)": 5748200, "Northing (m)": 4451800, "Class1": 0.10112, "Class2": 0.12635, "Class3": 0.43812, "Class4": 0.13034, "Class5": 0.10549, "Class6": 0.09859 }, "geometry": { "type": "Point", "coordinates": [ 11.298747160558623, 51.865783814021448 ] } },
{ "type": "Feature", "properties": { "Easting (m)": 5748200, "Northing (m)": 4451900, "Class1": 0.10465, "Class2": 0.12686, "Class3": 0.42345, "Class4": 0.13777, "Class5": 0.10514, "Class6": 0.10214 }, "geometry": { "type": "Point", "coordinates": [ 11.300198781330431, 51.865792445091934 ] } },
{ "type": "Feature", "properties": { "Easting (m)": 5748200, "Northing (m)": 4452000, "Class1": 0.10115, "Class2": 0.12055, "Class3": 0.44884, "Class4": 0.13039, "Class5": 0.0999, "Class6": 0.09917 }, "geometry": { "type": "Point", "coordinates": [ 11.301650402828617, 51.865801058251073 ] } },
{ "type": "Feature", "properties": { "Easting (m)": 5748200, "Northing (m)": 4452100, "Class1": 0.0999, "Class2": 0.11935, "Class3": 0.45555, "Class4": 0.12818, "Class5": 0.09894, "Class6": 0.09808 }, "geometry": { "type": "Point", "coordinates": [ 11.303102025051674, 51.865809653498857 ] } },
{ "type": "Feature", "properties": { "Easting (m)": 5748200, "Northing (m)": 4452200, "Class1": 0.09652, "Class2": 0.1181, "Class3": 0.47, "Class4": 0.122, "Class5": 0.09819, "Class6": 0.0952 }, "geometry": { "type": "Point", "coordinates": [ 11.304553647998089, 51.865818230835245 ] } },
{ "type": "Feature", "properties": { "Easting (m)": 5748200, "Northing (m)": 4452300, "Class1": 0.0126, "Class2": 0.01521, "Class3": 0.01383, "Class4": 0.88937, "Class5": 0.0566, "Class6": 0.01239 }, "geometry": { "type": "Point", "coordinates": [ 11.306005271666359, 51.865826790260236 ] } },
{ "type": "Feature", "properties": { "Easting (m)": 5748200, "Northing (m)": 4452400, "Class1": 0.10144, "Class2": 0.11584, "Class3": 0.45933, "Class4": 0.1276, "Class5": 0.09621, "Class6": 0.09958 }, "geometry": { "type": "Point", "coordinates": [ 11.307456896054971, 51.865835331773809 ] } },
{ "type": "Feature", "properties": { "Easting (m)": 5748200, "Northing (m)": 4452500, "Class1": 0.09993, "Class2": 0.11454, "Class3": 0.4669, "Class4": 0.12523, "Class5": 0.09515, "Class6": 0.09825 }, "geometry": { "type": "Point", "coordinates": [ 11.308908521162419, 51.865843855375935 ] } },
{ "type": "Feature", "properties": { "Easting (m)": 5748200, "Northing (m)": 4452600, "Class1": 0.097, "Class2": 0.11555, "Class3": 0.47381, "Class4": 0.12223, "Class5": 0.09592, "Class6": 0.0955 }, "geometry": { "type": "Point", "coordinates": [ 11.31036014698719, 51.865852361066594 ] } },
{ "type": "Feature", "properties": { "Easting (m)": 5748200, "Northing (m)": 4452700, "Class1": 0.09626, "Class2": 0.11959, "Class3": 0.46876, "Class4": 0.12059, "Class5": 0.09971, "Class6": 0.09509 }, "geometry": { "type": "Point", "coordinates": [ 11.311811773527776, 51.865860848845777 ] } },
{ "type": "Feature", "properties": { "Easting (m)": 5748200, "Northing (m)": 4452800, "Class1": 0.0991, "Class2": 0.12696, "Class3": 0.44675, "Class4": 0.1222, "Class5": 0.10681, "Class6": 0.0981867 }, "geometry": { "type": "Point", "coordinates": [ 11.313263400782672, 51.865869318713436 ] } }
]
}
